"Host","Comparison","Regulation","Base mean","Log2 fold change","Gene name","Sequence"
"Mentha x piperita","653 vs control","up",124.3,3.5,"FB30_ARATH","TTTCTTTTTTTTTTTTTTTTTCTTACAGTAGGGTAGGATAATAGTAGAGGATGGATCGACTTGTTGTGACGCGTCAATTTGGCAGCGACCATCGGTATCTAGATGATATTTCAACTCAAGACCTTTCTCATCGACTATTTGATCATCTTTACTTTTTATCAACAAATGACCATACCAATTTGGTTAGCTGCAACGGGCTGTTGTGTTTCTATTCCTATTGCTCCGCTACTGACGGTCGGGTTGTTCTTTACAATCCGACCACTCGCCGGTTGAAATTCCTTCCTCCGGCCAAACAACTTCCCAATTTATTTAAATATATCTTCAACTCTTGTGGTTTTGGATATGATCCGGCTTCAAATGACTACAAGGTCATTAGAAACTATGATCTTATTCAGGTGGATGAAAATGGATCTTACAGGAATTCCGTCACAAAGTTTCAACTCTACTCCTTGGCAACTGATTCTTGGAATGAGATTCCGGCCCCTACACCTAACTTTACCTTGGGTACTCGACAGGCCCCTGTTTTCCTCAATGGTAGTTGTTATTGGACAGCGGCCTTCTCTTATACCGAGGGGGTTCTTGCATTTGATTTTTCCTTGCAAAAATTTTCTTCCTTTGACCTGCCACCAATGGCTCCTGACACCAAATTATATCTCGTGGAGATTAATACATCATTATGTGTTATTTTGTATGACGATATAGGTGGAAAGTATAAGTCGTTTAAGATTTGGCAGTGGACGGGAGAGGGATGGATGCAATTATTCAATGAGCTTATTATCTTTGATGTAAAGATTCCGTTGGGTTTTAGAGATAAGTTTTTGTTTCTTGAGAGAGAAATTGACAGGAAGTTCAGTCAAGTACTAGTTTGTGATTTGAGCACTAGAAAGTTGAGGAAGATTGGTGTACTTGATTACCCCGGTGTGATGAGAATTGTTTCTCTTCATGAGACATCATATGTGATGCCGAATGAGATATCAACGAGTACTTATCAAAGTGAAGAAAGTTGGAACGAGTATTGGCGTAGATGCAAAGCGGTGGAAAATCATGCATGATTCTGTCCAGTGTAGTGTAGTGTAGTGGCTCCTTATTTATAGATTAGTGGTCCCTTTTTAATTTTAAATTTGAGTTAATGTGAGTTAGTGGTAAATTTGAATGTTAGGTACCAATGACGAAGACATGTATTTGTACTATTACTATTAAACTATCCTTGGTTCTTGTTTGTTCTTTTTAGTTTTCGGTGCCAAATTTGATTCATCTACTAACTTTTAAGAATTTTAACTACTCTTTGATTTTTGT"
"Mentha x piperita","653 vs control","up",41,3.5,"PMTK_ARATH","GCTAGCAATAATTCCCTTCTTCATTTTGAAATGCCTGCAGCCAATCTAGAAAAGGAAATAATTTTGATTAATTCATAATACTTCAGTCAGTTTCAGTTGGAAAATCACAGGAAGAAAATATAATAATTCCTGCAACTGACATAGATTCGTTACTACTTAGTTACTACAACGAGATGTAATAAAAATTATTTTTATACACAGAAATCATAACCCTAAAAAGCATGTAATTTAGTTAATTTACCCAGAATTTTTGGTGGAATAGTACCATAGTTCCTTCTGGCAAATTAATATCTTCTCATTTAGGTCTCCACGTTCATTGTCTTCCTTCCGGCAACTCCATCTCATCCCTCTACCCAAGGTAGCTATGGCGTCGACGAAATACGTCGACTCTCGGATTATCGCGTACCCGTACGGCCGTAGAATCCGGTCCATCTCCAGCATCACGTACTTCATCTCACACCTGTGACTTTCGGCGGTGAAGAGGCCGTCTAGATGAAGGAGGTCGTACGTTCGGGGATATGTGGAGAAGGCCTCACACCAGTCGTGATAGGTTCCGACGAGGCCCCGGTCGTACACCACTGGAAGCGTGTTTGTCGAGTACGAAGAAACGACGTTCATAACCCAAAGCGGTTGATCTATCAAAGCAGCTGCAAATCCTCCATAAACAGTGTTCATATCCATAACATTTCTAATCTTATTTGTTCCCAAAGAAGTAAGCAGCTTCTTATAATGTTTAACCATCGTCTCCCACTTGCTTCCATCGCGTTTAAAACCAGGCCTACTTCCGCCACGATGATCACCAACTCGATCCGGATAAGCATGCAATCTCTTGGGCCATTTCGCCAAAGAGCTCAATGCCGTTGTACTCTCGTGCTTTGGGTCCGGTACCACAAGGCAAGGCATCATCGGGTTGTACCATGCTGCATCGGGTTCGGTACCATCATTGCACTTCGGAGGGTAGTTAGTTGGGACCTCGAGTTCTTGATAGCAGCTGTTGTTCAAAGATAGTTTCTGCCAAACGGATATATCGCCCTTCTGGTCGTACAATTTGAAACACATTGAGGTGAGCAGCTCTTGGAGTTTTTCGTAATTTGATCTCTGCTCTTCTATAGTTGAATTCCATCCCTTTGATCGTCTCTGATAATTAATCGGGGGGCCCGAGAGTACCCAGAAGCCCCCAGTTCGAAGAATACGGTGTATTTCTAAGAGGTATATTCCACCGTATTCAGTCCACGGAATGAGGCACCTTGAGCAATGTGCCATGTCAAATGAGTTTGCAGGAAAAGGAAGTCTCTGTGTCGAGATGATTCCCAGCATTGCAGGGATGCCACGTTCCAACGCAAACTGAACTTGAGCTTCATGGTTATCTCTTGGAGCAAGAGAGATAGTCAGAATCCCACGGTCTAGTAAATCACCACCCCAACTAGCCACCCCACATCCCGTGTCAATGGCAGTTCGAATAGTTCCATCCTTCATAGCTGGGATCAAATCTTGCATCAAATCAACATATTTACTAACACCTTTCGGGAACATAGTACCGCCTCCGGGGAAGAGAAATTTCTCCCCTTCTTTCTGCAGCCAATGTTGATTTGATTTCTGTTTATTAATCCAATCATAAGGAACATTCCTATACCAACATTCATCCCTACTCTTCGGCCACCTTATTGGGGACTTATATCCATCGGGTGGTGGAACTAGGCACTCCTTCCTCTCCAATGCCGGAGGGCAATGACGCTCCAAAAAAGAAAGCCGATAACGATTGTATCTCCTCCACCTCTGCGGATCAGTGCAGGGTGTGCAATCTTGAAAACTCGATTCACATTCAGGAAACGTAACAGCTTCGATTCGGAGGGGTACGATTGCTACTTCTTTTGAAGATTGAATCACATTACCAAAATCCAACATCCCATATTTGTATTTCTGTGAACAAAATAGCCCACCAAGATAGAAAGATGCCCCACACAGCACGATCAGCAATAGTGCTGTCGACACTGTTCTAGAATTCTTTCCCTCTTCCTGCTTCATGGTGTTGTAATTTTTCTAAAGATTCTGCAGATATACAAGACTAGTTGAATTAATTAGTACATCATATAAATTAAATCAATTTTTACAAAAAATGTCAGAAATTAGAAAATCATCATAAATTAGAGAGGCAAAACTTTGAACAGTTTGTATATCAGTGGAATTGATAACTCAACTCATCTCGGTTATGCTAAATATATCAAGAAAAAGAAAGCAAAGAAAGATCTATACATTTAAATTGCATCACATAATAAAGAAGTTGCAACCATGTAATAAATCTCTGAAAAATATGCAACAAAACACCAAATGCAGAAGGAAATTCAAGCAGCAGTTAACAGTCGAAACCAAGATTTCGATTATGAGGAAGACAAACTATAAGAACTAGAAGCTCGAAGACTTCAATCTAGCACGAGGAGAGAGAGAGAGTGGGAGAAACAAGGGACTAATGCAGATTTTAGAGGTGAAGACAGGGCATTATTAAAGGACTTTATGAAGTTCGAAAACCAAAAGATGAGATTATAATAGGTACATAACGCTGTGTCAGTCTAACTTTTATAAATTCACATGATAATGGGCCCAACACTTTATGAATTTTTCTGCAGACTGTTGAGGACCAACTTCACCACTAAAGTCAGAAAAGATGGAGCAAAAGTAAATAAAATTCAATCAATGTCACCTAACCATCATGCAAACAAAGTTAAAGTCAAGAGTACTGTCAATATATGGATATAAATACATATATAAATTCAGCTCAGCACTAAAACAGGTTCAGCTTCTCCTGCATATTAAGAAAGGCAGAAATCTGGAAATCATCTATGGATATCAACCTCAAATGGAATTAGTTCAACACAAAAGACAAGGACATAAGCACCGGGAAATGGAATCCCCGAGCAACAAAACACACACACACTCCCCAAGCTAGAAAATGAGGAATTTAAAGAATATACTAGTAACACTTTGTGCCCGTGTGTGTATTTTTGGGCTAAAAGATTACATCTTTGTATCAACTATGACCACAACTCAAATTCTTGCTTCAAATATCAAAAATATGACAGGAAAAATAAAGACGTTCACCTAAATCTGATCAAAATAATCACAGCCCATATGAAACGTTGGCTAAAAATATGAAAACATAAAAAAGAAAATCAAAGAAACCTGAAAAACAGAGGGTTCCTTGTACAGAAAATGAGTAATACAAGCTGGGATCTTCAAGAATTCTAGCTCGTCAAATCAAATCGATGGCTGCAATGGGGGAAACTCCTTTAAACTATAGATACTTGATGAACAAGAGATAAGAGAGAATGCAAGAAAGCTAATGTTGTAAAGGGGATTCAGGAGATTCACAAGCCCAAATACACTCACACATGCATGTTTGTCCTTTATCAACTCTCCATCTC"
"Mentha x piperita","653 vs control","up",121.8,3.4,"CO1A1_HUMAN","CGGGGTCGGAGCAGGAGGCACGCGGAGTGTGAGGCCACGCATGAGCGGACGCTAACCCCCTCCCCAGCCACAAAGAGTCTACATGTCTAGGGTCTAGACATGTTCAGCTTTGTGGACCTCCGGCTCCTGCTCCTCTTAGCGGCCACCGCCCTCCTGACGCACGGCCAAGAGGAAGGCCAAGTCGAGGGCCAAGACGAAGACATCCCACCAATCACCTGCGTACAGAACGGCCTCAGGTACCATGACCGAGACGTGTGGAAACCCGAGCCCTGCCGGATCTGCGTCTGCGACAACGGCAAGGTGTTGTGCGATGACGTGATCTGTGACGAGACCAAGAACTGCCCCGGCGCCGAAGTCCCCGAGGGCGAGTGCTGTCCCGTCTGCCCCGACGGCTCAGAGTCACCCACCGACCAAGAAACCACCGGCGTCGAGGGACCCAAGGGAGACACTGGCCCCCGAGGCCCAAGGGGACCCGCAGGCCCCCCTGGCCGAGATGGCATCCCTGGACAGCCTGGACTTCCCGGACCCCCCGGACCCCCCGGACCTCCCGGACCCCCTGGCCTCGGAGGAAACTTTGCTCCCCAGCTGTCTTATGGCTATGATGAGAAATCAACCGGAGGAATTTCCGTGCCTGGCCCCATGGGTCCCTCTGGTCCTCGTGGTCTCCCTGGCCCCCCTGGTGCACCTGGTCCCCAAGGCTTCCAAGGTCCCCCTGGTGAGCCTGGCGAGCCTGGAGCTTCAGGTCCCATGGGTCCCCGAGGTCCCCCAGGTCCCCCTGGAAAGAATGGAGATGATGGGGAAGCTGGAAAACCTGGTCGTCCTGGTGAGCGTGGGCCTCCTGGGCCTCAGGGTGCTCGAGGATTGCCCGGAACAGCTGGCCTCCCTGGAATGAAGGGACACAGAGGTTTCAGTGGTTTGGATGGTGCCAAGGGAGATGCTGGTCCTGCTGGTCCTAAGGGTGAGCCTGGCAGCCCTGGTGAAAATGGAGCTCCTGGTCAGATGGGCCCCCGTGGCCTGCCTGGTGAGAGAGGTCGCCCTGGAGCCCCTGGCCCTGCTGGTGCTCGTGGAAATGATGGTGCTACTGGTGCTGCCGGGCCCCCTGGTCCCACCGGCCCCGCTGGTCCTCCTGGCTTCCCTGGTGCTGTTGGTGCTAAGGGTGAAGCTGGTCCCCAAGGGCCCCGAGGCTCTGAAGGTCCCCAGGGTGTGCGTGGTGAGCCTGGCCCCCCTGGCCCTGCTGGTGCTGCTGGCCCTGCTGGAAACCCTGGTGCTGATGGACAGCCTGGTGCTAAAGGTGCCAATGGTGCTCCTGGTATTGCTGGTGCTCCTGGCTTCCCTGGTGCCCGAGGCCCCTCTGGACCCCAGGGCCCCGGCGGCCCTCCTGGTCCCAAGGGTAACAGCGGTGAACCTGGTGCTCCTGGCAGCAAAGGAGACACTGGTGCTAAGGGAGAGCCTGGCCCTGTTGGTGTTCAAGGACCCCCTGGCCCTGCTGGAGAGGAAGGAAAGCGAGGAGCTCGAGGTGAACCCGGACCCACTGGCCTGCCCGGACCCCCTGGCGAGCGTGGTGGACCTGGTAGCCGTGGTTTCCCTGGCGCAGATGGTGTTGCTGGTCCCAAGGGTCCCGCTGGTGAACGTGGTTCTCCTGGCCCTGCTGGCCCCAAAGGATCTCCTGGTGAAGCTGGTCGTCCCGGTGAAGCTGGTCTGCCTGGTGCCAAGGGTCTGACTGGAAGCCCTGGCAGCCCTGGTCCTGATGGCAAAACTGGCCCCCCTGGTCCCGCCGGTCAAGATGGTCGCCCCGGACCCCCAGGCCCACCTGGTGCCCGTGGTCAGGCTGGTGTGATGGGATTCCCTGGACCTAAAGGTGCTGCTGGAGAGCCCGGCAAGGCTGGAGAGCGAGGTGTTCCCGGACCCCCTGGCGCTGTCGGTCCTGCTGGCAAAGATGGAGAGGCTGGAGCTCAGGGACCCCCTGGCCCTGCTGGTCCCGCTGGCGAGAGAGGTGAACAAGGCCCTGCTGGCTCCCCCGGATTCCAGGGTCTCCCTGGTCCTGCTGGTCCTCCAGGTGAAGCAGGCAAACCTGGTGAACAGGGTGTTCCTGGAGACCTTGGCGCCCCTGGCCCCTCTGGAGCAAGAGGCGAGAGAGGTTTCCCTGGCGAGCGTGGTGTGCAAGGTCCCCCTGGTCCTGCTGGTCCCCGAGGGGCCAACGGTGCTCCCGGCAACGATGGTGCTAAGGGTGATGCTGGTGCCCCTGGAGCTCCCGGTAGCCAGGGCGCCCCTGGCCTTCAGGGAATGCCTGGTGAACGTGGTGCAGCTGGTCTTCCAGGGCCTAAGGGTGACAGAGGTGATGCTGGTCCCAAAGGTGCTGATGGCTCTCCTGGCAAAGATGGCGTCCGTGGTCTGACCGGCCCCATTGGTCCTCCTGGCCCTGCTGGTGCCCCTGGTGACAAGGGTGAAAGTGGTCCCAGCGGCCCTGCTGGTCCCACTGGAGCTCGTGGTGCCCCCGGAGACCGTGGTGAGCCTGGTCCCCCCGGCCCTGCTGGCTTTGCTGGCCCCCCTGGTGCTGACGGCCAACCTGGTGCTAAAGGCGAACCTGGTGATGCTGGTGCTAAAGGCGATGCTGGTCCCCCTGGCCCTGCCGGACCCGCTGGACCCCCTGGCCCCATTGGTAATGTTGGTGCTCCTGGAGCCAAAGGTGCTCGCGGCAGCGCTGGTCCCCCTGGTGCTACTGGTTTCCCTGGTGCTGCTGGCCGAGTCGGTCCTCCTGGCCCCTCTGGAAATGCTGGACCCCCTGGCCCTCCTGGTCCTGCTGGCAAAGAAGGCGGCAAAGGTCCCCGTGGTGAGACTGGCCCTGCTGGACGTCCTGGTGAAGTTGGTCCCCCTGGTCCCCCTGGCCCTGCTGGCGAGAAAGGATCCCCTGGTGCTGATGGTCCTGCTGGTGCTCCTGGTACTCCCGGGCCTCAAGGTATTGCTGGACAGCGTGGTGTGGTCGGCCTGCCTGGTCAGAGAGGAGAGAGAGGCTTCCCTGGTCTTCCTGGCCCCTCTGGTGAACCTGGCAAACAAGGTCCCTCTGGAGCAAGTGGTGAACGTGGTCCCCCTGGTCCCATGGGCCCCCCTGGATTGGCTGGACCCCCTGGTGAATCTGGACGTGAGGGGGCTCCTGGTGCCGAAGGTTCCCCTGGACGAGACGGTTCTCCTGGCGCCAAGGGTGACCGTGGTGAGACCGGCCCCGCTGGACCCCCTGGTGCTCCTGGTGCTCCTGGTGCCCCTGGCCCCGTTGGCCCTGCTGGCAAGAGTGGTGATCGTGGTGAGACTGGTCCTGCTGGTCCCGCCGGTCCTGTCGGCCCTGTTGGCGCCCGTGGCCCCGCCGGACCCCAAGGCCCCCGTGGTGACAAGGGTGAGACAGGCGAACAGGGCGACAGAGGCATAAAGGGTCACCGTGGCTTCTCTGGCCTCCAGGGTCCCCCTGGCCCTCCTGGCTCTCCTGGTGAACAAGGTCCCTCTGGAGCCTCTGGTCCTGCTGGTCCCCGAGGTCCCCCTGGCTCTGCTGGTGCTCCTGGCAAAGATGGACTCAACGGTCTCCCTGGCCCCATTGGGCCCCCTGGTCCTCGCGGTCGCACTGGTGATGCTGGTCCTGTTGGTCCCCCCGGCCCTCCTGGACCTCCTGGTCCCCCTGGTCCTCCCAGCGCTGGTTTCGACTTCAGCTTCCTGCCCCAGCCACCTCAAGAGAAGGCTCACGATGGTGGCCGCTACTACCGGGCTGATGATGCCAATGTGGTTCGTGACCGTGACCTCGAGGTGGACACCACCCTCAAGAGCCTGAGCCAGCAGATCGAGAACATCCGGAGCCCAGAGGGCAGCCGCAAGAACCCCGCCCGCACCTGCCGTGACCTCAAGATGTGCCACTCTGACTGGAAGAGTGGAGAGTACTGGATTGACCCCAACCAAGGCTGCAACCTGGATGCCATCAAAGTCTTCTGCAACATGGAGACTGGTGAGACCTGCGTGTACCCCACTCAGCCCAGTGTGGCCCAGAAGAACTGGTACATCAGCAAGAACCCCAAGGACAAGAGGCATGTCTGGTTCGGCGAGAGCATGACCGATGGATTCCAGTTCGAGTATGGCGGCCAGGGCTCCGACCCTGCCGATGTGGCCATCCAGCTGACCTTCCTGCGCCTGATGTCCACCGAGGCCTCCCAGAACATCACCTACCACTGCAAGAACAGCGTGGCCTACATGGACCAGCAGACTGGCAACCTCAAGAAGGCCCTGCTCCTCCAGGGCTCCAACGAGATCGAGATCCGCGCCGAGGGCAACAGCCGCTTCACCTACAGCGTCACTGTCGATGGCTGCACGAGTCACACCGGAGCCTGGGGCAAGACAGTGATTGAATACAAAACCACCAAGACCTCCCGCCTGCCCATCATCGATGTGGCCCCCTTGGACGTTGGTGCCCCAGACCAGGAATTCGGCTTCGACGTTGGCCCTGTCTGCTTCCTGTAAACTCCCTCCATCCCAACCTGGCTCCCTCCCACCCAACCAACTTTCCCCCCAACCCGGAAACAGACAAGCAACCCAAACTGAACCCCCTCAAAAGCCAAAAAATGGGAGACAATTTCACATGGACTTTGGAAAATATTTTTTTCCTTTGCATTCATCTCTCAAACTTAGTTTTTATCTTTGACCAACCGAACATGACCAAAAACCA"
"Mentha x piperita","653 vs control","up",20.3,2.8,"-","TTTGGGAAATTGTCTATTTTTCTTTTTTATATCATTTCTATATGTAGGCCATGATTATTACATATTTGTAGCATTCCACATTTCACTATGCATTCCAATCTAAATTCACAATGTATTTGCTCCAACAAAACTATAAGTGTAACCCTAAACTTTGTCGATCGTTGAACTTTGAGTTCAGCTCGGCTAATGATGGTAACCTGCAGCCGCTACCTACGGTTCTGCTCCACCAAGCCTTGATTTCATCCTCTAGAAAGTCATGGTTGGAGATGTATTGACAAGCAACGGAGGATAGGATGCCTCCGACGTCGACCAAGATAGACTTCTTCAACGTGCAACCAGCGTTCCCTTTGACGTCGCCTGTTATGCAAGCAACGTAGTAACTACTTTCCCCTAGTCCCGCCTCGACGCTTCCAAGTCGCAACCGTAGGAAAAAACCGTTGAGATGGGACGAAGGAACGTTCGAATTCATCCATCTGAGAATGTCGGCACGAGTGAGCCGCAAGTTCCTGATCGCATCGAAAATCTCCGACTTGGCAGCATTATTATTGACATCGGAGGTATCACGTGGCCGGAGGCCTTGATCTTCCCCTCCACAGAGCATCAAACGTCGAGCGCCAAACCTGCTAGTGGGCCCCACGGGACACGAGACCGCCCAATGGTCCGGCTTCGAACACCTAATGCAGAAGCACGAAGATTCTTCAACCCTACTATCAAACGCGCTCGACTTCAACAGAAGGTCCTCGAGCTCCGATTTCGTGATGCCTGAACACCCGCGCACGTCATGGCAACCGCCGCAGAAAAGGCATGTCGAGTATATCCCCTTCTTCAACGACGTAATGTGCTTGAGGGCGTCCAGCCGCCTCGCAAAATCAGACGCCATCGCCATCGCCTCAGAACTAAATCTCTGAGAAGGAAGTATGGTACATAGTTCGTTTACGGACTTCAAGTCCGCAGATTCTTCATTACTATCAAGATCAGCTTTTACGAGGATCTTTTTCCCTTTCTCGGACCTCAGAGTTTTCGTAGAAAGACGAGAAATCCACAAACTGACACGACGATCACTTCTTTCAAGAACACCGCTCGTAGCTAACGGGATATCCGGATATGCTTCTTTTGTAGCTACTATCGTACCTTCATCCAAAGGGTCAGCTTGAATCACCCGATTTTTGCTCTCAGAAGGATCTCGAGATCGATCGTCCTCTTTAATACTAGGAATAGTTTGTTCAGAAGAGTTGCCAAAAATTCTTTCATCGGATTCACGTAGATTTTCGGGAGATCCCTCATCATCCACCTCGTGTTCTCTCGATTCTTCCTCTATGGACTCGACAATCTTTCTCGATTCTCCGCAACACAAAGACTGGAACACGGTTTGGAAACCCATACTTAAGTTCGAGTTTTGTGGTCTGAAGCACATGAAATTCTCATCATACTTTTTGCTCAAGACTCCATTGGAACAAGCAAGAGGCAGAGGGGATAAAGAATCTTCTAAGTTCAAACCCGAAAGGCCGCCCCTCGTCATGTTCGATATCCACTTCATAAACGAGCTATTAGGTTTCGCGTTCGATCCGTGAATCAGCATCTTCGTTCTTTTACTTTCAGTCACCATGTCTTCATCAAATATCTGCCTTTTCACACCCTTCTTACCTAGTGAAGAAAGTCGACTGTTCGAACTATTCGCACTCTCGTGATTGTCGTCTTCGTCGTCCGAAGATCTTCCGTAGATATCTTCATTGGATAATGCTTTCCCTTTCTCCTTTTCTTGATACAAACAAATCTTGCTACTCTCGCATGAGCCTTCGATAGGAAGCGTATTCTTTATCGGGAGCTCTGGTCCTACTAAACTGCATTCGTCTTTCTCAGTCAGACGGCACAGCTCGTTTTCAACAGACGACTCCAGTTTCTTCGACGGGGCAGCAATTTCTTCCCTCGATTCAGAAATAACGACGTTTCGCTCAAGAATAGCATCTTGTTTATCAGCTTCCTCCTCCAGTTCCCTATCAATCTCCAATCCGTCTGCATCCTTAAGAACCGTTGCCTTTTCAATAATTATCTCATTAGCATCCAGCACCATCTGAGATACAGTCAAGTTCCCCTGGTCGACAACAGGCTTTAGTCCCACATTCCAGAGTAGAAACGGTTTTCGATTGTCATCTGCTCGAAAATTAGCACATTTCACACCCACACCGTTCTTAGGCGACCAAACTAATTCGGACAGGGGATCGCACGTTGCAAAAGCCCGATTCACCTTTGAGCCTGCATTTACACCTGCACCTGATGAAGTGCTAAGCAGTTTTGCTCGGATTCTCGGTTCGTGTTCGGAGTCAACGTCCTTGTCCTCTATATTCATCATTTATTATCTCTCAGAATTTCCGATGGTCCCCATAGCGACAGGCAGCTGTAGCTCGTCATGTTACAAGAAATGCGAGATTTCATTCCATCAATGGCGGAGCTACCTCCACGTACACTTTCTTGCATGTTCCTACTATACTCTATAAT"
"Mentha x piperita","653 vs control","up",21.3,2.3,"-","ATGATCAACTCGCAAGTACAACTATCATGTTACAGGCCCCAAAAAACGGTATAAGAATGTAAAATAATCACAACCACAATAACTCAAATATTATATTAAAAAGACAAATCTTTCACGACCAAGAAGACACCCCAAGCTACTCTCGACACAACATTCTGGCAAGCACGGACATTTTCTAGAAATGAAAAATACAGAGCCAAAAACAAAATTATCGGTATTCACACAATTTACCCAAAAGTAATCACTGTAATATTAAAATGAAACTTCAAACCATTACGCACAGCAGAACAGCATCTTCAAAAGAGGAGAATTAAACGCACCATCTGGCCTTCATGAGAACTGTTAATTGTCCACATACATCATGAAAACACGTTATACATTCCAGTCTAATAGAAATAAAGTCCTGACCTCGAGTAGCAGCAGAAGGCTTAATAAAGCCCGAGGAGAAGTTGGTTATCTGCTACAAGTTTTTTGAGAGCAAGTACTACAGGGGGAAAACTACAGCTTCTGCTCTTACAATAAGCTGGTATGAGAACAAGTATACTGTTCTGAGAGTTCCTCGCGGAACAGAGAATGGCATACAGAATGACCAGGCCACTATTGCGTCTTACTGATTACACAATACAGCTTCTAACAAGCAACAGCGACAAGTTCAAGTGTCACGGAATCATCAAAATCAAGTAAATATACTCAAAACACTGAACAATCCAAGAGTACAACTCAAATCTTCAACTTCAACAGCAGCAGCAAACGAGTCTTCAGATCTTTGACTTCAACAGCAGCAGCAGCTCAAACATTACTTGAGAACATCACTCAAAAGAGAGTTTCAAAGCACCAGGGGTAAAACATCCATGCATCAAGAGAGCAGCACTTTCCCAGCACAAGTTGAGACTTCAGCCAGCACGAACAAGAAACAAAGATACTCCAAGATTTATGTTGCAAAAATATCCATCATCAACTGAGATGCGAAAGATCTAACCAGTACATCGGAATTGATTTAACAGTCAAAATCCCAAACCTGCCTAAAAAGGCACCTTTCCAGAGGGCTACAAAAGGGGAGCCATGACAGGAATCTCCCAATGATTGGAACACTTACATCACTAATTAAAAGAAACATAGTTGTTCCCCACTAGAACTCATACCACAGATATTACTGAAAGAAATTAACTCCTCTACAATGAAGAAAAGGTACTAATTGCCAAGGAAAAATAGAGCCATGTGATAAAATGAAAAAAGAGTGGCAACACAGCATTCCACAAGCAAAAGAAAATGAAGATATATGGTTTGAAGCCTTTCTTCTGCTTTGATAATGGTTCTTACACGCAACTTATTTTGAGAAGATGGCTTTTTGAATAACATATTTTATATGTATATTTTGTTCACCTAAAGAAACCTAATAATATTCAAATAATACTTCAAAATTGAGCTGTTGGAAGGCTAAATAATTATTAGAACGAAGCTCAAGTCCGAACGCAACTAATAGTTGATGCCTTACAGAAGGATTAATTAATCTTGTGTAGTTGTTAATATTTCAATTTTTGAAGAAATAAACAAGTGCATGACCTCCAATAACTATTAATTAGCGTAAATTTTCTAAAATAATATCATGGTTATATTGCATATCATGTCAGGATAATTGAGAGAAGAGACTTGCCAAAATAATTTATAAAATAGTTTAAAGCTACTTCAATGAAAAGTTAAAGGTGATGAGAAATAGAAGATTAACTTTATAACAAAACGATACGGGGAATAATTCTAAAACTAGCGATTAAAAATAATATGAGTATCAATTGGTGTCTTAGTGATTATAAAGGAAAGTAATTTAGATATGGAAGCTGATATGGAAAGTGTGAATGTAAAATTTCGCGAAGGGAATTAATATTATACCTCTGGTGGAGTGCTGCAGTAGAATCGTTGCTTTGTCCATCGCCTTATTAAGCAAATCAACATGAGTTACTTGTCCATGAAAAACAAGTAACCACTGGATCGATGCAAAAATTGTTGGACGCAGGAGCAGGGGAAGAGCATGAAAAATAAAAAGGACGCGACACACACAGAGAGGAGATCCGGGCAAAACTCCGTGCCTCTCCTCTCCAACACCAAAAAAAATATTTTTATTAGGTTCTTTTGACCTGCCATGCGAGCGCACCCAACATGGCAAAGGCCTGGTAACATGGAACAATAAATACCTCACTCTTTTCCTCTCATACCTCGCACGTCTTCACTCATTCTTTCATCTCTCGTACATATGCATGTATAAATAAAAACTAACGCAAATAAAACATTTAAATAATTATAAACATCAAAATTAAACCATCATAACCTCAGATCCACCATCACGTTCTCTGAATCAACCTTCGGCCGATGAGAACCGGTCAAAACCGTTTGATCTGTGACAACGAGGCACCAATTGGATATTCCTTGCATCTCTTATCAAATCAATAAATCTCTTGCGAACAATCGCGGGGATAACACCTCGGTTGCTGAAACGTTAGCTCCAACCTCCACAAATCTATGAAGATCGAACAGATCTGATGCTCCACGATGCTCATCTACCTCAAACCAGCACAAAAAAGCATCAGATTTACCATCTCTTCGTCAACCGTCGGCCAGAGTCGACAAACATCGAACAGTCACGCCATTCGTCCGGCTAATCGCTGCTCCGATACAGAACAACGGCAAATCCATATCCAAAACGTAGATCAAGGAACGATCTACACAGATCTGAAGATGAAAATTGAAGAAGATAAACTCCTTAGAAGAGATCTGGAGAAAAG"
"Mentha x piperita","653 vs control","down",19.3,-3.2,"CB21_SINAL","GTTCTTGATCTCCTTCACCTTCAACTCCGCAAAGGCCTCTGGGTCAGTAGCCAAACCCAACGGGTCAAAGCTGCCACCTGGGTAAAGCAAGTCCTCGGCCTCTCCCAATGGTCCCTCTCCGGCGACTCTGTAACCCTCAACAGCTCCCATGAGGATCACCTGAGTCGCCCAAATGGCTAAGATGCTTTGAGCGTGAACCAAGCTCGGGTTGCCCAAGTAGTCAAGTCCTCCTTCGCTGAAGATCTGTGAACCAGCCTTGAACCAAACAGCTTCTCCGAACTTCACTCCGTTCCTAGCCAAAAGCTCAGGGAAAACGCAACCTAGGGCTCCAAGCATGGCCCATCTGCAGTGGATAACTTCTAGCTCACGGTTCCTGGCGAAGGTCTCGGGGTCAGCGGATAGACCAGCGGTGTCCCATCCGTAGTCACCGGGGAACTCTCCGGTAAGGTAGCTCGGGGGCTCGCCGGAGAATGGACCCAAGTACTTGACCCTGTCGGATCCGTACCATGGGCTGCCAGATGGACCGGTGGGTTTGACGGTTTTGCGCATGGTGACACGGCCGGTTCCAAAGACTTCGGATGCTCCTGGTGAGAGCTTCACGGCCTTTCCGGCGAAGGCAGGGGAGGAGAGAGCCATGGTTGAGGCAGCCATTAGAACTTTTCTTCTTCTCTTTTTAGTTTTTGTGTTTTTTT"
"Mentha x piperita","653 vs control","down",90.7,-3.6,"ARP3_ARATH","GGACCATCAATTTTCGTCCGTCGATTTTCATACTATTAAAATTCAGAATTTACATAATTAATACAAACAAATTTGAAACTAAAAAAATTCTGAGTACCATGCCATTGATTGGTAAGAAGAATATTACAACGTGAAGAATGTAATCAATTTTCAAGGAATATCTACGGTCACAAATTCATCTAAACTAGAAGAAAATCTTCAACCTGAGCTCAACTCCAGTCATTGCATATAAGAATCCAGTTTGATCAATCTTTATGTATTTTACTAATACATTCCCTTGAAAACTGGGTTTGTGCGACATATGCTCGCTCCACATTCCTCGTACTCTGCCTTTGTACGGCAAACTGTAAAAAACTCGGGCGTGGAAGCAAGTACCGAGCCTCCAAACCAAACTGCATATCTTTGAATCGGGTGGCTAACAACATTTACTTCCACAGGTTGTGACTTTGTTTCTCCGACAAGCCTAGCATCGGATGCAAGACCTCGAGCATCAACAATCTTCTTTAGATCCCTTTGTAACCTCCGGTTAAAGTCCTTGAACATGGTTGATCCTCCAGACAATACGACGTTCTTATACAAGGCCCTTCTTGTATCGATTGGTGCAGACTGAATACATTTATCGATAACATCAGGGAGAGGGGTGGCGAAATCACTAGTGTATATTTCAGGGTTGAAGAAGACCTCAGGCCCAAGAAACCTTTCATAGCCTATATCACAAGAATATGGAGCCCCAGTCTTGGGCTTGGTACCTCTCCACTGCTTGATGTATTTTGCAGGCTCTTTATCGTGTTTATTGAACTCCTTAACAATGTCTGAACAAGTGTAACAATACATTTCCTTCACTCTCCGGGCTACGTCAAAGGCATCCTCAGGTGGAATATGCTCTCCTCTTTCTCTCATGAGCTGCTGGATGAATCGAGTCACGTCTCTCCCTGCGATTGGAATGGACTTAATGCTGCTCCCGATTACGTAACCATCTGCAACAGGTACAATATGAGTAGCCCCATCTCCTACGTCCACTACAACTCCTGTCATCTCACACTAAGAAAAGTATTCAAGAATAAGAAAACACAAAAGTTTATGAAATAACTACTTGATTTTGTGGTATATTATACAAAGACCATGCTATTGTCCCACATGTGGTTCATCATGCTTCATTAAATTTGTCGAGCTAACTATTCAATCGCTGTTACAAGTGTGTAACAGAAGTGGAGTCAGCCTGAAAAGAAGAACACAAATTTTCCCAAATTCAACATTACATATTACTCTTGGCAATTATCTACCCTCTTACCACAATCACCTATATTAATGATTCATCTTGATAGTTCAAGGATAACCACATGATCTGGTATAGCATGATTCTCTCTATACAGCTATTACAACGACCAAAGAAAACCCTCCATTAATCGAAATTCGAAGCCAATAGATGAAGATTCAGACAAACTACTGATAATCTCCACAAAGACTTCACTATATAAATCATATAATCAAACAGCTCACTACAAATGTCAACACAAATTCAACCTCCATTCTTGAAATATCAACATGCTGAGGCTTCATTCATAACAAGTTACTAATAATTCCACAAAACCAATCCCAAAATAGTAAGGTTCCAAAACTGCCATTAGCACCAAC"
"Mentha x piperita","653 vs control","down",28.4,-3.8,"RBS2_BRANA","TCCGCCGACGTAGAAAAGTCTTTGCCTCAAGGAGAAAGGAAAGATCTTGTCGGTGAAATTTACATGGAAAGTGATAAAGAAACGGAAAGAATTACCAAGAAAAGAAGAAGAAGAAGTAGTAATGGCTTCCTCTATGCTCTCCTCCGCCGCTGTTGTTACCTCACCGGCTCAAGCCACCATGGTTGCTCCATTCACCGGCTTGAAGTCATCCGCTGCATTCCCAGTCACCCGCAAAACCAACACTGATATTACTTCCATTGCAAGCAACGGAGGAAGAGTTAGCTGCATGAAGGTGTGGCCACCAGTCGGAAAGAAGAAGTTTGAGACTCTATCTTATCTTCCTGACCTTACTGACGTTGAATTGGCCAAAGAAGTTGACTACCTTCTCCGCAACAAGTGGATTCCTTGTGTTGAATTTGAGTTGGAGCATGGATTTGTGTACCGTGAGCACGGAAGCACACCCGGATACTATGATGGACGTTATTGGACAATGTGGAAGCTTCCCTTGTTCGGATGCACTGACTCTGCTCAAGTGTTGAAGGAAGTGCAAGAGTGCAAGAAGGAGTACCCTAACGCCTTCATTAGAATCATTGGATTCGACAACAACCGTCAGGTCCAGTGCATCAGTTTCATCGCCTACAAGCCACCAAGCTTCACCGGTGCTTAATTTCCTTTCTAAAACAATCATATAATAATCTATACTCATTTCACTTCAAGTTGCCTGTTTTTTATTCTCTTTGAATTTCTGTCTGAGACATTTTCTATCGGATTGTCAAATGTCTGATTTATAGATATATATGTACTTTCTGTGGGAATATCACTTCTTTTTCT"
"Mentha x piperita","653 vs control","down",114.4,-6.1,"RBS2_BRANA","TCCGCCGACGTAGAAAAGTCTTTGCCTCAAGGAGAAAGGAAAGATCTTGTCGGTGAAATTTACATGGAAAGTGATAAAGAAACGGAAAGAATTACCAAGAAAAGAAGAAGAAGAAGTAGTAATGGCTTCCTCTATGCTTTCCTCCGCTGCTGTGGTTACCTCCCCGGCTCAAGCCACCATGGTCGCTCCATTCACCGGCTTGAAGTCTTCCTCTGCATTCCCAGTCACCCGCAAGGCCAACAACGACATTACTTCCATCGCAAGCAACGGAGGAAGAGTTAGCTGCATGAAGGTGTGGCCACCAGTTGGAAAGAAGAAGTTTGAGACCCTCTCTTACCTTCCTGACCTTACCGATGTTGAATTGGGTAAGGAAGTTGACTACCTTCTCCGCAACAAGTGGATTCCTTGTGTTGAATTCGAGTTGGAGCACGGATTTGTCTACCGTGAGCACGGAAGCACACCCGGATACTACGATGGCCGTTACTGGACAATGTGGAAGCTTCCCTTGTTCGGATGCACTGACTCTGCTCAAGTGTTGAAGGAAGTCCAAGAGTGCAAAACAGAGTACCCTAACGCCTTCATCAGAATCATCGGATTCGACAACAACCGTCAAGTCCAGTGCATCAGTTTCATCGCGTACAAACCACCAAGCTTCACCGGTGCTTAATTTGCTATGTAAAACATTCACATAATAATCTCTGCTCATTTCATTTCCAATTGTCTGTTTCTTTTCCCTATGGATTTCTGTTTCTGAGACATTCTATATCGGATTGTCAAATGTGTGATTGTGAACATGTAATCTCTATATTGCTTCTTCGTCTTGGTTACTTTCCGATGGCTATTAGGT"
"Mentha x piperita","653 vs control","down",203,-6.3,"CNGC5_ARATH","ATTTTAATCAAAGCTGTATTCATAAATAACGTGCTCCAGTTTAATATACATTGAATACTGAGAAAGAGGCTGGCTGATAATTTTTACACATTACTTAAAAAGAAATCAAATTCAGATATTATGGTTATATGTAAACCTGTCATCTCACAAAGTAAAGTATTGTACAAATCCAAGCTTCATAGGAGCTCCCTAATCCCCAGGACTCCCATAAAAACTTAGGAACACGACCCTAATCTGCGTCGGCAGTGAAGTCCGGCTCCGGCGGCTTCTGTAGCTTCACTAGCTCCCTCGCGCTCTTCAGGTTCCGATTCCTGTGGACCCCGCGAATCGCGTTCGCAGCGAATTTAGTTGCCAAGAATGTAGCACCGATGCTGTACGAGCCACTGCCAGATGTACTGCTTGCCCCGGCTGAACCCTCTGCCTCTTCTTCCTCCTTCCTCTTCTGTTCTAGAACTAGAAGCTTCCGCTTCGAGTAGCGCCTCCATGCGGCCTGGATGAAGCAGGCGGCCCATGTCCGCCACTGCTGCGAGTAGAACCGGAACGTGTGCTGCACCTGTCTGCTGTGGAGCCGCCGGAACTGACTGGCGACAAACTTCAGTTCGTCGGCGGTCAGTGCGAAGGCCTCGACCTCGGTCAGTGCCTTCACTGTCCGGGTTGAGGAGGGGAGGTTGGAGCCGGATTTCGGGTCGAGGGCCCACGTTAGAAGCTCCTCCCCACAGAAGTCGCCTTCTTTGAGTAGACTATGGTTGAAAAAGCCACTTCTTCCGCCGTCGGTGGTCACACTCTCGAGGCGGCCGCGGATGAGGAATATCATCTCGTCAACTGGATCGCCCTCTCGGACGATGTAAGTGCTTTCGGTGTATAGACAAGGCTTCAGCCTCTCGCAGATGGCATCTAGTAATCTCTCGTCCATGTTCTCGAAGAGTGGGACCCTCTTGACTAACGCGAGACAAAGATGACGTTTTATGTCTCTTCTGAGATCTTTAGGCAAACTCTCCACCAAACTGTGCTCATCCACTCCACGTGTTTCTAACCACTTGTACTGATCATACCGCCTAACTCTCTCCCTGAGGTCAGGTGGGAGTAAACGATGATGCATCCATTGCTCTGAGTCGCGCCTTTTAACTCTCATCTCTTCGAGGCGAATAGTGAGCGACTGAAGATACGTCTGCATATTCCCAATCAAGAGAGCAAAAAGAATGAGCCCCAAGATGGCGAGTGCAATGCTGAATATAGACTCTCCAGGATAAGTGCTGGTTTGTAGTCCTTGTCCAAGAGTACTCAGATTCTGCAGCCCCCACCATAGACAGTAGCAATATTTTGACAAGAACTGTTTTGATGAAACTATCTCAGAATCCAAAGCCTGCCTGAATATCCCAAAATCAAATGGTGGATTGGTTTCATCATCCACCGGACAAGCTGATTTTAAAACTGACCCACTGATGTCGCGCCAGATATTATAATTATCCATAAATTGATTCCCACAATATAAGAAATCAGTGGTGCAGTTTTCTCCACTACTTTTACAAGCTCTTTGCCAGCATGAATCATTACGCTCTACAGACAGCAAGTACCAGAAAGCTCCAACTATATGACTGGCAAGCATGTATAGCAGCAAGTAGGACACTGCACCAGCCCAAGCAGTTTCAGCAAAGACACCAGAAGTTCTTTTTAGTTCTGAACTAAGCGGCATAATTCGGGTGAATCTAGGAATATATTGGAGCAAAATGATAAAAAACAATGCTTGCTTTGTAGCCAGTACATCTGATCCATTTGACCTTTGCAGAAATCTCCAGACAACAATCTGTGGAAGGGGAAGCACTGCAAGGAAATCAATGATGAAATAGCACTTCAAGTACCGCTTAGCAATCTGTCCAGGATCAATTACAAGTTCACCTCTCCCAAACACCCGAGATGATGGGGCAATATAAGCAGTTCGGAATTGGAGACCCATGTGAATAAGATAGAAAGCATCAACAATTGTTCGCAGTGTTGTAGCCGTTATAGCCAATTTTCTATCTATGTCCAGACAATTTGATGATTTATTAAAAACAGGAAGAAAGAAAAACAGAGGATCCACAGATACCCCAAGAATACATGACATCACAAAAAGCTTGTTCCATAGGGTAAGGAGTTTGTCTTGGGGGTCAAATATCCTCTTTTCTGACACTTTGAGGTCCTCCGGAAAAACTGCTCGAGATACACCAAAACCAAGGGAACGGCCAATAGATTTTAGTCCCTGAGATCCTTTCTTCATTCCTCTCTTAAAGGACTTTGATGGAGCAGGATTTTTATGATTACCACGGCCCAAACCCTCGATACTCAAGCCACATTTGTTTGCAGCAACTGAAGTAGATGGGGATGAGAGTCTGGAATCCAACTCATCCAACCTTACAAACTTGTCCCGTTGCCCATATTGAGTCTTTGGACCACAATCAAACATTTCGTATGATTAGATATATTTGAATCAAAATTCAAAGATATTAAGCCATTAATTCGCGTTTCTTCAGCAACATGAAGAGAGAGAGAGAGAGAGTACAGAGATGAAGTCAAAATTTTGCTAAGAAAGTATGCAGAAGTGGGG"
"Mentha x piperita","111 vs control","up",124.3,3.4,"FB30_ARATH","TTTCTTTTTTTTTTTTTTTTTCTTACAGTAGGGTAGGATAATAGTAGAGGATGGATCGACTTGTTGTGACGCGTCAATTTGGCAGCGACCATCGGTATCTAGATGATATTTCAACTCAAGACCTTTCTCATCGACTATTTGATCATCTTTACTTTTTATCAACAAATGACCATACCAATTTGGTTAGCTGCAACGGGCTGTTGTGTTTCTATTCCTATTGCTCCGCTACTGACGGTCGGGTTGTTCTTTACAATCCGACCACTCGCCGGTTGAAATTCCTTCCTCCGGCCAAACAACTTCCCAATTTATTTAAATATATCTTCAACTCTTGTGGTTTTGGATATGATCCGGCTTCAAATGACTACAAGGTCATTAGAAACTATGATCTTATTCAGGTGGATGAAAATGGATCTTACAGGAATTCCGTCACAAAGTTTCAACTCTACTCCTTGGCAACTGATTCTTGGAATGAGATTCCGGCCCCTACACCTAACTTTACCTTGGGTACTCGACAGGCCCCTGTTTTCCTCAATGGTAGTTGTTATTGGACAGCGGCCTTCTCTTATACCGAGGGGGTTCTTGCATTTGATTTTTCCTTGCAAAAATTTTCTTCCTTTGACCTGCCACCAATGGCTCCTGACACCAAATTATATCTCGTGGAGATTAATACATCATTATGTGTTATTTTGTATGACGATATAGGTGGAAAGTATAAGTCGTTTAAGATTTGGCAGTGGACGGGAGAGGGATGGATGCAATTATTCAATGAGCTTATTATCTTTGATGTAAAGATTCCGTTGGGTTTTAGAGATAAGTTTTTGTTTCTTGAGAGAGAAATTGACAGGAAGTTCAGTCAAGTACTAGTTTGTGATTTGAGCACTAGAAAGTTGAGGAAGATTGGTGTACTTGATTACCCCGGTGTGATGAGAATTGTTTCTCTTCATGAGACATCATATGTGATGCCGAATGAGATATCAACGAGTACTTATCAAAGTGAAGAAAGTTGGAACGAGTATTGGCGTAGATGCAAAGCGGTGGAAAATCATGCATGATTCTGTCCAGTGTAGTGTAGTGTAGTGGCTCCTTATTTATAGATTAGTGGTCCCTTTTTAATTTTAAATTTGAGTTAATGTGAGTTAGTGGTAAATTTGAATGTTAGGTACCAATGACGAAGACATGTATTTGTACTATTACTATTAAACTATCCTTGGTTCTTGTTTGTTCTTTTTAGTTTTCGGTGCCAAATTTGATTCATCTACTAACTTTTAAGAATTTTAACTACTCTTTGATTTTTGT"
"Mentha x piperita","111 vs control","up",121.8,3.4,"CO1A1_HUMAN","CGGGGTCGGAGCAGGAGGCACGCGGAGTGTGAGGCCACGCATGAGCGGACGCTAACCCCCTCCCCAGCCACAAAGAGTCTACATGTCTAGGGTCTAGACATGTTCAGCTTTGTGGACCTCCGGCTCCTGCTCCTCTTAGCGGCCACCGCCCTCCTGACGCACGGCCAAGAGGAAGGCCAAGTCGAGGGCCAAGACGAAGACATCCCACCAATCACCTGCGTACAGAACGGCCTCAGGTACCATGACCGAGACGTGTGGAAACCCGAGCCCTGCCGGATCTGCGTCTGCGACAACGGCAAGGTGTTGTGCGATGACGTGATCTGTGACGAGACCAAGAACTGCCCCGGCGCCGAAGTCCCCGAGGGCGAGTGCTGTCCCGTCTGCCCCGACGGCTCAGAGTCACCCACCGACCAAGAAACCACCGGCGTCGAGGGACCCAAGGGAGACACTGGCCCCCGAGGCCCAAGGGGACCCGCAGGCCCCCCTGGCCGAGATGGCATCCCTGGACAGCCTGGACTTCCCGGACCCCCCGGACCCCCCGGACCTCCCGGACCCCCTGGCCTCGGAGGAAACTTTGCTCCCCAGCTGTCTTATGGCTATGATGAGAAATCAACCGGAGGAATTTCCGTGCCTGGCCCCATGGGTCCCTCTGGTCCTCGTGGTCTCCCTGGCCCCCCTGGTGCACCTGGTCCCCAAGGCTTCCAAGGTCCCCCTGGTGAGCCTGGCGAGCCTGGAGCTTCAGGTCCCATGGGTCCCCGAGGTCCCCCAGGTCCCCCTGGAAAGAATGGAGATGATGGGGAAGCTGGAAAACCTGGTCGTCCTGGTGAGCGTGGGCCTCCTGGGCCTCAGGGTGCTCGAGGATTGCCCGGAACAGCTGGCCTCCCTGGAATGAAGGGACACAGAGGTTTCAGTGGTTTGGATGGTGCCAAGGGAGATGCTGGTCCTGCTGGTCCTAAGGGTGAGCCTGGCAGCCCTGGTGAAAATGGAGCTCCTGGTCAGATGGGCCCCCGTGGCCTGCCTGGTGAGAGAGGTCGCCCTGGAGCCCCTGGCCCTGCTGGTGCTCGTGGAAATGATGGTGCTACTGGTGCTGCCGGGCCCCCTGGTCCCACCGGCCCCGCTGGTCCTCCTGGCTTCCCTGGTGCTGTTGGTGCTAAGGGTGAAGCTGGTCCCCAAGGGCCCCGAGGCTCTGAAGGTCCCCAGGGTGTGCGTGGTGAGCCTGGCCCCCCTGGCCCTGCTGGTGCTGCTGGCCCTGCTGGAAACCCTGGTGCTGATGGACAGCCTGGTGCTAAAGGTGCCAATGGTGCTCCTGGTATTGCTGGTGCTCCTGGCTTCCCTGGTGCCCGAGGCCCCTCTGGACCCCAGGGCCCCGGCGGCCCTCCTGGTCCCAAGGGTAACAGCGGTGAACCTGGTGCTCCTGGCAGCAAAGGAGACACTGGTGCTAAGGGAGAGCCTGGCCCTGTTGGTGTTCAAGGACCCCCTGGCCCTGCTGGAGAGGAAGGAAAGCGAGGAGCTCGAGGTGAACCCGGACCCACTGGCCTGCCCGGACCCCCTGGCGAGCGTGGTGGACCTGGTAGCCGTGGTTTCCCTGGCGCAGATGGTGTTGCTGGTCCCAAGGGTCCCGCTGGTGAACGTGGTTCTCCTGGCCCTGCTGGCCCCAAAGGATCTCCTGGTGAAGCTGGTCGTCCCGGTGAAGCTGGTCTGCCTGGTGCCAAGGGTCTGACTGGAAGCCCTGGCAGCCCTGGTCCTGATGGCAAAACTGGCCCCCCTGGTCCCGCCGGTCAAGATGGTCGCCCCGGACCCCCAGGCCCACCTGGTGCCCGTGGTCAGGCTGGTGTGATGGGATTCCCTGGACCTAAAGGTGCTGCTGGAGAGCCCGGCAAGGCTGGAGAGCGAGGTGTTCCCGGACCCCCTGGCGCTGTCGGTCCTGCTGGCAAAGATGGAGAGGCTGGAGCTCAGGGACCCCCTGGCCCTGCTGGTCCCGCTGGCGAGAGAGGTGAACAAGGCCCTGCTGGCTCCCCCGGATTCCAGGGTCTCCCTGGTCCTGCTGGTCCTCCAGGTGAAGCAGGCAAACCTGGTGAACAGGGTGTTCCTGGAGACCTTGGCGCCCCTGGCCCCTCTGGAGCAAGAGGCGAGAGAGGTTTCCCTGGCGAGCGTGGTGTGCAAGGTCCCCCTGGTCCTGCTGGTCCCCGAGGGGCCAACGGTGCTCCCGGCAACGATGGTGCTAAGGGTGATGCTGGTGCCCCTGGAGCTCCCGGTAGCCAGGGCGCCCCTGGCCTTCAGGGAATGCCTGGTGAACGTGGTGCAGCTGGTCTTCCAGGGCCTAAGGGTGACAGAGGTGATGCTGGTCCCAAAGGTGCTGATGGCTCTCCTGGCAAAGATGGCGTCCGTGGTCTGACCGGCCCCATTGGTCCTCCTGGCCCTGCTGGTGCCCCTGGTGACAAGGGTGAAAGTGGTCCCAGCGGCCCTGCTGGTCCCACTGGAGCTCGTGGTGCCCCCGGAGACCGTGGTGAGCCTGGTCCCCCCGGCCCTGCTGGCTTTGCTGGCCCCCCTGGTGCTGACGGCCAACCTGGTGCTAAAGGCGAACCTGGTGATGCTGGTGCTAAAGGCGATGCTGGTCCCCCTGGCCCTGCCGGACCCGCTGGACCCCCTGGCCCCATTGGTAATGTTGGTGCTCCTGGAGCCAAAGGTGCTCGCGGCAGCGCTGGTCCCCCTGGTGCTACTGGTTTCCCTGGTGCTGCTGGCCGAGTCGGTCCTCCTGGCCCCTCTGGAAATGCTGGACCCCCTGGCCCTCCTGGTCCTGCTGGCAAAGAAGGCGGCAAAGGTCCCCGTGGTGAGACTGGCCCTGCTGGACGTCCTGGTGAAGTTGGTCCCCCTGGTCCCCCTGGCCCTGCTGGCGAGAAAGGATCCCCTGGTGCTGATGGTCCTGCTGGTGCTCCTGGTACTCCCGGGCCTCAAGGTATTGCTGGACAGCGTGGTGTGGTCGGCCTGCCTGGTCAGAGAGGAGAGAGAGGCTTCCCTGGTCTTCCTGGCCCCTCTGGTGAACCTGGCAAACAAGGTCCCTCTGGAGCAAGTGGTGAACGTGGTCCCCCTGGTCCCATGGGCCCCCCTGGATTGGCTGGACCCCCTGGTGAATCTGGACGTGAGGGGGCTCCTGGTGCCGAAGGTTCCCCTGGACGAGACGGTTCTCCTGGCGCCAAGGGTGACCGTGGTGAGACCGGCCCCGCTGGACCCCCTGGTGCTCCTGGTGCTCCTGGTGCCCCTGGCCCCGTTGGCCCTGCTGGCAAGAGTGGTGATCGTGGTGAGACTGGTCCTGCTGGTCCCGCCGGTCCTGTCGGCCCTGTTGGCGCCCGTGGCCCCGCCGGACCCCAAGGCCCCCGTGGTGACAAGGGTGAGACAGGCGAACAGGGCGACAGAGGCATAAAGGGTCACCGTGGCTTCTCTGGCCTCCAGGGTCCCCCTGGCCCTCCTGGCTCTCCTGGTGAACAAGGTCCCTCTGGAGCCTCTGGTCCTGCTGGTCCCCGAGGTCCCCCTGGCTCTGCTGGTGCTCCTGGCAAAGATGGACTCAACGGTCTCCCTGGCCCCATTGGGCCCCCTGGTCCTCGCGGTCGCACTGGTGATGCTGGTCCTGTTGGTCCCCCCGGCCCTCCTGGACCTCCTGGTCCCCCTGGTCCTCCCAGCGCTGGTTTCGACTTCAGCTTCCTGCCCCAGCCACCTCAAGAGAAGGCTCACGATGGTGGCCGCTACTACCGGGCTGATGATGCCAATGTGGTTCGTGACCGTGACCTCGAGGTGGACACCACCCTCAAGAGCCTGAGCCAGCAGATCGAGAACATCCGGAGCCCAGAGGGCAGCCGCAAGAACCCCGCCCGCACCTGCCGTGACCTCAAGATGTGCCACTCTGACTGGAAGAGTGGAGAGTACTGGATTGACCCCAACCAAGGCTGCAACCTGGATGCCATCAAAGTCTTCTGCAACATGGAGACTGGTGAGACCTGCGTGTACCCCACTCAGCCCAGTGTGGCCCAGAAGAACTGGTACATCAGCAAGAACCCCAAGGACAAGAGGCATGTCTGGTTCGGCGAGAGCATGACCGATGGATTCCAGTTCGAGTATGGCGGCCAGGGCTCCGACCCTGCCGATGTGGCCATCCAGCTGACCTTCCTGCGCCTGATGTCCACCGAGGCCTCCCAGAACATCACCTACCACTGCAAGAACAGCGTGGCCTACATGGACCAGCAGACTGGCAACCTCAAGAAGGCCCTGCTCCTCCAGGGCTCCAACGAGATCGAGATCCGCGCCGAGGGCAACAGCCGCTTCACCTACAGCGTCACTGTCGATGGCTGCACGAGTCACACCGGAGCCTGGGGCAAGACAGTGATTGAATACAAAACCACCAAGACCTCCCGCCTGCCCATCATCGATGTGGCCCCCTTGGACGTTGGTGCCCCAGACCAGGAATTCGGCTTCGACGTTGGCCCTGTCTGCTTCCTGTAAACTCCCTCCATCCCAACCTGGCTCCCTCCCACCCAACCAACTTTCCCCCCAACCCGGAAACAGACAAGCAACCCAAACTGAACCCCCTCAAAAGCCAAAAAATGGGAGACAATTTCACATGGACTTTGGAAAATATTTTTTTCCTTTGCATTCATCTCTCAAACTTAGTTTTTATCTTTGACCAACCGAACATGACCAAAAACCA"
"Mentha x piperita","111 vs control","up",51.3,2.5,"IFRH_ARATH","GGACTACGCTTACAAGCCCTGACTCAATCAATCACCAAATCTCCCCCTCTACTGATAACCATGTCTGCCATCGCCGTTGCCGGAGGTACTGGCAGCCTTGGCCGTGCCGTTGTCGACGCTCTGATCTTCGAGGGCCACAACGTCGTCATTCTGGCCCGACAGGCAGCCGAGAGCAAGGAGAAGGAACTTGGTGCTCGCATCCTTGCGGCCAACTACGACGACGTCCCGGCTCTCGCCAAGCTGCTCGAAGATAACAACGTCGAGGTTGTCATCTCAACCCTAAACCCTCTCGGGAACGCTGCGCCAGAAACGGCCCTCATCCAGGCCGCAGACAGGTCTTCCACGACCAAGCGCTACATCCCAAGTATCTGGGGCATCAAATACACAGAAGAAATTGCGTCTTACTTCCCCATCGCCTCGATCAAGATCGCATATGGCAAAGCCCTTGAAGCCACCTCTCTCGAGCACACCTCAGTGATCAATGGGTACTTTATCGATTACTACGTCGCTCCCAAGGTCAAGACGTACGTCAACCCCCTGGCTCCGGTCTTCGACATTCCCCACAACTTCGCCGCCATTCCCGGGTCGGGCGACGTCCCCGTGACCTTCACCCACACCTTTGACGTTGCCCGCTTCGTCGCCGCGCTCGTCAGGCAGCCAGAGTGGCAGAAGGAGTCGTACATCATCGGCGACAAGGTGACCCTGAACGAGTTCCTGAGGCTTGCGGAGGAGGCCAGGGGCACCAAATTCACCGTCGTCCACGACTCCGTCGACAAGCTGAAGACGGGCCAGATCACGGAGCTCCCCTCCCACCCGTCCGTCTATCCTTTCTTCCCCAAGGAGATGCTGCAAGGGTTCTTCGCCGCGTTTGGCGTCATGTTTGAGGAGGGCGTGTTTGATCTTAAGCCCGCTCGCAGCTTGAACGACGAGTTCCCGGACATCAAGCCCAGGACCGTCAAGGAGTTGGTGCTGGAAGCCTGGAAGGAGGCCTGAGGCCGGTCATGTTGAGTGGCAGCGGCGAGTTGCACTATTTGCATCCGGATTTCTCGAGACATAGCCTACTTGTGCAGCCAAAATTGTCAACCCTCTCCGAGGCCATGGATGGTTCTCCGGTTCGGACTCCCCACGTATACTCTGGAGGGATCCCAGTCCGCCGTAGAAGGAGCTAGATATGAGCAGTATCGTCAGCGCTTAGGTCCATGCTGCGGGCCTCGTGTCGCTATTTCAAAATTACATCGATCGTACGCCA"
"Mentha x piperita","111 vs control","up",18.6,2.5,"EGL1_ARATH","CAAGTATTGATACTTTGTCAACCTGCAGAATCAAAAGTTTGAAAAAATCTTCCTACAAACAGCTAAATAATATGAACAATCCTAACATAGGAAATAGATAATATATAGAAAACACCATTCAAGAGAAGCATGATTGTATATATAAGAAAGTACGATCTAAGAGAACCGACCAGTTGTTCTCCTATAATAGGGGTATTAAATGGAGGCTAATCTGAATTCTGAAGAGCAAAGATTTGGCTACCTTTCCACCAGATGGAACTAGTGACGTAAGAATCGCGAATCTCTCACTTATTTTCTCTCTCCGTTTCCTCTCGGACAAGACGTGGTTTCTGTCGACTTCCTCAGCTTCTTGTTTCTCAGAATGGTCATTATCACATTTCTCCTTGTCCGTAACAGATTCAGTCCTTGCATTTTCGTGCATCTTAGCTACTTCGAACAGCACTTTCTTTATTAACCTTTGTGGGGACGAACTCTGAGGCAATCGAGGGCTCGATTTTCTCTCTTTCCAATTGACAAAGCTCGATTCTCTCTTACCATTTCTGTAAGGTCCCAGAATGAGCTGGTGGGAGCTCTTCAAAAGGCTCGAAAGCACACTGTGGTAATGAACATCGCCTCCATTGAAGCCGGGAGATTTCTGCTCATTGCATTCAAGAATCTTCTTTCCATCGAATTGTTGGACTGCCCCCTCGGGATTTACTCGAGTTTGAGATACGCAATCACTAGAGCTCGTGGAATTGTTCATGCCATTGCTGACTACGTCGTCCTTTAACTGCCAGCTCAGCAATTGAGACGCCTCTCCATCAACGTCGTCCGCTAAATTTGATTCCTCCCTCAGTACATTGTCTGCAAAATTATCCGAACTGGTTTCTGGAGAAGATACTTCCACTTCATCAAGATTGTTTTCGGGGGTATTGGAGTGATTGATCACTCGATAAACAAGATCATGGTTCGGATTGATGACTGTATCAGAAGAAGTCTCCAAGAAGTGCGTTTTTATATGGTGAATCAGACTCCGATCCTCTGGAACTAGTTCAGTTGTTCCCAGCTCGACTACACCTCCCAAATGAGGAAAGCAAACTACAGTCTGTAGAGATGCACTCTTGGCAAGCAAAGAACGAGAGAAGAGCTTTGTGTCAGCTAGATGAGCATTCCGTAGCCAGATTGTTTCGTTTTCTGCAAAACACCTTCCTGGCAACCCTTGGCCGACATTGAAGACGAAGGACATGCACACCAAAAAGTACCACTCAGTATCAGTGAGATCTTCAGGGGATAATGCAGCTGTAGGCCTTTTAGGTTGTGGGGTGGTTTCACCTAATGAGAGAGATCCAAACAACTCTCTTAGCTGATCGCTCCTCTGCAATCCCAGCGGATCCGAATTCGATTCCACTGCTTGAACTGTTTTTCTAGTCTTGATATCTCCATTGTAGTACCCTTCACTCCACCCCAACGCCCCAGATTGTTTAGCAGAAAATGACCAAAAAATGGCATAGCTCCATTGGGTGCTTCTAACAGCAAGAGCGAGCTGCTTTCTTAGATTATCAGTAACACTAACACCCTTTTGATTTGCAGTCGCCATTCTTGAAACTCTGACCCCTTTTTCTTCTTCAGTTCTGCCTACAATAGCGATTAATATACAGGGAACGAAATTGAAATATTATAATATGCGAGTATGAAAACTTTGGAGCCGACCATGACCATCTCTCGCTGAGGTAGGTTGA"
"Mentha x piperita","111 vs control","up",79.7,2.4,"PER45_ARATH","GTTAATTAAGAGCTAGCTAGCTTGATCAATTATCATGGCTGCTAGTCTCAGAAATTGTTTGGTGACTCTACTAATAGCACTTGCACTTGTTTGGTGTTGCGATGCACAGCTGAGGCCAAACTTCTACGATTCCTCATGTCCTTCTCTTCAACTCATTGTCCGAAACGCCATGAGGGAAGCCATTAATCGAGAGCTCAGGCTCCCTGCATCTATCCTTCGTCTCTTCTTCCACGACTGCTTCGTCCGAGGATGCGATGCATCGGTTATGCTGGCCTCGCCTAATAACCAGGCGGAGAAGGACCATCCCGACAACCTCTCGCTGGCCGGAGACGGGTTCGACACGGTTGTCCGGGCGAAGGCGGCGGTGGACAGCAACCCTCAGTGCAGGAACAGAGTTTCTTGTGCTGATATATTAGCATTGGCTACAAGAGATGTTGTCAACTTGGCCGGAGGGATAAACTACCCGGTAGAATTGGGAAGAAGAGACGGTAGAATTTCAACAAAGGCCAGCGTTCAACGCCGTTTACCCGGCCCAGGCTCCAACTTGGACCAGCTCATCTCCTTATTTTCCGTCCATGGCCTCGACACCACCGATCTCATTGCATTATCTGGGGCGCATACGCTGGGTTTCTCGCACTGCAGCCGGTTCGCGAACCGGGTTTACAACTTCAGCCCTCGGAACCGGGTGGACCCGAGCCTGAACCCGCAGTACGCGGCGCAGCTGAGGCAGATGTGCCCGATCAACGTGGACCCGCGCATCGCCATAGACATGGACCCCACCACGCCCCGGACCTTCGACAACGCCTACTTCAGGAACCTGCAGAGCGGGAGGGGGCTGTTCAGCTCCGATCAAGTGCTCTTCACCGACGGCCGGTCGAGGGCCACGGTCAACCGGTTCGCCGCCAGCAACGCCGCCTTCAACCAGGCGTTTGCTACGGCGATGACGAAGCTGGGGAGAGTGGATGTGCTCACGGGGAGTCGGGGCGAGATTAGGATTGATTGCACCAGACCTAATTGATGAAGATCAGAGTTTTCATTTTCATTTTTATTTTTTTAATTTTATTTTTATTTTCAGATTTTATTTTTTTATTATCTCTTCAAGCTTATAAGCTCTTTTATCCAAACGCTTTAACAACTTATAAGCTCTTACCGTCATACATCTTATAAGCTCTTGAACATCTTATAAGCACTTAGAGCTTATAAGCACTTTGAAATAAGCTTAGCCAAACGGGTCTGTAACTAAATTCTACGTTCATTTCCACAAACCTCTATTTTACAACAATGCGAAAAGGAAAAAAGTTACTCTTCGACCAAGACCACGCATAATCAAACTCCTATAATCAGACACTACCGTTTCGCCCAACAAGATCGTACAGTTT"
"Mentha x piperita","111 vs control","down",19.3,-3.2,"CB21_SINAL","GTTCTTGATCTCCTTCACCTTCAACTCCGCAAAGGCCTCTGGGTCAGTAGCCAAACCCAACGGGTCAAAGCTGCCACCTGGGTAAAGCAAGTCCTCGGCCTCTCCCAATGGTCCCTCTCCGGCGACTCTGTAACCCTCAACAGCTCCCATGAGGATCACCTGAGTCGCCCAAATGGCTAAGATGCTTTGAGCGTGAACCAAGCTCGGGTTGCCCAAGTAGTCAAGTCCTCCTTCGCTGAAGATCTGTGAACCAGCCTTGAACCAAACAGCTTCTCCGAACTTCACTCCGTTCCTAGCCAAAAGCTCAGGGAAAACGCAACCTAGGGCTCCAAGCATGGCCCATCTGCAGTGGATAACTTCTAGCTCACGGTTCCTGGCGAAGGTCTCGGGGTCAGCGGATAGACCAGCGGTGTCCCATCCGTAGTCACCGGGGAACTCTCCGGTAAGGTAGCTCGGGGGCTCGCCGGAGAATGGACCCAAGTACTTGACCCTGTCGGATCCGTACCATGGGCTGCCAGATGGACCGGTGGGTTTGACGGTTTTGCGCATGGTGACACGGCCGGTTCCAAAGACTTCGGATGCTCCTGGTGAGAGCTTCACGGCCTTTCCGGCGAAGGCAGGGGAGGAGAGAGCCATGGTTGAGGCAGCCATTAGAACTTTTCTTCTTCTCTTTTTAGTTTTTGTGTTTTTTT"
"Mentha x piperita","111 vs control","down",55.2,-3.5,"PNSB3_ARATH","TAAGAACAACAAGATCAAGGTAAACATGCCTTTTTAAGATATCGAAGCTCTGTATTTGTTCGCTCATTCAGGAGATCTTTTCCATCAATAATCTCGACTATACAAGTCCCACAGCTTCCACCACCACCGCAATTCATCAATTTCCCATAAGCGGCGTAGAGTTCAATTTTGTTATCCGACATTATGGTTCTGAGCAGCTTCTCTCCACTTATGGCTTTCGCTCTGTTCACTGCATCTCCTGGTTTAGGCCCGAGGAATTCTAGCTCGATCTCGGGGGTCTCCTGAGGTCCGGCGGAGGTTTCCGGCGACGAAGCGGCGAGAACAGAAAAGTTTCTCCTTGAAGAAGGGAAAGCGGCGGAGCTGCGGTGGTTGGAGGTGGTGGCGCAAAATTCCGGTAGTCGGAGTGACACGTGGCAGAAACTCGTGGCCGCCATACTGCCTATGAGAATGGCATGCAAGGCGCTCGCAAGTCGCAACACTATCTTCTTCGTCGCTCCATTTCTACTTTCTAGAAATTTCTTTCCATTTGTGGCTCCTAAATTT"
"Mentha x piperita","111 vs control","down",28.4,-3.8,"RBS2_BRANA","TCCGCCGACGTAGAAAAGTCTTTGCCTCAAGGAGAAAGGAAAGATCTTGTCGGTGAAATTTACATGGAAAGTGATAAAGAAACGGAAAGAATTACCAAGAAAAGAAGAAGAAGAAGTAGTAATGGCTTCCTCTATGCTCTCCTCCGCCGCTGTTGTTACCTCACCGGCTCAAGCCACCATGGTTGCTCCATTCACCGGCTTGAAGTCATCCGCTGCATTCCCAGTCACCCGCAAAACCAACACTGATATTACTTCCATTGCAAGCAACGGAGGAAGAGTTAGCTGCATGAAGGTGTGGCCACCAGTCGGAAAGAAGAAGTTTGAGACTCTATCTTATCTTCCTGACCTTACTGACGTTGAATTGGCCAAAGAAGTTGACTACCTTCTCCGCAACAAGTGGATTCCTTGTGTTGAATTTGAGTTGGAGCATGGATTTGTGTACCGTGAGCACGGAAGCACACCCGGATACTATGATGGACGTTATTGGACAATGTGGAAGCTTCCCTTGTTCGGATGCACTGACTCTGCTCAAGTGTTGAAGGAAGTGCAAGAGTGCAAGAAGGAGTACCCTAACGCCTTCATTAGAATCATTGGATTCGACAACAACCGTCAGGTCCAGTGCATCAGTTTCATCGCCTACAAGCCACCAAGCTTCACCGGTGCTTAATTTCCTTTCTAAAACAATCATATAATAATCTATACTCATTTCACTTCAAGTTGCCTGTTTTTTATTCTCTTTGAATTTCTGTCTGAGACATTTTCTATCGGATTGTCAAATGTCTGATTTATAGATATATATGTACTTTCTGTGGGAATATCACTTCTTTTTCT"
"Mentha x piperita","111 vs control","down",114.4,-5.9,"RBS2_BRANA","TCCGCCGACGTAGAAAAGTCTTTGCCTCAAGGAGAAAGGAAAGATCTTGTCGGTGAAATTTACATGGAAAGTGATAAAGAAACGGAAAGAATTACCAAGAAAAGAAGAAGAAGAAGTAGTAATGGCTTCCTCTATGCTTTCCTCCGCTGCTGTGGTTACCTCCCCGGCTCAAGCCACCATGGTCGCTCCATTCACCGGCTTGAAGTCTTCCTCTGCATTCCCAGTCACCCGCAAGGCCAACAACGACATTACTTCCATCGCAAGCAACGGAGGAAGAGTTAGCTGCATGAAGGTGTGGCCACCAGTTGGAAAGAAGAAGTTTGAGACCCTCTCTTACCTTCCTGACCTTACCGATGTTGAATTGGGTAAGGAAGTTGACTACCTTCTCCGCAACAAGTGGATTCCTTGTGTTGAATTCGAGTTGGAGCACGGATTTGTCTACCGTGAGCACGGAAGCACACCCGGATACTACGATGGCCGTTACTGGACAATGTGGAAGCTTCCCTTGTTCGGATGCACTGACTCTGCTCAAGTGTTGAAGGAAGTCCAAGAGTGCAAAACAGAGTACCCTAACGCCTTCATCAGAATCATCGGATTCGACAACAACCGTCAAGTCCAGTGCATCAGTTTCATCGCGTACAAACCACCAAGCTTCACCGGTGCTTAATTTGCTATGTAAAACATTCACATAATAATCTCTGCTCATTTCATTTCCAATTGTCTGTTTCTTTTCCCTATGGATTTCTGTTTCTGAGACATTCTATATCGGATTGTCAAATGTGTGATTGTGAACATGTAATCTCTATATTGCTTCTTCGTCTTGGTTACTTTCCGATGGCTATTAGGT"
"Mentha x piperita","111 vs control","down",203,-6.6,"CNGC5_ARATH","ATTTTAATCAAAGCTGTATTCATAAATAACGTGCTCCAGTTTAATATACATTGAATACTGAGAAAGAGGCTGGCTGATAATTTTTACACATTACTTAAAAAGAAATCAAATTCAGATATTATGGTTATATGTAAACCTGTCATCTCACAAAGTAAAGTATTGTACAAATCCAAGCTTCATAGGAGCTCCCTAATCCCCAGGACTCCCATAAAAACTTAGGAACACGACCCTAATCTGCGTCGGCAGTGAAGTCCGGCTCCGGCGGCTTCTGTAGCTTCACTAGCTCCCTCGCGCTCTTCAGGTTCCGATTCCTGTGGACCCCGCGAATCGCGTTCGCAGCGAATTTAGTTGCCAAGAATGTAGCACCGATGCTGTACGAGCCACTGCCAGATGTACTGCTTGCCCCGGCTGAACCCTCTGCCTCTTCTTCCTCCTTCCTCTTCTGTTCTAGAACTAGAAGCTTCCGCTTCGAGTAGCGCCTCCATGCGGCCTGGATGAAGCAGGCGGCCCATGTCCGCCACTGCTGCGAGTAGAACCGGAACGTGTGCTGCACCTGTCTGCTGTGGAGCCGCCGGAACTGACTGGCGACAAACTTCAGTTCGTCGGCGGTCAGTGCGAAGGCCTCGACCTCGGTCAGTGCCTTCACTGTCCGGGTTGAGGAGGGGAGGTTGGAGCCGGATTTCGGGTCGAGGGCCCACGTTAGAAGCTCCTCCCCACAGAAGTCGCCTTCTTTGAGTAGACTATGGTTGAAAAAGCCACTTCTTCCGCCGTCGGTGGTCACACTCTCGAGGCGGCCGCGGATGAGGAATATCATCTCGTCAACTGGATCGCCCTCTCGGACGATGTAAGTGCTTTCGGTGTATAGACAAGGCTTCAGCCTCTCGCAGATGGCATCTAGTAATCTCTCGTCCATGTTCTCGAAGAGTGGGACCCTCTTGACTAACGCGAGACAAAGATGACGTTTTATGTCTCTTCTGAGATCTTTAGGCAAACTCTCCACCAAACTGTGCTCATCCACTCCACGTGTTTCTAACCACTTGTACTGATCATACCGCCTAACTCTCTCCCTGAGGTCAGGTGGGAGTAAACGATGATGCATCCATTGCTCTGAGTCGCGCCTTTTAACTCTCATCTCTTCGAGGCGAATAGTGAGCGACTGAAGATACGTCTGCATATTCCCAATCAAGAGAGCAAAAAGAATGAGCCCCAAGATGGCGAGTGCAATGCTGAATATAGACTCTCCAGGATAAGTGCTGGTTTGTAGTCCTTGTCCAAGAGTACTCAGATTCTGCAGCCCCCACCATAGACAGTAGCAATATTTTGACAAGAACTGTTTTGATGAAACTATCTCAGAATCCAAAGCCTGCCTGAATATCCCAAAATCAAATGGTGGATTGGTTTCATCATCCACCGGACAAGCTGATTTTAAAACTGACCCACTGATGTCGCGCCAGATATTATAATTATCCATAAATTGATTCCCACAATATAAGAAATCAGTGGTGCAGTTTTCTCCACTACTTTTACAAGCTCTTTGCCAGCATGAATCATTACGCTCTACAGACAGCAAGTACCAGAAAGCTCCAACTATATGACTGGCAAGCATGTATAGCAGCAAGTAGGACACTGCACCAGCCCAAGCAGTTTCAGCAAAGACACCAGAAGTTCTTTTTAGTTCTGAACTAAGCGGCATAATTCGGGTGAATCTAGGAATATATTGGAGCAAAATGATAAAAAACAATGCTTGCTTTGTAGCCAGTACATCTGATCCATTTGACCTTTGCAGAAATCTCCAGACAACAATCTGTGGAAGGGGAAGCACTGCAAGGAAATCAATGATGAAATAGCACTTCAAGTACCGCTTAGCAATCTGTCCAGGATCAATTACAAGTTCACCTCTCCCAAACACCCGAGATGATGGGGCAATATAAGCAGTTCGGAATTGGAGACCCATGTGAATAAGATAGAAAGCATCAACAATTGTTCGCAGTGTTGTAGCCGTTATAGCCAATTTTCTATCTATGTCCAGACAATTTGATGATTTATTAAAAACAGGAAGAAAGAAAAACAGAGGATCCACAGATACCCCAAGAATACATGACATCACAAAAAGCTTGTTCCATAGGGTAAGGAGTTTGTCTTGGGGGTCAAATATCCTCTTTTCTGACACTTTGAGGTCCTCCGGAAAAACTGCTCGAGATACACCAAAACCAAGGGAACGGCCAATAGATTTTAGTCCCTGAGATCCTTTCTTCATTCCTCTCTTAAAGGACTTTGATGGAGCAGGATTTTTATGATTACCACGGCCCAAACCCTCGATACTCAAGCCACATTTGTTTGCAGCAACTGAAGTAGATGGGGATGAGAGTCTGGAATCCAACTCATCCAACCTTACAAACTTGTCCCGTTGCCCATATTGAGTCTTTGGACCACAATCAAACATTTCGTATGATTAGATATATTTGAATCAAAATTCAAAGATATTAAGCCATTAATTCGCGTTTCTTCAGCAACATGAAGAGAGAGAGAGAGAGAGTACAGAGATGAAGTCAAAATTTTGCTAAGAAAGTATGCAGAAGTGGGG"
"Mentha x piperita","653 vs 111","up",41,3.7,"PMTK_ARATH","GCTAGCAATAATTCCCTTCTTCATTTTGAAATGCCTGCAGCCAATCTAGAAAAGGAAATAATTTTGATTAATTCATAATACTTCAGTCAGTTTCAGTTGGAAAATCACAGGAAGAAAATATAATAATTCCTGCAACTGACATAGATTCGTTACTACTTAGTTACTACAACGAGATGTAATAAAAATTATTTTTATACACAGAAATCATAACCCTAAAAAGCATGTAATTTAGTTAATTTACCCAGAATTTTTGGTGGAATAGTACCATAGTTCCTTCTGGCAAATTAATATCTTCTCATTTAGGTCTCCACGTTCATTGTCTTCCTTCCGGCAACTCCATCTCATCCCTCTACCCAAGGTAGCTATGGCGTCGACGAAATACGTCGACTCTCGGATTATCGCGTACCCGTACGGCCGTAGAATCCGGTCCATCTCCAGCATCACGTACTTCATCTCACACCTGTGACTTTCGGCGGTGAAGAGGCCGTCTAGATGAAGGAGGTCGTACGTTCGGGGATATGTGGAGAAGGCCTCACACCAGTCGTGATAGGTTCCGACGAGGCCCCGGTCGTACACCACTGGAAGCGTGTTTGTCGAGTACGAAGAAACGACGTTCATAACCCAAAGCGGTTGATCTATCAAAGCAGCTGCAAATCCTCCATAAACAGTGTTCATATCCATAACATTTCTAATCTTATTTGTTCCCAAAGAAGTAAGCAGCTTCTTATAATGTTTAACCATCGTCTCCCACTTGCTTCCATCGCGTTTAAAACCAGGCCTACTTCCGCCACGATGATCACCAACTCGATCCGGATAAGCATGCAATCTCTTGGGCCATTTCGCCAAAGAGCTCAATGCCGTTGTACTCTCGTGCTTTGGGTCCGGTACCACAAGGCAAGGCATCATCGGGTTGTACCATGCTGCATCGGGTTCGGTACCATCATTGCACTTCGGAGGGTAGTTAGTTGGGACCTCGAGTTCTTGATAGCAGCTGTTGTTCAAAGATAGTTTCTGCCAAACGGATATATCGCCCTTCTGGTCGTACAATTTGAAACACATTGAGGTGAGCAGCTCTTGGAGTTTTTCGTAATTTGATCTCTGCTCTTCTATAGTTGAATTCCATCCCTTTGATCGTCTCTGATAATTAATCGGGGGGCCCGAGAGTACCCAGAAGCCCCCAGTTCGAAGAATACGGTGTATTTCTAAGAGGTATATTCCACCGTATTCAGTCCACGGAATGAGGCACCTTGAGCAATGTGCCATGTCAAATGAGTTTGCAGGAAAAGGAAGTCTCTGTGTCGAGATGATTCCCAGCATTGCAGGGATGCCACGTTCCAACGCAAACTGAACTTGAGCTTCATGGTTATCTCTTGGAGCAAGAGAGATAGTCAGAATCCCACGGTCTAGTAAATCACCACCCCAACTAGCCACCCCACATCCCGTGTCAATGGCAGTTCGAATAGTTCCATCCTTCATAGCTGGGATCAAATCTTGCATCAAATCAACATATTTACTAACACCTTTCGGGAACATAGTACCGCCTCCGGGGAAGAGAAATTTCTCCCCTTCTTTCTGCAGCCAATGTTGATTTGATTTCTGTTTATTAATCCAATCATAAGGAACATTCCTATACCAACATTCATCCCTACTCTTCGGCCACCTTATTGGGGACTTATATCCATCGGGTGGTGGAACTAGGCACTCCTTCCTCTCCAATGCCGGAGGGCAATGACGCTCCAAAAAAGAAAGCCGATAACGATTGTATCTCCTCCACCTCTGCGGATCAGTGCAGGGTGTGCAATCTTGAAAACTCGATTCACATTCAGGAAACGTAACAGCTTCGATTCGGAGGGGTACGATTGCTACTTCTTTTGAAGATTGAATCACATTACCAAAATCCAACATCCCATATTTGTATTTCTGTGAACAAAATAGCCCACCAAGATAGAAAGATGCCCCACACAGCACGATCAGCAATAGTGCTGTCGACACTGTTCTAGAATTCTTTCCCTCTTCCTGCTTCATGGTGTTGTAATTTTTCTAAAGATTCTGCAGATATACAAGACTAGTTGAATTAATTAGTACATCATATAAATTAAATCAATTTTTACAAAAAATGTCAGAAATTAGAAAATCATCATAAATTAGAGAGGCAAAACTTTGAACAGTTTGTATATCAGTGGAATTGATAACTCAACTCATCTCGGTTATGCTAAATATATCAAGAAAAAGAAAGCAAAGAAAGATCTATACATTTAAATTGCATCACATAATAAAGAAGTTGCAACCATGTAATAAATCTCTGAAAAATATGCAACAAAACACCAAATGCAGAAGGAAATTCAAGCAGCAGTTAACAGTCGAAACCAAGATTTCGATTATGAGGAAGACAAACTATAAGAACTAGAAGCTCGAAGACTTCAATCTAGCACGAGGAGAGAGAGAGAGTGGGAGAAACAAGGGACTAATGCAGATTTTAGAGGTGAAGACAGGGCATTATTAAAGGACTTTATGAAGTTCGAAAACCAAAAGATGAGATTATAATAGGTACATAACGCTGTGTCAGTCTAACTTTTATAAATTCACATGATAATGGGCCCAACACTTTATGAATTTTTCTGCAGACTGTTGAGGACCAACTTCACCACTAAAGTCAGAAAAGATGGAGCAAAAGTAAATAAAATTCAATCAATGTCACCTAACCATCATGCAAACAAAGTTAAAGTCAAGAGTACTGTCAATATATGGATATAAATACATATATAAATTCAGCTCAGCACTAAAACAGGTTCAGCTTCTCCTGCATATTAAGAAAGGCAGAAATCTGGAAATCATCTATGGATATCAACCTCAAATGGAATTAGTTCAACACAAAAGACAAGGACATAAGCACCGGGAAATGGAATCCCCGAGCAACAAAACACACACACACTCCCCAAGCTAGAAAATGAGGAATTTAAAGAATATACTAGTAACACTTTGTGCCCGTGTGTGTATTTTTGGGCTAAAAGATTACATCTTTGTATCAACTATGACCACAACTCAAATTCTTGCTTCAAATATCAAAAATATGACAGGAAAAATAAAGACGTTCACCTAAATCTGATCAAAATAATCACAGCCCATATGAAACGTTGGCTAAAAATATGAAAACATAAAAAAGAAAATCAAAGAAACCTGAAAAACAGAGGGTTCCTTGTACAGAAAATGAGTAATACAAGCTGGGATCTTCAAGAATTCTAGCTCGTCAAATCAAATCGATGGCTGCAATGGGGGAAACTCCTTTAAACTATAGATACTTGATGAACAAGAGATAAGAGAGAATGCAAGAAAGCTAATGTTGTAAAGGGGATTCAGGAGATTCACAAGCCCAAATACACTCACACATGCATGTTTGTCCTTTATCAACTCTCCATCTC"
"Mentha x piperita","653 vs 111","up",20.3,3.1,"-","TTTGGGAAATTGTCTATTTTTCTTTTTTATATCATTTCTATATGTAGGCCATGATTATTACATATTTGTAGCATTCCACATTTCACTATGCATTCCAATCTAAATTCACAATGTATTTGCTCCAACAAAACTATAAGTGTAACCCTAAACTTTGTCGATCGTTGAACTTTGAGTTCAGCTCGGCTAATGATGGTAACCTGCAGCCGCTACCTACGGTTCTGCTCCACCAAGCCTTGATTTCATCCTCTAGAAAGTCATGGTTGGAGATGTATTGACAAGCAACGGAGGATAGGATGCCTCCGACGTCGACCAAGATAGACTTCTTCAACGTGCAACCAGCGTTCCCTTTGACGTCGCCTGTTATGCAAGCAACGTAGTAACTACTTTCCCCTAGTCCCGCCTCGACGCTTCCAAGTCGCAACCGTAGGAAAAAACCGTTGAGATGGGACGAAGGAACGTTCGAATTCATCCATCTGAGAATGTCGGCACGAGTGAGCCGCAAGTTCCTGATCGCATCGAAAATCTCCGACTTGGCAGCATTATTATTGACATCGGAGGTATCACGTGGCCGGAGGCCTTGATCTTCCCCTCCACAGAGCATCAAACGTCGAGCGCCAAACCTGCTAGTGGGCCCCACGGGACACGAGACCGCCCAATGGTCCGGCTTCGAACACCTAATGCAGAAGCACGAAGATTCTTCAACCCTACTATCAAACGCGCTCGACTTCAACAGAAGGTCCTCGAGCTCCGATTTCGTGATGCCTGAACACCCGCGCACGTCATGGCAACCGCCGCAGAAAAGGCATGTCGAGTATATCCCCTTCTTCAACGACGTAATGTGCTTGAGGGCGTCCAGCCGCCTCGCAAAATCAGACGCCATCGCCATCGCCTCAGAACTAAATCTCTGAGAAGGAAGTATGGTACATAGTTCGTTTACGGACTTCAAGTCCGCAGATTCTTCATTACTATCAAGATCAGCTTTTACGAGGATCTTTTTCCCTTTCTCGGACCTCAGAGTTTTCGTAGAAAGACGAGAAATCCACAAACTGACACGACGATCACTTCTTTCAAGAACACCGCTCGTAGCTAACGGGATATCCGGATATGCTTCTTTTGTAGCTACTATCGTACCTTCATCCAAAGGGTCAGCTTGAATCACCCGATTTTTGCTCTCAGAAGGATCTCGAGATCGATCGTCCTCTTTAATACTAGGAATAGTTTGTTCAGAAGAGTTGCCAAAAATTCTTTCATCGGATTCACGTAGATTTTCGGGAGATCCCTCATCATCCACCTCGTGTTCTCTCGATTCTTCCTCTATGGACTCGACAATCTTTCTCGATTCTCCGCAACACAAAGACTGGAACACGGTTTGGAAACCCATACTTAAGTTCGAGTTTTGTGGTCTGAAGCACATGAAATTCTCATCATACTTTTTGCTCAAGACTCCATTGGAACAAGCAAGAGGCAGAGGGGATAAAGAATCTTCTAAGTTCAAACCCGAAAGGCCGCCCCTCGTCATGTTCGATATCCACTTCATAAACGAGCTATTAGGTTTCGCGTTCGATCCGTGAATCAGCATCTTCGTTCTTTTACTTTCAGTCACCATGTCTTCATCAAATATCTGCCTTTTCACACCCTTCTTACCTAGTGAAGAAAGTCGACTGTTCGAACTATTCGCACTCTCGTGATTGTCGTCTTCGTCGTCCGAAGATCTTCCGTAGATATCTTCATTGGATAATGCTTTCCCTTTCTCCTTTTCTTGATACAAACAAATCTTGCTACTCTCGCATGAGCCTTCGATAGGAAGCGTATTCTTTATCGGGAGCTCTGGTCCTACTAAACTGCATTCGTCTTTCTCAGTCAGACGGCACAGCTCGTTTTCAACAGACGACTCCAGTTTCTTCGACGGGGCAGCAATTTCTTCCCTCGATTCAGAAATAACGACGTTTCGCTCAAGAATAGCATCTTGTTTATCAGCTTCCTCCTCCAGTTCCCTATCAATCTCCAATCCGTCTGCATCCTTAAGAACCGTTGCCTTTTCAATAATTATCTCATTAGCATCCAGCACCATCTGAGATACAGTCAAGTTCCCCTGGTCGACAACAGGCTTTAGTCCCACATTCCAGAGTAGAAACGGTTTTCGATTGTCATCTGCTCGAAAATTAGCACATTTCACACCCACACCGTTCTTAGGCGACCAAACTAATTCGGACAGGGGATCGCACGTTGCAAAAGCCCGATTCACCTTTGAGCCTGCATTTACACCTGCACCTGATGAAGTGCTAAGCAGTTTTGCTCGGATTCTCGGTTCGTGTTCGGAGTCAACGTCCTTGTCCTCTATATTCATCATTTATTATCTCTCAGAATTTCCGATGGTCCCCATAGCGACAGGCAGCTGTAGCTCGTCATGTTACAAGAAATGCGAGATTTCATTCCATCAATGGCGGAGCTACCTCCACGTACACTTTCTTGCATGTTCCTACTATACTCTATAAT"
"Mentha x piperita","653 vs 111","up",23.3,2.4,"P2C14_ARATH","CTCGAATTCATCCCAACGGCGCGGACAGAAATATTCAAAATTCCAACTTCCCACAAACCTTTGACATTGACCCCATCAAGAAAACAACCTTATTTTCTACCAAAGCAGATTTCTTGTTGCGTCTCACTTTGACCCACAACCCATAATCTCTACATACACTTCTGTTCTTCCTTTCTTAGTTATATCTTTCTATCTATGGCAAATGATAATGATTCGAGTTCAAGATTCCATGAAGCTTCCTCCAAGAGTATGAATGGAGGTGGGATTCTTGGAGGGCAAAATGGGCTTGCTTCTTCTTCGTCTTTGAAGAGGAAGAGACCGCCCAAGATCTGTATCCCAAATGTTCTGCGTGAAATTTCTGCTGATATTTCCAAGGGGAAGAAGGGTGATGGTGGTGTGTGCTTCTCTGCTTGTGGGGTCGGAGTTTTTTCTATCAAGGGCAAGAAAAAGTTTATGGAAGACGCCCACAAGATTTTCCATTCTTCAAATGGTAGTAAGGATTTTTATGGGGTGTATGATGGGCATGGGGGGAGCAAAGCTGCAGAGTTTGTGGCAGAGAATCTGCATCTCAAGATTCTTGAAATGTTGGAAACATTTCCTGGAAAAGAAAAGCTAAAGGCTATTAGGGAAGGCTATTTGAAAACTGATGAGGAGTTCTTGAAACAGGGGTTGGGTAGTGGGGTTTGCTGTGTGACTGCGTTGATCCAAGGAAAAGAGATGGTAATTTCGAACTTAGGTGACTGCAGAGCAGTTGTGTGCAGAGATGGGATTGCAGAAGCCATTACAACTGATCACAAACCAGAGAGAGAGGACGAGAGAAGAAGAATAGAGGATAAAGGAGGATATTTGGAAATTCATCGTGGAACTTGGAGAGTTCAAGGTACGCTCGCTGTTTCAAGAAGCATAGGAGATGCTCATTTGAAAGAGTGGGTAATGGCTGAGCCAGATACCAAGGTCATAAACTTAACAAAGGATATGGAATACCTTATCCTAGCTTCGGATGGGATTTGGGATGTGATTAGCAATCAAGAAGCTATGGATATTGTTATGCAGTCAAGTTCAAGGGACAAGAAACTCAAGGGATCTTCTCCAGCTAAAAAGGGTTGTGTTTATCACTGTGCAAGTGTGAGTCCATCATCACATTCACCACGATCAAAAAGAATATTCCACTCGAAGATCGAAGATGGAGACGATCCTTCTGCATCAAGAATTTCATTAGCAACAACGGCAGTGAAGGTAAGGACTCAGTTCCTCAACAACGAGAATGATGATGTATTGGGTGAAAAATCGAGTAATACTGGGATTCTCAGTGCGTGCAAGGAGCTTGTGAATCTTGCTGTGGCTAGGGGTAGTTTGGATGACATTACAGTCATGATAGTTGATTTAGATCGTTATAAATGAATTAAGGCTAACAGTTGTCATTTCAATGTTGTTTAGCATCTTATTTTCTTCTCAATAGCAGATTTTTCTTTTTTTCTAAGTTCACCTTGAAGACTAAAATACTTGAGGCTTTCACATGCTCAATGCTGATAGCTACACGATTGCTGCTACACGAGTTTCAGCTCGATTCCTAATGCCTTTGGCAAGCCTTTGTCAAAGAAACCGGAGGATCTGAATAAGCACCACTCACAATCTGATCGAAAATCCATTTATTAGCAGCCTGAGTGAAATGTACTCCATCCCAAACTACCGCGACTGATGGATCTTTGCATGATTTCCCTACCAAGATTTCTTTTCCTTTCACTTTGATTTTGCTCCCACACCCAAAATGCAAGTCGTAGTTGTATTTTCCTCCATGCCCACAGCAAGAACGCAAAGGATGCACGAAGCCATGCTTCTTAGCGTGGCTGAAAAGCTCGTACTTGAGTGAGTAAACATCGACATATGTTAAGGCTGCTGAGGGCAAGTCCTTCCTCAGCTCAGCAACAGCTTCCTTCAATTTAAGGTTGAAGTATTTAGCAACTTCATTAAATGGAATTGCACATCCAACCTTATCTATTTGCTCGGGTGAAACAGGTACTCGTTCGAAGACATAAGCCAAACAACCTACTGGACCCGTGTTGTGTATCCAGAATGACCTTCCTCCAAGATGGTGTATATTCTGCTGTTAAATCATTCTGTCCGATGTCAAATGTGTACAAGGCACGCGAAAACACTCGTGCCTTAGGTAGCAGGCTCTTAAAAACACCC"
"Mentha x piperita","653 vs 111","up",24.2,2.3,"PSL4_ARATH","AATTCCTGTCGACTCTCCCTAAAGCTAGCTAGGCGCGGAAGGAGGGTTTATGACGTATCCATTAATACGACGTCGTGTAGCTACTTCCAAAGCCCAAATCCCTAGCTCTGCACTTCTAATTGCTCATGCTGCAATCGATTCAAGAAGCCATTACAATTTTTTCAGAAGATGAGAACCAGAATTTCGCAAAGCATAATGCTGTTAGGTTTCGCCATTATTCTGTTAATACACTGCATCACCAGATCGGCCGCATCCCTTCCCCCAGCTGACTCATTCTTCGGAGTGTCCCCTGAAGATGAGAGTTATTACAAGGGGATGTTGTCATCGAGTGCGATTAAGTGCAAAGATGGATCAAAGAAATTCAACAAATCCCAATTCAACGACGACTTTTGTGACTGCCCTGATGGTTCTGATGAGCCCGGAACATCAGCTTGCCCCAATGGAAAGTTCTACTGCAAGAATGCTGGACATGCTCCTATCGTCTTATATTCTTCCAGGGTCAATGATGGTATCTGCGATTGCTGTGATGGGAGTGATGAGTATGATGGGAATACTAAGTGCCCCAATACATGCTGGGAAGCTGGAAAAGTAGCAAGAGAAAAGTTGAGGAAAAAAATTTCCACATACCAGGAAGGTGTCACTATACGCAGGCAGGAAATTGAGAAAGCAAAGCTGACCATATCCAAGGAGGAAGCTGAACTAGAGAAGCTAAAAGCTGAAGAAAAGATACTCAAGGGATTGGTCGAAAAGCTCAAGGGTACATTTTCTTTCTTTTGTGGTGGCTCGAAAGCATGCCCCACTTTCTCCGATCCCACCCCAACCCCACCAAAACAAACCTGAAAACTATGCTGTGTGATTTGCTACCTCTTATTCTTTAATCTGTGTTTGATGTAAGTTAATATAGTGATATAAACATACATAAGTAGTCCTTGATGTTTCTACACAATTATAGAAGACTCTATTTTATATGCATGCAAATATCTGAATGCAATTTTCATTTCATATGTGGTATTTTTTTTATCCCATCCTGATGAGCTTGCTTGGAGAGCAGTAATAGAGTAAGCTACTAAAACTCAATAATGGCTTAAAAAACGTGCCAGAATTCTAGTTCACCTTCTTAAGTTGTTGAGAAGACTCTGTGAGGGAGCCTGTTAAGTTTCAGTTCATTAAAGTGTCAAGCTCCTCACCAATTTTTTACTTTCTTTTACTAACATATTTGTACCTTTATTGAAGCTTTTGGGTCAATTTTTTTATCCTCCAGTGTGATGCATATTCTGTTCTGAAAGATGTATCCCATTATTTATTTATAATTTTACCTGCTTTCTGCTATGCTTTTGTCAAGAGCGCAAGGAACAGATAGAAAAGGCTGAGGAGCAAGAGCGGCTTCAGAAAGAAAAAGAAGAGAAGGAAAAGAGGGAAAAGAAACTCCAGGCCAAGAAAAATAAGATGAAGGTTGATGGTAGCAGCAGTAAGAAGAAGAAGGGTGGAAGTGGGTTTCAAGTAGGAAAGAAAAGGTTGAAAACGAAGATGACACCATTGGCGAAAGCTAAAGCTGCACAGGCAATGGAGGTCGACAAATGAGCTTGCTGTAAGATGGATTATATAGGAAATTGTTGAATCTCATTGTTTGTAGCTGGTTTAAGTTCGAACGGTTTCTAATCAATTGCTTAAGCTTTTGTGTTATTTAAGTTCAATTTTGGTCCGAGTTTCACGCTAAGTAATCTTTGGTGTCCCATATTAATGGATTTCTACAGAATGAAGTATGACTACTCATTGATGCCTGTGATTATTGTGTGACAAATCTTTATGGTTTCAGGCAGTTCCACTGAGAATATGAAATCCCACCTCATTCTTGACTCAGTTTTTAAGTTATTATTATAATGCCCCTTTCCAACGTTGTATGTTTCTTCTGTAACGAATGATCAGCTTATGAATTAGAACTGCATGAAGTTAAGCCCTTTGCTGTTGTAGAACTAAATTGAGTCTGAATTTGCATATTGGATCGAGGGCAATAGATAGGCAGTTTGTGTGTGCAACAGTTTAAATAACCCAAGCTGATGTTTTCTTTCTCAGTTTTATATAGCAACCTTAGTAGTGCCATTTATATCAAGTAACTCGGATGTACAGATGTAGTATCTATGCTGCCTTTCAGTTTCAGAGGTGGTTTCGTCTATCTATGAGTGCCATTCATCAATGTTAATTAGACACGGTTTTGTTGTTTGCGTACCATCATGTTTTTGGAGTAATTTGTTGGCAACCCTCATGTCATCATAGGATTTTCGAC"
"Mentha x piperita","653 vs 111","up",30.3,2,"-","ATGATTAAAGAAGTTATGAATCAGGTTCGTGGAGATGTTTCCCTTCCTTTTCTGAGCTATCATGTAGAGCTATGCATGTGCATTTATTAATGTTTGACAGGAACTATTTCCACTAAATGAGTATGTGCAGTTGCTTATTGATGTTTTTGCTTGTTGTGCCCATTCTGAACTGAGTTACATAGAATCCTTCTGTTAATCTTTGTTGTGCCCACTACAGTCTTGAAGATTAGTATGCCTGCTCAGTATATCTCTTTTGACATGGATTCTCTCTATTTTATTATTAGAATGATTCATCAATAATCATTTTAGTCATGAGTTCTCTATTGTTTTTTGTGCAATTCAAAGATAAAGGCCTTGATTACAGGTTCTAGTGTGATCTACTTTCTTGAACCCTCCCGGTTGCTTCCTTTTCCTTCAAAAAATATTCCTCTGCAAATATGAGTTACTTTCTATTGCTGGCAGACTTTAACTTGTGTGGATGACAATTTAGCAGTAAGGTATTTGGTTATAGGATATACATGGTGCCCATATGTTTTGGTCTAAACATCTGCTTAGCAGAATTTTCTATGTTACGTGGATTTAAATGAATTCTGATGTTATGCCACATTGATACTTTTCTAGATATAATGTATGGGGTTATTTGGGTTGGTTCCTTGGATTGATAATAAATTTCATATATTGGGCATCAAAGCAAGCGGCAGATGGTACCATTGGATCCTCTTAACTTTAACTGTGAGGGTTTTCATGTGATTTCAACTGATTCCTTCTATAAGTAGAGATAATCTCATGATGACATCGTGGACTGGGAATTTATTACGAAGTACCACTTTAAGCATGCCTAGCAAGATCTTTTGAATGCTGCCAGGAAAAACTTAAATTCAAAATAAGATTTCGGTTGCCATGATTTATCTGTCTTGAAGGTGCCAATTTTTCGAATTGGTTGACTTAAAAATGCAGATTTGGCTTTTCCTTTCACTTCCAGTTCGCATTGCCTTCTTGGTGTATCAATAACAACCACTATTCTCTTGCGTCACCAGAAGAGAGGTACCAAGCATTAAACCTCGACATTGCAGGATGTTATTAGTTGGTAAGATTGCTTTGAGACTTAGAAGCTGATAATAATTATACTACTAGTGAGGCTATGTGGTATGCCTGATATATTTTTGAGACGTATTGGAAAACGGTGCCTCACATAGTGAAATTATTTTCATGAAGTAGCGTGGATATATTTAATTAATCTAATTCCACTCGGTATATTGGAGAATATGGTAGTTGTCATTCTTATATATGCTTTTTTGGTGATTCGTGGTCATCTTGAAATAAACTAGGTTGAATATTTAGAACTATCATTTACTTTACATAATGCCGGATTTATTTCTAATTTCTTAGCAAAGGTTGGTTGCTGTTCTACACATTTTGTAGTGAATAGTCTGTCTATTTGTGCATTGGATCCATTGTTAGAATTAGTTGTTCCCTTGAAGAAAACTTTCTTGTTGTTAATGGTGCATCACATAGTTGTCTTCTTCAAGATTCAGCAATTGCCTTGGCGTATTCTGAAAAAAGGTATATCTGGAGACTTCTATAACCAAAGCACTTGTGGGTGATAAATGAGGAAAGAAGTGCCAAGTTGCATACATGCTGCAAAGGTTTAGATTGGTTTTTGCTCATAAATGAAACTTCTTTTTTCCCCTTAAATCGTTGCTTAGTTTCACTTGTTGACCACATCTCATTGATGCGCATTTTCTTTTCCTCATGTATATTTGTTCATGATTTTATTGCTTTTTTCCTGAATATATCGACTCACTTTCATATCTTTGCATCTCTGTCTCGTTAGTAGTTTAAACTATGATATGATTGTTAATGTGTTACTATATTCAAATTCATGCTATAACAGAGTACTGTATGTTCTTTGATTGATTATTTGTCATTTGTTCTTGTTAAATTATCCTCATTTTCTCTTAGACGTGAATTATCAGCAATTGCTGCATGTATCTACCATTTTTTAGGCCGATATTCTACATTGTGGTGTCTTTATTTAATTCTACTTATTTATTTATTCTCACTCAATTTCTTTCATAGACCATAAGACCATCACCTCTCTCTGGAG"
"Mentha x piperita","653 vs 111","down",15,-2.2,"SBT16_ARATH","CACCAATTGCTATGCCATCAAGTCTGACCTGTTCCCCCATCAATTCCTCCATTAGGCAACAGTACCACTCCATCCAACATCGCCCAGTACCAGTTCATCAAAAGGATTCCGACCCTCCTTCAAATTCGACCACCAGCAAAGTTTGTCGCCGTCGGCTTTCTTTCTGTGAGAAAAATATCACGCTTGAATCGAGGAATATGTTAAAACAAGAAAACATTAGGAAACACTTGACCAGAATATGTGGAAACCTTCTTTTGTTCCCACAAGCTTTTCCTGTCTTAGTCTTGAAGTACTCTTTGTAGCTGTAAATCTTAATCAAGCCACTTGTATATTCTTTTTCTTTTTTTAGCTTTCTTGGAATTATTTAGCCCCTCTAAATGCAATTTTGTATAGTAAAGTGACAAGTGACATTCACTTTTCCTTTGCTTTTTTTGTTTTTTTTTTGTGCTGCAATTTATAAAGTTCTATTTATTTTCCGATTATCGTTGGGTTTGAGGTTTAGGAATGTAGTTTGTTACTTACAGAATAGGACGAGATCGGTTATAGGCATTTTGACTTGGGAAAAGTAGCAAAAAAAAACCCAAGGGTGTCACCCCTAGGGCACATATCACCCCAATGTTAAGTTGGGGGCAAATACCACCCCAAGGTACAATAAGTTGAGCCCGTGTACCCCTCATTTAACATCCTCCGTTTGTTGCTGGTAATATTTTGTTTTTGTTTTTTTTTAATTTTGTGTGGGCCCATGTTTATTCGAAGCGGGAGAAGACAGGGAGATAAATAGATGTATATGATCAGATGCTGAAAATTCCCCCACGCTATGCCGGCGGCATAGCCCTCCATGCTAGCTTTGAAAACGTATCTTCCTTCCGGCGGCGCTGTAATCAGATTCCGAACATAGGCCGCGCTGGTTGCGCAGGCCAAGAAATTGTGGAGAGCGAGTGGTGTGAAGGTGGCGTCGGCGGTCTTCGAAGGTGTTAAGGATGGAGGGGTGGCGGCGAATGGCAGCGAGTTGGGAGGGAGTAAGAAGGGTGGAGAAGCC"
"Mentha x piperita","653 vs 111","down",27.8,-2.4,"PIF1_XENLA","CTCTCTCTCTCTCAAAAAAAAATAAAAAAACCTAAAGACCAGTAAAACTGCTATGTACTTTGGAGAATCAATGATCGACTCGGGAAATGCGACACTGAGTTTTTTCTGTGAGCAATTAATATGAGGTAATCAAGATTGTTTCTTGTCTATATTTTGTGACCTTGAGAGAAATTCAACATGAAACTGTGGTCGTTCGTCATCACTGCGTGTCGGCATTTCAGTTCTGAAGCCGCTGCTTCCAGTAATAAGAAAAAGTATAAAGGTAACTCTTTTTGGAGTAAGAAGAAGAAAGATTTAGGAAGTAGCAGTAGTAGTAGTTTGAAGAAAGTAACAAGACCTAAAATCAAATGGACTGATGAGCAAAATCGGGTGTTGGCTGCTGTTTGCGATGGGAAATCTGTTTTCATAACTGGTTCTGCTGGAACTGGGAAAACTTTTCTACTTAAGGAAGTCATTAAAAAGCTCAAGAAAATCCATGGCCGATCTAGTGTTTATGTCACTGCATCCACTGGGGTCGCCGCCTGCGCTCTCCATGGACTTACCCTGCATTCCTTCGCTGGTGTTGGTTATGGCGAATTGGGTCCTCAAGGTTTGTTAGAAAGGGTTTTTCAAGACGCGGGAGCATGCCGTAGGTGGAAGAAGGCTAAGGCATTGGTTATCGATGAAACGAGCATGGTTGATGCAAACCTTTTCGATGGCCTCGCTTATATTGCTAGGATGTTGAGAGAGGATGAAGAGAGTGAGTCTGGTAACAAGACTTGGGGTGGGATTCAGCTGATTGTGAGTGGTGATTTCTTTCAACTGCCACCCATTATGCCTGAAAAGAACAAGTGTGAGAAGATATATGCTTTTGAAGCTGATTGTTGGAGTTCGAGTTTCGATCTTCAGATTGAGCTCACCAAAGTTTTCAGACAATCGGACTCTCTGCTAGTGCATTTGCTCCAAAGGATAAGGAAGGCAGATTCTGATCCTGATGACTTGACTCTCTTGATGGAGTGCTGCTCTGTGTCCGAACCGGATCCTTCTGCAGTGCGCCTCTTTCCGAGAATCACGGATGTAAATAAGGTGAACACGGAGAAATTGGAGGAACTGGATCAAGAAATCTATGCCTACAGTGCTCAAGATTCCGGTGAGGTGAAACGTATGAGCCAGCTTAAAAGTGGGATTGCTCCTGATAGGCTTGAGATCTGTGTTGGCGCTCGGGTGATGCTGATCAAGAATTTGAACCTGTTTAAGAAACTAGTGAATGGTGCAACTGGAACTGTGTTAGAGTTGTGCAGAGTTGATGGAGAGAAGCATGAACTGTTTGATATGTGCAGCCACGGAAATTTGCTTCCACTGGTGAAGTTCGACTCCGGTCATGAAATGTTAGTCGAACCAGAGACGTGGGAAGTGAGGGATGGAGAGAAAGTTGTAGCTAGGAGAAGGCAGATTCCTCTTATATTGTCATGGGCTTTGAGCATCCACAAGTGTCAAGGGATGAGCCTCGATATGCTTCACACTGATTTATCGCGAGTTTTTGGGTATGGGATGGTTTATGTGGCGTTGTCACGCGTGAGAAGCTTGAATGGGCTCTGCTTATCAGGTTTGGAGCCTTCAAAGATCATGGCACATCCAAAGGTTTTGGAATTTTATCGTGGTTTTAGCGAAGAGCAAAATGAGAGGAGAGAAGGGTAGTTTGCATATAATCGAAGTAGCTTCCGTTAATGATGCTGGAGATCTTGAAGCAGAGTCTTGAAACTTTCATTTTCTCTATGTTTAGCCGACTGTTGGCGTATCATTCTTCATTGATGTTGATAATAGTAAATAA"
"Mentha x piperita","653 vs 111","down",24.4,-2.5,"C3H53_ORYSJ","TGAGCAATGATAATTAGAACCAATTTATTACATTTGAATATACATCGTACATGCATGTGTACATGTTATATCTCTATCCTATAATAACACCAAAAATAAAACTAATACTAGTAAAAAGAAAAGGTGAGGAAGAAGAGAATTTTCCTAATTTGAGATCTTCATTTCTTTTCTTTACCTCATAATATACATGGTATTAGTACAATATTACAATGATATCACAAGGCACTACTCTGCCCTTTTTCTTCACTTTGTTACCTAATAAAATAACCCTTATAATTATGGGAAAGCCATCAATGGTGAGCAAGGAAAGAAAATTACAGCCCCTGATGACTAATATTCTCTTTTTTTTTTACTATTCACTATTTTCTTCTTCTTCTTTAAACCTGTGGCTGTGGTCCAACAAATTTCAACTACAGATGTGAAAGGTGATTAACAGTACAACAACAATGGAGAGAGAAAATGGATGGCTGACCCACTCTTCTTTACTGCCTTTTTTTATGAACACAACTTGTATGGTTGTAATAGTAAGTAGTATTAGTATTGAACACTAATCCTGCTTCTGGTGAGAGACATTAATGGCGGACGGAGGAGCTTCTAATCGAAGGCGGAAGTGAGGCGGAGGTGGTGTCGATCTTCGGCCTTATCGGAAAAAACGCACACAACTAACCTTTCATTAAGGGTGGTTAGGAAGGCCGACAAGGGATCTAGACCTACATTCCGATGGTCTCGTGACCGGAGGCAAACCTACATCGATAGTACGAGACGAGTCGTAATTAATGCTGCTTTCGATTAATTAAGGAGCAAACAATGATATTTAGACATAAGCAGAAATGGAAGTGATACCTAGGAACTTGGAAGTAACAAGAGGTAGGAAATAATGATGGGCCAGTGATCAAATTATTGTTAGTAGAAATTGCAGTACTGCCCTTTTCCGATGAGTCGGAGAAGGCGGTGACAGAGTCACCGGCTGCCTTCGGGGAAGCGAAGGGACTATCCGGAAGGTTATGCTCCAAACCTTGTTGAAAAACACTTTCTTTAGGGGGGCTGCTGTTGCCATTGCTCGTCTCGTCTTCCTCTTTTGCGATTGAATTTGTAGCCAGGCGCACATCATGATTCGCTGTTGTCCCAATCATGCCATTTTCTTCTCTAGCTTCTGGGCTGCTGCGGTTGCTGGGAACGACATTCTGGCTGAAGAAAGTCGGAGGGAAACTCGTGGGCGATGAAATGGCTGCACCACTCGAGAGAGTACGGTGGTGGCTGTTCCTCTTAACATCGAGAAGCTGAAGGCCCATAAGCCTCCGATTCTGTAGCTCGAGTGCTTGCTGAAGATCAGCTTGCTCCTCCAATTTTCTCCTCCACAACATGTCTTGAGGGCTATAGAACATCCTAGCACCGAGTTGGAGATCATAAGGATCTCTCGACTCTAGCCCCGCGAACTCCCCTCTCTCCATCTGCTGTTTCCTATGCTTGTCTGGGATTTTGCCCTTCTCTTTGTAGGGCTTAACTAGCACACGAGCATCGCACACGAAATGAGGATTGCCCTTGGCAAGGATGAGCTTCACGGTGTCCGGGAAGTCGAAAGTGACGAAACCGAACATCCTCTTCTGCTGGTATGGGATCCTCACATCTTGAACTGGACCAAAGTTACTAAAATAATTGGACACGTCCTCTTCCTTGAAGGTACTATCAGCAGGGAAAGTCAAGTAAATCTGCCTCGAACCAGGATTCAAACCATTCATCCCAAAATCTCCCCTTTCGTGGCGGCCTCGCCCGAATTTGTGCATTCCGTCCCCCATCATCAAAGATCTGGGGCTGTCAGGTGGGAGCTGCTGCTGCTGCTGTTGCTGTTGCTGCTGTTGGAGAAGACGGTGTTGTCTTTCTTTAGCCAAGCGAATTGCATAGGCTTGTTGTTGGGGATTCAGGGCATGATTAGTTGACTCTTGAAAATGAGGATGATGACTATGGACTTGAGGCTGCTGAGGTGATATTGGATGGGAGGGCTGATGATGGAGAGGGTACGCGGACACAGGTGGAGATGCGGTCTGGTTAGGGAAAGGTGAACTTAGCCCACCAAAGTGAGGCACTTGGCTGTTTCCTGGTGAGGCCTGCATCTGAAGATCGGACGGCATCATTTGCCTCTGTGAATCCTGACTCAGGCCAGGCCGCATCATATGCATGGGTTCCCGAGGCCTCAAAGCTGAACTTCCTTGACCAGAGCCTACTCCAGAGTGCATATTTGGTGATGACAAAGCAGGGGAAACCATACTTCCAGAATTAACCACAGATGATGAAGCAATGCCTTGGAACCCAGGCCTTGACATTGGCATGCTTCTATTAACATTACCAGGTAAACCCATGCCATTGCCATCAGAAAGCATACGGACACCACGATCGGTTCCTGGAAGAGCTCCAGAATTA"
"Mentha x piperita","653 vs 111","down",18.6,-2.7,"EGL1_ARATH","CAAGTATTGATACTTTGTCAACCTGCAGAATCAAAAGTTTGAAAAAATCTTCCTACAAACAGCTAAATAATATGAACAATCCTAACATAGGAAATAGATAATATATAGAAAACACCATTCAAGAGAAGCATGATTGTATATATAAGAAAGTACGATCTAAGAGAACCGACCAGTTGTTCTCCTATAATAGGGGTATTAAATGGAGGCTAATCTGAATTCTGAAGAGCAAAGATTTGGCTACCTTTCCACCAGATGGAACTAGTGACGTAAGAATCGCGAATCTCTCACTTATTTTCTCTCTCCGTTTCCTCTCGGACAAGACGTGGTTTCTGTCGACTTCCTCAGCTTCTTGTTTCTCAGAATGGTCATTATCACATTTCTCCTTGTCCGTAACAGATTCAGTCCTTGCATTTTCGTGCATCTTAGCTACTTCGAACAGCACTTTCTTTATTAACCTTTGTGGGGACGAACTCTGAGGCAATCGAGGGCTCGATTTTCTCTCTTTCCAATTGACAAAGCTCGATTCTCTCTTACCATTTCTGTAAGGTCCCAGAATGAGCTGGTGGGAGCTCTTCAAAAGGCTCGAAAGCACACTGTGGTAATGAACATCGCCTCCATTGAAGCCGGGAGATTTCTGCTCATTGCATTCAAGAATCTTCTTTCCATCGAATTGTTGGACTGCCCCCTCGGGATTTACTCGAGTTTGAGATACGCAATCACTAGAGCTCGTGGAATTGTTCATGCCATTGCTGACTACGTCGTCCTTTAACTGCCAGCTCAGCAATTGAGACGCCTCTCCATCAACGTCGTCCGCTAAATTTGATTCCTCCCTCAGTACATTGTCTGCAAAATTATCCGAACTGGTTTCTGGAGAAGATACTTCCACTTCATCAAGATTGTTTTCGGGGGTATTGGAGTGATTGATCACTCGATAAACAAGATCATGGTTCGGATTGATGACTGTATCAGAAGAAGTCTCCAAGAAGTGCGTTTTTATATGGTGAATCAGACTCCGATCCTCTGGAACTAGTTCAGTTGTTCCCAGCTCGACTACACCTCCCAAATGAGGAAAGCAAACTACAGTCTGTAGAGATGCACTCTTGGCAAGCAAAGAACGAGAGAAGAGCTTTGTGTCAGCTAGATGAGCATTCCGTAGCCAGATTGTTTCGTTTTCTGCAAAACACCTTCCTGGCAACCCTTGGCCGACATTGAAGACGAAGGACATGCACACCAAAAAGTACCACTCAGTATCAGTGAGATCTTCAGGGGATAATGCAGCTGTAGGCCTTTTAGGTTGTGGGGTGGTTTCACCTAATGAGAGAGATCCAAACAACTCTCTTAGCTGATCGCTCCTCTGCAATCCCAGCGGATCCGAATTCGATTCCACTGCTTGAACTGTTTTTCTAGTCTTGATATCTCCATTGTAGTACCCTTCACTCCACCCCAACGCCCCAGATTGTTTAGCAGAAAATGACCAAAAAATGGCATAGCTCCATTGGGTGCTTCTAACAGCAAGAGCGAGCTGCTTTCTTAGATTATCAGTAACACTAACACCCTTTTGATTTGCAGTCGCCATTCTTGAAACTCTGACCCCTTTTTCTTCTTCAGTTCTGCCTACAATAGCGATTAATATACAGGGAACGAAATTGAAATATTATAATATGCGAGTATGAAAACTTTGGAGCCGACCATGACCATCTCTCGCTGAGGTAGGTTGA"
"Mentha x piperita","653 vs 111","down",90.7,-4,"ARP3_ARATH","GGACCATCAATTTTCGTCCGTCGATTTTCATACTATTAAAATTCAGAATTTACATAATTAATACAAACAAATTTGAAACTAAAAAAATTCTGAGTACCATGCCATTGATTGGTAAGAAGAATATTACAACGTGAAGAATGTAATCAATTTTCAAGGAATATCTACGGTCACAAATTCATCTAAACTAGAAGAAAATCTTCAACCTGAGCTCAACTCCAGTCATTGCATATAAGAATCCAGTTTGATCAATCTTTATGTATTTTACTAATACATTCCCTTGAAAACTGGGTTTGTGCGACATATGCTCGCTCCACATTCCTCGTACTCTGCCTTTGTACGGCAAACTGTAAAAAACTCGGGCGTGGAAGCAAGTACCGAGCCTCCAAACCAAACTGCATATCTTTGAATCGGGTGGCTAACAACATTTACTTCCACAGGTTGTGACTTTGTTTCTCCGACAAGCCTAGCATCGGATGCAAGACCTCGAGCATCAACAATCTTCTTTAGATCCCTTTGTAACCTCCGGTTAAAGTCCTTGAACATGGTTGATCCTCCAGACAATACGACGTTCTTATACAAGGCCCTTCTTGTATCGATTGGTGCAGACTGAATACATTTATCGATAACATCAGGGAGAGGGGTGGCGAAATCACTAGTGTATATTTCAGGGTTGAAGAAGACCTCAGGCCCAAGAAACCTTTCATAGCCTATATCACAAGAATATGGAGCCCCAGTCTTGGGCTTGGTACCTCTCCACTGCTTGATGTATTTTGCAGGCTCTTTATCGTGTTTATTGAACTCCTTAACAATGTCTGAACAAGTGTAACAATACATTTCCTTCACTCTCCGGGCTACGTCAAAGGCATCCTCAGGTGGAATATGCTCTCCTCTTTCTCTCATGAGCTGCTGGATGAATCGAGTCACGTCTCTCCCTGCGATTGGAATGGACTTAATGCTGCTCCCGATTACGTAACCATCTGCAACAGGTACAATATGAGTAGCCCCATCTCCTACGTCCACTACAACTCCTGTCATCTCACACTAAGAAAAGTATTCAAGAATAAGAAAACACAAAAGTTTATGAAATAACTACTTGATTTTGTGGTATATTATACAAAGACCATGCTATTGTCCCACATGTGGTTCATCATGCTTCATTAAATTTGTCGAGCTAACTATTCAATCGCTGTTACAAGTGTGTAACAGAAGTGGAGTCAGCCTGAAAAGAAGAACACAAATTTTCCCAAATTCAACATTACATATTACTCTTGGCAATTATCTACCCTCTTACCACAATCACCTATATTAATGATTCATCTTGATAGTTCAAGGATAACCACATGATCTGGTATAGCATGATTCTCTCTATACAGCTATTACAACGACCAAAGAAAACCCTCCATTAATCGAAATTCGAAGCCAATAGATGAAGATTCAGACAAACTACTGATAATCTCCACAAAGACTTCACTATATAAATCATATAATCAAACAGCTCACTACAAATGTCAACACAAATTCAACCTCCATTCTTGAAATATCAACATGCTGAGGCTTCATTCATAACAAGTTACTAATAATTCCACAAAACCAATCCCAAAATAGTAAGGTTCCAAAACTGCCATTAGCACCAAC"
