Host,Comparison,Regulation,Base mean,Log2 fold change,Gene name,Gene ID,Function,Source,Sequence,Validated by
Brassica juncea,653 vs control,up,144.4,4.8,CCA1_ARATH,Cluster-15354.63552,PREDICTED: protein CCA1 isoform X2 [Brassica rapa],"Blast_NR, Blast_NT",GGAGGTAGAATTAAACAGTTTATGATTTGTTTGATAATACAGAGTCAAACGTTACAGGAAGACTATTGACAAAATACAAATGCCTCAAAAGACCGAAGAAGAAGATGTATCAGTGAGATCTTGAAGTTTTGAATATTGAAACAGAGAACAAGCACAAGAGATAGTTACAACTTTTTTCATGTTGAAGTTTGTGTTTCCAACCGAATACGTTTGGGATCTTTCTGTTCAACATGGATGGTGATAGGGTTGGTGTTGATGACTCTACTCTCTTTGGCTTCCATTGAACATCTTTTGTAAGGTTTGAAACCTGTTCTCCCTCTACTTAGCTTTGAAGCACCCAAAAACGCTATGTTTCTGTTCTCTTCTTGATCATCAGCTGCTGAGTTAAGATCAAGCTCCATTGGATATCTTTGTTGTTGTTGTTGACCCTCCTCTCTCTGATATGTAAAACTTTGTGGCAAAACTTCTCTTGCAAACAGAGCTCTAAAAGCAATTCGTCCCTCATCAGAAACAGACTTCCATGGATCAGCTAAGTTGGAGCTGATTCTACTGCGTCTTGCATTTGACTCTGAAGTAGTTTGTGGATTGTTGTTAGTAGTGTCTGCATTCACTTCTTTCACTTCATCATCATTGTTACCACCATTCTCTTGCCTCTCCAAAGCATCAGCTTCAACATCATCACTGCTCGAAGGAGTGTTTGAGCCACAAGAAGACCGGTCAACTTGTTTTCTCTCTCTTGCTCCGTCTGATCCCTTTGCATCAGTCTCAGTTGCTGCACAAGGATGATGCTCATGACAATCTGGTTTACTCCCATTTTTAGTCTCCTCTGAGTCCAATGAAGACCGAGCTTTTGACGCCTCAGAGTGTTCTTGATCCACTGTTTTTGTGTGGTCTACTTCACCGGAAGGTCCATAAGCAGTAGCTGGAGGGTGACAGGTCAAACCACCTGAGCTAAAAGGAGCGCAGAGAGGTAGCATTCCATTGGCGGCCCACCAAGCACTTGCAGCTGCAACAGTGGCTGAAGCCATGGCAGCCAGATTCGGAGTTAAGTTGTTCCCTTGTGGGCCAACACTAGTATCAGGAGGCCAAAACGTTGAGGCGAAACTTGCAGCTGTGTATAGAGCTGGTGTCTGTAAAAGGCTTGACATAATATGGTCGGGAAACGACTGATGATCGCCTGCAACTGTGTGGGGATGATGACTATTCTCGTCTGGAGCATGTGACAGAGACCTTGTTATGGAGCTTCCCAGTGGAACTAGCATAGGGATATGCCTTGGATAAGTCTGAGGTTCTGCCTCTATATTTTCACTGTAATTGGCTGAGTTTGACTCCTTGTTATTCCCCTGTTCCCGTGAAGGTAAGAACTCTCGAAAAGTGCTAGCGTTTGATGTCTTTATGGAAGATGCAGCAGAGAGGTGTTGATGAGTGAGACAATCTGAACAGTTGTCTTCCTGCAGATCTTCATTGGTCATCTCAGGAACCAAGACTTTATCTGATCCAAGGGACTGTTTTCCATCATTGAGACCCGTTTTAGAGATGGGGAGAGATCCAGTTCCGGTCTTTCTAGGATAAGGATTGTTTGGTTTTCGTTTAGGGCGTGGAGGAGGGATAGCTATGTCTAGCGCTTGAGCCACTGGTACACCTTTAGCTTCAGCCTCTTTCTCTACCTTGGAGAAAAATTTCTGAGCATGGCTTCTAATCTGCACGGCAGTTTTCGTTGCCACATGTTCTTCGATCTTCTGCCAAGCTCTACCATAAAGCCTCAAGGCATCAAGGAACCTATTATGTTCTTCCTCAGTCCATCTTTCACGTTGCTTTGTTATCGTATATGGCTTCCTCGTCTAAATATTTCATTTCATTACAACAACACGACAAAACAAAAAAAAAAACTCATAC,Novogene
Brassica juncea,653 vs control,up,119.4,4,-,Cluster-15354.103410,"PREDICTED: probable splicing factor, arginine/serine-rich 7 isoform X2 [Brassica rapa]>gi|674895924|emb|CDY36904.1| BnaA06g16890D [Brassica napus]",Blast_NR,ACCCACCGAGAAAGATTCCGATATCCGATCAATCAGAGATAAGTTGAAGAAGGAGAAGAATAAACCTGAAGATCAGCATCATTCTAGGGTTTCGGAGAGGAGCTACAGAGACTCGAGCGATCGGCGTCGTAATCGGAGTAGAGAGAGAGATAGAAGGAGAAGCAGGAGCGCAGAGAGGCGTAGTAGTGGGTATGGGGATAGAGAGAGACGGAGACGTAGAAGCAGGAGCCGGAGTAGGAGTTCGTCGCCGAGAAGGGAACGAAGGAGGAGCGAAGATGATAGAAGAGGAAGGAGGAGAGAAGATGCTAACGAGAAGAAGAAGAAGATTGATTACTCGCGTTTGATCAAAGGCTACGATGATATGTCAGCTGCTGAAAAGGTGAAAGCCAAGATGAAGCTCCAGCTTGATGAAACTGCTGAGAAAGATACCAGTAAGGGTGCAGGATGGGAACGATTTGAGTTCGACAAAGATGCCCCACTTGATGATGAGGAAGTAGAAGAAGCTACCGATGATGACGCTGCCTTAGTGAAACGCATGGGACAGAGCTTTAGGTTTAATGCCATCGAGTCGAGAAGGGAAGAGCAACTTAAAGATGCCCACGACGAAGCTATGTTTGGAGCACCCACAGGGAAAACTCTTATTGGTAACAGCGAGGGTGATGTTACAGAGACAACTAATGTGAAGGACATTGAAGGAAAAAACAACAGTGGCGCCGTCAGTCTTGTTAGCGAAAAGGTGCTTGCAAAACAGCAAGGATCTTGGCGTGACCGAGCTCGCAAGTCATGAATCCCAGTGGAAGTCTAGAAACACTGTAGCAGTTTATAGATGTTGGTCCTCTGTAATTTTTGAATTTCTTTTATTTAATTGAAATTTTGTTGATGTGATCAAAGTGGATTTTATTTGAATCTTCGATACTACTACCTCCTTTTCGCATTAGTTGTCGTTGTAGAATGAAACTTCCGTTTCAAAATAATTTATGATTTCAGTGTAAAATTTATTA,Novogene
Brassica juncea,653 vs control,up,84,3,NUP1_ARATH,Cluster-15354.104448,PREDICTED: nuclear pore complex protein Nup214-like [Brassica rapa],"Blast_swissprot,Blast_NT,Blast_NR",TAAAAGAAAAGTTTGACTATTTCGTTGTGCCTTACAAAAACACTAGTACAAATAGAGTTTTTAGACAGACCTTACTACTCTTACAAACTCCCGTATTTTCTGAAAAATTACAAAACTTTCCAACAACTTTATAAGTCTCAACATTTTAACCTCACAAATCCTGACTCTTAACACGAAAATGACAGACAAGCATATAAAGAAAACCACCGACATTTTGACATTTTACCTCTTCCATCAAAAGACGATGTTCCTCTGAATCCAAGTTTGACTGTTGTAATATTGTATAATGATGATCCACATCGCTTATTACTTCTTTCTGTTGGTTTTCTTCGCTTTGAAGATTCTGCGCCCCGACTTATCGCCGCCTCCTGTGCTGCCCAGTGAGAAGCTCCCACCTCCTTGGAACTCTAAACTCTGTGACGCCTGGAAAGGTGATGGGTTCTGTGGTGGTGTGCTTGCAATCGGCTGGCCTCCGAACTGGAACGGGTTAGCCATTGATGGAGGTGGCGTTGCTGGTGGGGCTCCACCAAAGGTAAAGCTTGGCTGAGGCATTGAGACAGGCTGTTGTCCAAACATTGGTTGCTGTACCATGGATGTTTTGTTGGCTTGGTCTGTGTCTTCTGCCATACTGTCCTCCATGCTCATTTGTTGGTTATTGTTGAAACCATTTGTATTATTCGGTGGTGGTGCAGTTGCACCAAACGCAAACCCGGAAGTTGAGTTTCCAAAGGGTGAGGGAGGAGTCGCTGAGGGAGCTGAGTTGCCGAATACTGACTGCTGAGGAATGGCAGGAGCGGTTGAGTTGAAACCAAAGGTGACAGGAGCAGAGGCGCTTGAACCGATGGCAGCAGAAGATGCTCCAAACAAAAATGTTGGAGATGAGGAAGTGGTGAATGAGGAACCAAAGGCTGGAGTAGCAGGTTTGGGAGCTTGCCAGTTTGTCCCAAACAAGGATGAGCTCGTTGTACCACTGGAGCTTGAAGACGAGTTTGTCGAACTCAGTTGAGGGGTTGAACCAGACGCAAACACTGCAGGTTCCGACTTTGACAATCCAAACGGAGAACTGTTCGATGAAATGTTGCTCCCAGACAAGCCAAATGAAGGAGCTGATGCAGATGACCCAAACATAAAGGGGGCGCTTTGGGTCTGAGTTGTGGTTCCGCTCCCAGTATTACCCGTCTGACCATTTGCAGCACCGAACAGATTTGAGGCCTGAGACTGGGAGCTACCAGCAGGAGCTGATGAAACAGCACTGAATCCAAAAACACTGCTTGCAGTACTTGCAGCTACACCTCCAGAAATGCTACTACCAGAGCTTGTAAATGCAGGAGACGAAGTTCCAAAGATATTACTTCCAGTAGTAGCTGCAAAAGTCCCCGAAAACTTGCTGCTCTCCGTCCCAGGTGTTGGGGTTGAGGAAGATGACACACCAAACACTAAACTTGCAGAGCTCCCAGGTGCAGAAGATGCAGCAGAAGAAGGGATTAATGTGCTGCCACCAGCCGCAGAGGATGTCCCACCAAAGCTAAATTTACCGGCGTCTGCCACAGCAGGGGAGCTCCCAAACATAAAACCTGGCGTGCTTTTAAATTCTGAGGTTTTAGCAGCAACAGTATTTCCAGTGCTCGTATCAGCTGAAGCCATACCACCAAACTTGAAACTGTTTATATTTCCAAATGTTGGGTTCTTTACTTCAGTCTCTTTTGAAACCAGACCGCTAGATGCAGATACTGTTGAAGCAGACAATGGAGCTGCTGCAGGTTCCCCAAATTTGAAAGATGACGTAGAAGAAAGAGGAGGTGCTGGAGTTGATTGTGGGTTGTTGCCAGAACTGCTGTCGTTACTAGTATTAGCAGGCAACTTCCCAAATACACTCGAGGACGTCGGAGTCTTGCCAAATATACTTCCAGCAGTCGGAGTAGCACCAAAAGATTGCATAGTGCATGGCACCTCACTCACAGAATTATTGGAAGGTGCATTCGAAATGCTAGATGAGAATAAAGGGTTTGAACCAAGAGAGCCGTTGAGGATCGATTCGGTGGAGGTAGTTGACTCAGCTCCAGCAGCACTGTTGCCAACATTTTTCGTCGTTTCAGTTGGCTTTCCAAACGCCTCTGATACTCCAAAAGCAGAGCTGCTCGGCTTTTCTAACTTGATATCTGCAGATTGACCCGTGTTTTGATTTAGTAAGTCAGTAGCCGCCGGTGACGAGGAGGTGCTGGGAAACACAGCAGCAGCTTTTGTATGCTCTTCCCAAGAGATATCTTCCACTTCTGAGGCTAGCTTGGCGGGAGAAATACTCGACTTCTCAGTCCCTTGGATGAACTTAGAAGTTGGCTCAGAGGGCATATTACTTTGCTGAACAGCTTCAATGGGTAAAGCAGAAAATTGGCTTCTTCCAGTTTCCAGAGATCCATTACAAGTACTCTGAGAGGCGTCACCATTAGGAATATATGAAGTAGAGGCCATGACCTCAGACGAAATAAGTGGTTTCTTCCCTCTACGCATGCTGATATCAACATCTTTCTCCACTTTCAAGGTATTCTGTTTTTCTGCCTCTTGAAATGGAGTAGATGGCTCCCCATGACCATCAAAATCCTCATCCGCTACCATCCGAAATGCTCGTTTTTTTGGAGGATGCTCTTCCACAGAACTTGTGAGAGGCAAATAAGCACCATTAACACAAGTCTCGTGATCTTTACTGGAACCTGCTTTGCTTGTGTCCCCAGCAGCATCACCAGTCTTCTCTTTCAGACCCGAAAACCCTCTGGCGCCAGTCTCTCTAATTTTTTCCTGCTTTTGATGACTAGAACCTGGCAAATTTGCCTTCTTCTCAGGAAGATTATCCAAGAACTTTGGCGCCTCCGGATTCTGAAGACTCTTGAGAGCCGGGCCTCGTAGCATAGATGGTGATAACCTACTTGGTGCTTTCTTCTTCGGTGAAACCATTTTATTAACTTGCTGCAATATTTTTGAAGCCAGCTCCCTCGACGTGGAAGGGACAAGGTTAAAATTTGAACCAGGAATATCCCCTACATCTCTAGATGTATGTGTCATGTTTTGTCCACCAGTGGCACGAACAGAAAGTGGGCTTTCCGAGACAGGCAGAGCCAAGCTTCTAGATGAAAGGTTCGATTTCTGTCGAATCCTCCTAACAGGGCCTACAGATACTATATCAGTATCCAAGACTGAGCTCCTCCGTTTGAGACCCGATTGAAACCCTTTTCTAGAACCAGAAGCTAAGCTTTCTTCCCATGTGCTTGGAGATGCCTGGAAAAGAGAACCATTCTTAACAGTGGACTGATGCCTAGAGTATGGTGTTCTGGCCATGCTATAAACAGCAGATCTTCCCCGAGATCTAGGGGTGAGGAAACCATTTTCCAGAGGTCTTGGTCCAGAAAGCTTTGGTACCAGTGACATTGTACGTGACTTTGACGGAAAAGGGGTTCTGTTCAGGGAAACAGAATCTTCCCTACCCGTTTGACCACGTGGCCCCAGCATAGGAGTAACTTCTGAAGGTCTGCTACACATGTAAGCTTTTGCAAGCTGTGCTGGTGAAGCAATGCAATCATCGAGAGCCCTCGAACTTCCAAGAGGTGTTGAAACAAGGGTGTTCATAAATCCACTATCTGGAACACTCGCTTCATTTCTCTGATCCCCGTTTACAGTGGATGAATCAGCAGCTTTCGAACGTAGCAGGCTAGTTAATCGGTCAACTTCAGATCTTGTAAAAGTTTTCTCCTTCAAAACTTTCTCAAGATCTGTATATCCATCCTTGCTTGGATTGCCTAATCCATTGGCTTCGTGTACCCGAACCAAATCATTCTTCATAGACAAAGCAGAAGTATTCTCCCTGTGTCCAACCTTAGCCTCCTGCATCACATCTCTTTCTGGAAACTGCTTCTGCTCCGGAGACTGTAAAGGCGTCTCACCTGAGACGAGGTGTTTCCGAAACACAGACGCGAAGAGCCTATGAGCGCTATACGTAATAACCCTCTGAGCCGGATCCACCAATTTCGACAACCAGCCTCTGTCTTCTCCGATCCCATTTCTAGGGTTCTTCGCAGAGGTCGGTGGTCGATCATACGGAGTTTTCTGAGACCTTCTCGCCGGCGGTTTCCGGAACTTTCCGCCGGCTCCTAATCCGCCGCCGTAGTAGGGGTTGCTGCTGTCTCCCCGTGCCGCGCTCGCCATCAGCGGAAACGAAAACGTGAGATCCAATCTAGGGATTTCAACGAACTTTTTCCGCGAAAGGAAAAATCGAAAAATTTGGGGATTAGG,Novogene
Brassica juncea,653 vs control,up,20.1,2.9,LAG13_ARATH,Cluster-15354.23044,"PREDICTED: Brassica rapa LAG1 longevity assurance homolog 3 (LOC103843044), transcript variant X1, mRNA/ ceramide synthetase/ Protein transporter of the TRAM (translocating chain-associating membrane) superfamily","Blast_swissprot, Blast_NT, Blast_NR, KO, KOG ",TTTCTCTCTAGTTTTTTTTTTTTTGAAAATTGGCTTTTAGTTTCTCTCTAGTTAAGCATCATTCATATGTGCATTTGGTTAGGTTCAAATAGGGTATGGAGAAAGTTACTTTCTTTTGTTGGTTCACTTCCTTTTTTTAAAACTTGAGCCTGATATTTGGTGTTTGTAGAAATTGGCAAAACATTTGATCTATGGGAAACAGAGACAGAATATTGGAGATGATGCAACGGAGAGAAACAAGAAAATCAGAAAATTCAAAGAATCAGCCTGGAAGTGTGTTTACTATCTATCAGCTGAGATTCTTGCTCTCTCTGTGACTTACAATGAGCCTTGGTTTATGAACACTAAATACTTTTGGGTTGGCCCTGGAGATCAGTCCTGGCCTAATCAACAAACCAAGTTAAAGTTAAAGCTTTTGTATATGTTTGTGGCTGGATTCTACACATACTCCATCTTTGCTCTGATCTTCTGGGAAACAAGGCGTTCTGATTTTGGAGTTTCAATGGGTCATCATATCGCAACTCTTATTCTTATTGTCCTCTCATACGTATGTAGCTTCTCTCGTGTTGGTTCTGTTGTTCTTGCACTTCACGACGCAAGTGATGTGTTTCTAGAAGTTGGGAAAATGTCTAAGTATAGTGGAGCTGAAGGAATCGCAAGCTTTTCTTTCATTCTTTTTGTTATGTCTTGGATCATTCTCCGCCTCATTTACTATCCCTTTTGGATCCTATGGAGCACAAGCTATGAGGTAGTTTTGGAGCTAGATAAGGACAAGCACCCGGTTGAAGGACCAATATACTACTACATGTTCAACACTCTTCTCTATTGCTTGCTTGTTCTTCACATTTATTGGTGGGTTTTGATGTATCGGATGCTTGTGAAACAAATACAAGATAGAGGCAAGCTTAGTGAAGATGTTAGATCCGATTCTGAAGGAGAAGATGATGAGCATGAGGATTGATTGATATAACAAAGGTAGGAGGAGCTTATGAAATGTTAAAGCACAACATATCCTCTTAACAATATTAGATTCTTTTATTCTGTCTGTGATACTGATCACTCATGAATGTTAAAGAGTGGAGACTGAGTCTTCAATCTCCAACATTGGACCAGCTCATGGACAGAATGGATTAAGCATTTCTCATTCTAGCGATTTGGAAGTTTGTTAAATTGTAGTTCTACTGAATTGTAAATTGAACATACTGAAATGAATTGTAAATTGAACATACTGAAA,Novogene
Brassica juncea,653 vs control,up,29.3,2.9,TRL11_ARATH,Cluster-15354.65790,--,GO,ATAAATTTTCTCCTGTGAAAGAGGAAAAAAAAGCGAAAACTTAAAAGATTGCTGAGAGGACACGTTGTCTCCGTGAGACTTACTTTTCTTCTTCATCTTCTGGTTCTAAATTTTTGTATACTTTTTCTTCTAAATTCTAATGGCGGAGGTAATCAGCAAAACGAGTTTGTTCTTCGGAGGAGCTTGTGTGAATCACAACCACGTAGATGACTTCTCTGTCTCACCGGTGAGTTTTGGTTTGAAAAAGAGTTTCTCATCTCTCAAGCAGAAGCTTCTCAGAAGTGACTTCCATGGAAAACAGATCCTAGAAACGCAAACACAGACCTTCAACAGGAGCTTCCGATCATCATCCATCACCGCTCAGTCAACGCTGAGGATTGGGACAGCTCAGAAATGGTGGGAGAAAGGTCTGCAAGAGAACATGAGAGAGATCTCTTCGGCTCAAGAGCTCGTCGACTCTCTCACCACCGACGCTGGCGATAAGCTCGTCGTGGTTGATTTCTTCTCTCCTGGCTGCGGCGGATGCAAGGCTCTACATCCTAAGATATGCCAGCTGGCAGAGCAGAGCCCTGACGTGCAGTTTCTCCAGGTGAACTACGAGGAGCACAAGTCCATGTGTTATAGTCTCGGTGTCCACGTCCTCCCGTTTTTCCGGTTCTACCGTGGCGCTCACGGTCGTGTCTGCAGCTTTAGCTGTACCAATGCTACGGTAACGTTCCCTCACATTCACCATCAATTGAAATCGTGTCTTGAGGGTTTGATTTTGATCTTGTTTTTCAGATCAAGAAATTCAGAGACGCATTGGCAAAGCATAGTCCGGATAGGTGCAGCCTTGGACCAACCAAAGGGCTTGAAGAGAAAGAGCTTGTGGCACTTGCAGCCAACAGAGAACTCAACTTTAGCTACACACCGAAGCTTGTACCAGTTGAGAAAGAAGCAGCTATCCCCACCACTTCCGACCCTGTTCGTCATCCATCGATGAGCACCAATGAGGAAAAGACGTTGGTCTCCGCAGGGAGGTGATATGGTTCTGAGAGAGGGATAAATAAACATTTCTCTGTACAGTTTGCATGATATTATTAGTACTAGCAACTGGATATATATATTGCAGTCGTCTGTTCTTGGAGCAGCCGGTTTAATGGGGTTTAGTTTTTTCTGTTGGGGTCCCCTGAGCAAAACCGGTTTAATGGTTTTTCCTAAAGCAAGACCAGTTCGAGTTTTGCTCAGTTCTTATGGGAGGGAGTGATAGTTGGAAGTTCGTGCGTTTGGGCACAATGGAAAGCTTTCTAATTCAATCGCCTTCAGTAGGATTTTTGTTTCTTGGGTTGTTTTTTTATTATTGCTTCAAGGTGTTTCTATGCAAGTAAAAATATCCATATAGAAAATTATGGCGATCGATATCTTAAATAAGACTTTTACGCTGTTTTTCTTAAGCTTCTGATTACAAGTTTTCAAATGTGG,Novogene
Brassica juncea,653 vs control,down,36.8,-4.5,PDRP2_ARATH,Cluster-15354.43585,"cofactor binding//ATP binding//transferase activity, transferring phosphorus-containing groups",GO,ATCTCCTCCGGTGGCAGCTTCGAGTCCTCGCTCTCCGAAGCTGAAGGCTAGCTCCAAACTGAACCGATGGTCCATGGGCCGAGCTTTACGATCCGGTGCTCTTAAGATCGACCGTCAGACTCATCGTACTGATCACAACGACGCACCTTCCCGTCAAGTAACGACGACGGAGGAGGCTGATAGAAAGACGTCTGCGATTGAGGACGTTTGTAGAGATGACGTGGCGGCAAAGTCGATATATATGGTCTCAGACGGAACAGGGTGGACGGCAGAGCACTCCGTTAACGCAGCGTTGGGGCAATTCGAGGATCCATTAGTCAATCGTGGCTTTCCCGTTAACACCCATCTCTTCTCTTGGGTGGAGGATGAGGAGAAGCTATTAGAGATTATAAAGCAGGCAGCGAAGCAAAAGGCAATGTGTTTCTACACTTTAGCCAATCCTTCTATGTCCAAATCCGCTAAAGAAGCTTGTGATCGTTGGGGAGTGCTCTCTGTTGATATCTTGGGACCAATCATCCAAGGCATTGCGTCTCACTTGGGTGTTTCTCCGTCGGGTCTCACCCGTGGAGCTGCCGGTAGGGTCAAGACTCTCAACGATGCATACTTCAAAAGAATCGAAGCCATCGAGTTCACCATCAAGCAGGACGATGGGACTCTACCCGAGAACTTAGGCAAGGCTGATATCATTCTTGTCGGTGTTTCCCGGACAGGAAAGACGCCGTTGTCCACTTATATTGCTCAGAAAGGGTACAAAGTCGCAAACGTACCGTTTGTGATGGGTGTGGAACCGCCCAAGACGCTTTTTGAGGTTGATCCGAGGAAAGTTTTTGGTTTGAAGATTCAACTTGTTGTACTGCAAGCGATAAGGAGAACAAGGGCTAAAACGTTAGGCGTGGATAGGGAAGGAGAGAACAGATACTCTGGCTTCGATCTTGTTCGGAAAGAGCTTGATTTTGCATCAAAGATCTATGCCAAAAACCCTGGATGGGCGGTCATAGATGTGACGAATAAAGCGATAGAAGAAACCGCAGCTGTGATTCTGCGGCTATACCACGACGGTAGCGACAGTAGTACTTCTGTACCTTGTATCTCAAAACGCTTCTAAGCTCCACTCCTCTCTCCCTTGGGTAGGAGAATACAGTATGGTGTACTACAACCGTAGGCGGCTGTATTTTGTTTACTCAAACTTTGTATTTTTAAAAAACACTTTCATGGAAACAATCAACTGATGTAAGAGGGTGAAAAAGTAATGATTATGAAATTACTCTGAATTTCTCTTAGGTTTATATCCAAAAAAGTTTGGCATGTGATTTACCAATTTGTAGCAGAACATGCCACAGTATATGTAAAACATGGATAAGTATCATCAGCAATTAGTTGAAAGGTTGCATACAACTTG,Novogene
Brassica juncea,653 vs control,down,421.2,-4.5,UVB31_ARATH,Cluster-15354.91585,PREDICTED: uncharacterized protein LOC103874970 [Brassica rapa]>gi|674947140|emb|CDX86293.1| BnaA06g30100D [Brassica napus]/ UV-B-induced protein At3g17800/ chloroplastic OS=Arabidopsis thaliana GN=At3g17800 PE=2 SV=1,"Blast_NR,Blast_swissprot",GCGGTTTTAAAACGTTATGCTTTGTATTTCACTGATTACCAACATATGATAGGAGGACATAACAGCTACAAAAGAAATTAAACTGTCTCTCTATATAAACACACTATACATATATAATCACGCAATCTATAGACAAAAAACAATAGTTTTCACAGCCCTGTAGAAACCTTTCGTCGCTCTCTCTACATATATATGGAGTGTGCACCAACAAAAAAGATACCAAACTGGGTTCATTTCAGACACTGCTATTCTCTTCTGCATTCTCATTCTCCTTAAGATTAAACGCCCCGTCTACATACTCCTCTGTGTCCCATAGAAACGTACCAAACGCCACAGCCTCGAGGAGCAGCCTCTTCAAGCTCGAAAACGACGCCACGATGATGCTCTCTTCGTCCTTCTCCTCCGGACCGAAAAGAGCTAGGCTTTGCTTCTCTATCAGGTTCTTAGCCTCACGTGACCTCGGCTTCGCGCATCTCTGAAGTATCTTGGGATCAAACCCGGAGATGTAATGTCTCAGCTGCTTGGTGATGATACCTTCCGACAGCGAGCATTCGAGCTGGTGCCTGAGGGAAGCGGACTTTAAAAAGTAACCGTACAAGATCGAAGCTGTGTACACTCTACTGAGATGATGCTTATCGATCTCGGTCGTCTCCAAATCATCGGTTAAAGTTGAATCCACTCTTAAACTGATGACCGCGTTGCTGTGTTCTTTGATGAGTTCAAGAACGTCGCAGCTATGGATTGATTCGAGCTCCCAGTCTTTCGAAGGCCAAACCTCGAGTCTTCCATTGTAGACACAACTCGAGAGCTTTGGGACAAGAGGGACTCTGATCTCTGAGAATTTGTACAAGATCAACATGTACATTATGTCTTCAATCGCGGTCTGGCAATTACTCTCCTTGAGTTGAGCTATCCTTCTGTGGAGAGAAGCTTCATCGGATCCAGAACTGAGGAACATGCGAGATAAAGCTGCTTCCTTGTCTTCGGCGAGCTGCTTGAGCAAATCAGCGACGGCGAAATGAAAAAGCGGCCGCTTTTTCGTCAAGACACAGCTCAGAAACTTCCCCTGTGCCGAGCGAGGTACGAGAGGCGCGTCGAGGCTCGCTCCAGCTCCCGCAGAGGCAGCAACCACCATGGAATCGTACCGGACCTTACGACGCCACGGGAGAAGAGCGCAAACGCCGCCGTTCATTCGTCGGGGGGAATCGCGGCGGGACGGGAGGAAAGGGAGGGAACCCTGGTGGGAGAGAGAGGTGTCCATGAACACGGAGAAGGCAGAGCAGAAGGAGGAGATTGAAGAGTCAGTGGGATGGGAGGAGCAGAGAGATTGGATAAGGTAAAGGGAATAGGAGTAAAG,Novogene
Brassica juncea,653 vs control,down,94.4,-4.7,-,Cluster-15354.16367,"PREDICTED: Brassica napus uncharacterized LOC106366753 (LOC106366753), transcript variant X1, ncRNA/","Blast_NR, Blast_NT",ATATATATATATATATATACACGTTTTTGGTTTACTTTCCTAATATGTCAGCATCTTTATCTATATTAGGTGCCGCAATTTCGCGGATATAAATATTTTATGAAATTATATATTATTTATACTATACTAAAAGGAAAATAAGAAGCCTTTTTAGCTATGCCACATCAGATCAGAAAATCAACCAATGAGGTTGGAGCAATGGGACATGTCATCTGTTTATGATATTGATTTGGGCTTCGTATTTGATTTTGGACTTTTTATTTTACCGTTCTTTATTTTGTTTAGGGCTTCTTCTCTTGCCTTTGTCGACTGATTCTATCTTCTATTTTGGATGATCATGCCTTTCTTCTTTTACCTTTCGACTTCCGTACCTTCCCTTGCTCTTCTCTTCAAATCCATTTTAACGCATATTTTCACCACTAACTGCTCTAATCAAACCTTGCGTGATCTCATTCAATGGATTCTTTACATCTTCCTCTCTATTTGTCTATTTACAAATCTCATTCTCTTGACTTATGTGTGGATTAAAATTGAAAAGCTTCTCTCAGACAATCATCCCAACCTAAAGGAAACTCTTCAATCTCCAGCGACCGCAAGACCAACGAGAAGACCGTCGCCTCCTCCGAGACTGCGAGACCAAACGGGAAGTCCACCGCTTCCTCCGCCATTGTGATGAAACCAAACGCTTCTACCGCTCTGTCCAAATCCGAATCGGACCATCGATTGCATAGAGTTTTAGATATGCTGGAGCGTTGCCGTGGCTGTGTAACTTACGTTGTAGCTCTGAATCGGCCTAAAAAAAAGAAACAGAGGAAGAGTAACAGCAACAGGGGTTCTTGCGGAGTAACAGAAGCAGCCGTGGAGAGGCGGAGTGGAGACCAAGGACGAGATTAGCGGCGAGAAATTTGAAAGATGATCATTTACGCATATTTTTGGTTTAATATTTTTGGTTTATGCTCATTAAGGTGATGATTAATGATATGTCTCTTATCAGGTCCAAGTTGGAGGATCACCGTTGTATAAGGTAAAGAGAAATCGGGGGGAAGGTGGTCTTGGACAAGTGTTTGTTGGATCACCGTTGTATAAGGTTCGACATGATACTGTCAGTCCAGAAATATTTGAAACAGAAAGGTAAGCAAGTGCACTCAGGCAAGGGATTCAAATGTAAATCATCCTTGCTGGGAGAGACCAGAGACCATG,Novogene
Brassica juncea,653 vs control,down,405.5,-5.7,-,Cluster-15354.125147,peptidase activity,GO,TTTAATATTTGATCTATGCGCTTTATATTATTTTCATCAAAAAGCAAACACATACATGTTGTCAAAAAAAAAAGCAAACACATACATATAAGTATAACCCATGTTGATGATTATTTGGGAGTTCCAAAAGAAAAGTATACATGTATTAGGAAGACTTTTCCTTAAGTGGATGAAAATCTTTGCTTAGTTGATTGTAATCCAAGTTACATAGTTAATTATCGTCATTGCTTACCGATGACAAATTCCTACTCCCTGGCGCCAATTGCAAATGCAAAAGATCATAACAACTGAAATTCATAATCAGTTGAATCTAAAAAAGGTGAGGAAGAGAGACAGATCTGGGTGGATTCGAACCACCAACCTCTCATAACGAGAGCTCTACCATTTTGAGCTTACAGATCTACTAATACAAACCTTTCCCGCGTGATTAAGGCACATGGGCTTTTCAAACTTTCACCCCGTGGAAGCAAAAACCGAACCGCAAAAGAGTCCTATGCACAACAAAGAAAAGTCCATTATCAAATTAGATATGGATCAAGATTTAAAGCCTGCTTTAACATTTAACAATTTTTATTTATGAATTATTAAATAATCACATTAAAATCAATGTATAAATAGAAACAGAATATAATTACAGAACAACATCCGATTATAACATCAGAAGTTTAATGCAAACACTGTAACTACCGCATACAATTCAAGGGTTTAACTCTCAGTAAAAGAAACAGAAGCCGTATGCAACAACATACAAAACACTATCTTGATAGCTCATAAGTGTATTTCTCCTTCAAAAATCCTCAAAGCCATTTGCAACTCTACAGTACAATATGATTACAATATGGTACAAAACAATGACTATTTTAATATTCTTTCAAGTTGCAATATAAAAAATGGATACAAATTATCAAAACTAATGCTAAGTATGTCGATATGAAGCATATAAATCTGATTGCAATTGAGAAAGACAGTACACTGTAAAACCTAGTAGTAGACGAAATTGATAAGTCGTTCAAATTAACACCGATGCAGTGTTTTTGGAGATCGATTTTGAGTGGTACCGATGATTTAATTTAACCATGAGCCAAAATAAAGCCGATTATGTCAATTAATAATTGCGGTAATTATCTAATAATGCGAATAAAAAATTGGAAGTACCTTTGCTCTCTCCGTAGAGTATTGTTGGCCCGTGCTTGACTCCAGATCCGATAGTAATGATCCGAATCAATTCAAAGAGTGATAGTGGGTGGAGATATTTTGTGTGATTTGAGATATCAGAGAGTGATAGTCAAAGCGAGAGCAAGACACAAAAGGTGAGGGGAGAACCCGGGCCAAAAAAATCCCCCCGTGCGAACTCCCCTCAGCAAACACGAAACAGTTTTTTTTTTTATTAAGGAATTTG,Novogene
Brassica juncea,653 vs control,down,523.5,-6.2,-,Cluster-15354.86688,"PREDICTED: Brassica rapa uncharacterized LOC103828391 (LOC103828391), ncRNA",Blast_NT,TCGAATCTTGGAAACTCAAAATGTGCTCATGGCAAGACAAACAGACTGTTCATATACTTAGCAACACGATCAAGTAACCTTTCACTTGCGGACAGAACAAAAATTTGAAAAGATAAAACTACCATGGGAGAAACATAAACTTCAACTTTTGAGAAACAATAATATCAATTTTATTAGTGAATTATCGGCAAAAATATATTCACATCAAAACAAAATGAAAACATGGAGTGTAATAATGGATACACTTCGATATAAGTTAAGGAAATTAATCAATGTGTACACACAGCGTTTTAATACCTTCATTTACAATAAGCTTTATAGGATGAGTCTACAAAGAGCTGTTGTATTCACACTGCTCCACGCTATAGCTTCCAATGTATTGCTCCACAAGCTAATATGATATCCCATTCTCACCCTTCAGCCATCAAATTTCGAGATACATAATCTTGTGATGTTCTCTAACTATATAAATCAAACAGATACTTATAAACTTAGAAATATAAATAAAAAAATACTGTCTACAGCATAGAAAGCTTTTAGATCAGTAGGGTTTGTCAATTCACTCAAAAAAGAGAAACAAATAATAGAATGAAAAGTAACTAGTTGGCCCAATAAATTTGGGCAACGAATTTGTAAAATTCATGACGGAAGTAATGATTAATGTACGTATGATTGTTAATATGCATGGGTGTGATTGGATATAATTCTGAGTGACTAAATTATCAAAAATAACATACTTACGAGCGCATGCTTGTTGGGTGGGGCATGAATGGCGCAAAGTGTTACAGCTCCAGGTCGAATGAGATATAAGTGTTTCATGGCTATCTGTTGAGTTACGGTGCATAATAATAAATAGTGTGAAATTTCGCAGAGAGCAAGACACGCACACAGGAAGAGGAGAACCCGGGATAAAAAAAAAACACCCGTGCGAACTCCCCTCCCAACCACAAAACATATTGTTTTATTAAGATCTGTTTTTGACCTGCCATGCAAGCGCACCTGTCATGGCAAAGGTCGGATGACAAAGATGCTAATTCAGAAACTCCAAACCTCATCAGAGGCTCTATCGTCCCTAACAAACATCTCATACATCCCATCATACTCAACTCATATCAATTCACACATCTCCCATCCTCTTCATCTTCTTTGATCGCTCCCCCATCGGATTCATCATCGCCTCATCAAACCGCAAACGAAACTAACAGATACGACGAACCTCGCGGCCGAGATCAGATCATATGCATAATAAACCGATCTACGGAGATCTCAGCCGCTACGATCCGTCTTCTCGCCGCGATTTAAACCGGATCCACTAGATCTGCAGATCGAGAGCTGAATTTGCGACGATTTGCATCGGAGAGACATCGACGTACCACAGAGAATCTGGCGAAAGCGATGACGAAGAAGTTGAATGAATCATAAGAAACGCGGGTATGTAATCCTGAAAAGATCAATGCGTTGCTTTTATACACAGTGTTAGGAGTAATGGACGGACGAG,Novogene
Brassica juncea,111 vs control,up,119.4,4.2,-,Cluster-15354.103410,"PREDICTED: probable splicing factor, arginine/serine-rich 7 isoform X2 [Brassica rapa]>gi|674895924|emb|CDY36904.1| BnaA06g16890D [Brassica napus]",Blast_NR,ACCCACCGAGAAAGATTCCGATATCCGATCAATCAGAGATAAGTTGAAGAAGGAGAAGAATAAACCTGAAGATCAGCATCATTCTAGGGTTTCGGAGAGGAGCTACAGAGACTCGAGCGATCGGCGTCGTAATCGGAGTAGAGAGAGAGATAGAAGGAGAAGCAGGAGCGCAGAGAGGCGTAGTAGTGGGTATGGGGATAGAGAGAGACGGAGACGTAGAAGCAGGAGCCGGAGTAGGAGTTCGTCGCCGAGAAGGGAACGAAGGAGGAGCGAAGATGATAGAAGAGGAAGGAGGAGAGAAGATGCTAACGAGAAGAAGAAGAAGATTGATTACTCGCGTTTGATCAAAGGCTACGATGATATGTCAGCTGCTGAAAAGGTGAAAGCCAAGATGAAGCTCCAGCTTGATGAAACTGCTGAGAAAGATACCAGTAAGGGTGCAGGATGGGAACGATTTGAGTTCGACAAAGATGCCCCACTTGATGATGAGGAAGTAGAAGAAGCTACCGATGATGACGCTGCCTTAGTGAAACGCATGGGACAGAGCTTTAGGTTTAATGCCATCGAGTCGAGAAGGGAAGAGCAACTTAAAGATGCCCACGACGAAGCTATGTTTGGAGCACCCACAGGGAAAACTCTTATTGGTAACAGCGAGGGTGATGTTACAGAGACAACTAATGTGAAGGACATTGAAGGAAAAAACAACAGTGGCGCCGTCAGTCTTGTTAGCGAAAAGGTGCTTGCAAAACAGCAAGGATCTTGGCGTGACCGAGCTCGCAAGTCATGAATCCCAGTGGAAGTCTAGAAACACTGTAGCAGTTTATAGATGTTGGTCCTCTGTAATTTTTGAATTTCTTTTATTTAATTGAAATTTTGTTGATGTGATCAAAGTGGATTTTATTTGAATCTTCGATACTACTACCTCCTTTTCGCATTAGTTGTCGTTGTAGAATGAAACTTCCGTTTCAAAATAATTTATGATTTCAGTGTAAAATTTATTA,Novogene
Brassica juncea,111 vs control,up,144.4,4,CCA1_ARATH,Cluster-15354.63552,PREDICTED: protein CCA1 isoform X2 [Brassica rapa],"Blast_NR, Blast_NT",GGAGGTAGAATTAAACAGTTTATGATTTGTTTGATAATACAGAGTCAAACGTTACAGGAAGACTATTGACAAAATACAAATGCCTCAAAAGACCGAAGAAGAAGATGTATCAGTGAGATCTTGAAGTTTTGAATATTGAAACAGAGAACAAGCACAAGAGATAGTTACAACTTTTTTCATGTTGAAGTTTGTGTTTCCAACCGAATACGTTTGGGATCTTTCTGTTCAACATGGATGGTGATAGGGTTGGTGTTGATGACTCTACTCTCTTTGGCTTCCATTGAACATCTTTTGTAAGGTTTGAAACCTGTTCTCCCTCTACTTAGCTTTGAAGCACCCAAAAACGCTATGTTTCTGTTCTCTTCTTGATCATCAGCTGCTGAGTTAAGATCAAGCTCCATTGGATATCTTTGTTGTTGTTGTTGACCCTCCTCTCTCTGATATGTAAAACTTTGTGGCAAAACTTCTCTTGCAAACAGAGCTCTAAAAGCAATTCGTCCCTCATCAGAAACAGACTTCCATGGATCAGCTAAGTTGGAGCTGATTCTACTGCGTCTTGCATTTGACTCTGAAGTAGTTTGTGGATTGTTGTTAGTAGTGTCTGCATTCACTTCTTTCACTTCATCATCATTGTTACCACCATTCTCTTGCCTCTCCAAAGCATCAGCTTCAACATCATCACTGCTCGAAGGAGTGTTTGAGCCACAAGAAGACCGGTCAACTTGTTTTCTCTCTCTTGCTCCGTCTGATCCCTTTGCATCAGTCTCAGTTGCTGCACAAGGATGATGCTCATGACAATCTGGTTTACTCCCATTTTTAGTCTCCTCTGAGTCCAATGAAGACCGAGCTTTTGACGCCTCAGAGTGTTCTTGATCCACTGTTTTTGTGTGGTCTACTTCACCGGAAGGTCCATAAGCAGTAGCTGGAGGGTGACAGGTCAAACCACCTGAGCTAAAAGGAGCGCAGAGAGGTAGCATTCCATTGGCGGCCCACCAAGCACTTGCAGCTGCAACAGTGGCTGAAGCCATGGCAGCCAGATTCGGAGTTAAGTTGTTCCCTTGTGGGCCAACACTAGTATCAGGAGGCCAAAACGTTGAGGCGAAACTTGCAGCTGTGTATAGAGCTGGTGTCTGTAAAAGGCTTGACATAATATGGTCGGGAAACGACTGATGATCGCCTGCAACTGTGTGGGGATGATGACTATTCTCGTCTGGAGCATGTGACAGAGACCTTGTTATGGAGCTTCCCAGTGGAACTAGCATAGGGATATGCCTTGGATAAGTCTGAGGTTCTGCCTCTATATTTTCACTGTAATTGGCTGAGTTTGACTCCTTGTTATTCCCCTGTTCCCGTGAAGGTAAGAACTCTCGAAAAGTGCTAGCGTTTGATGTCTTTATGGAAGATGCAGCAGAGAGGTGTTGATGAGTGAGACAATCTGAACAGTTGTCTTCCTGCAGATCTTCATTGGTCATCTCAGGAACCAAGACTTTATCTGATCCAAGGGACTGTTTTCCATCATTGAGACCCGTTTTAGAGATGGGGAGAGATCCAGTTCCGGTCTTTCTAGGATAAGGATTGTTTGGTTTTCGTTTAGGGCGTGGAGGAGGGATAGCTATGTCTAGCGCTTGAGCCACTGGTACACCTTTAGCTTCAGCCTCTTTCTCTACCTTGGAGAAAAATTTCTGAGCATGGCTTCTAATCTGCACGGCAGTTTTCGTTGCCACATGTTCTTCGATCTTCTGCCAAGCTCTACCATAAAGCCTCAAGGCATCAAGGAACCTATTATGTTCTTCCTCAGTCCATCTTTCACGTTGCTTTGTTATCGTATATGGCTTCCTCGTCTAAATATTTCATTTCATTACAACAACACGACAAAACAAAAAAAAAAACTCATAC,Novogene
Brassica juncea,111 vs control,up,36,3.7,-,Cluster-15354.91015,protein disulfide oxidoreductase activity,GO,AAAGTAGACGACGGCGATGCCGACGGCGGAGGACAGGACGAGTACGACATGGACGACGAGGAAGTGGACAACAAGAAGGACTACGACGTCGAGTACGACCCTACCTTAGCAGCGGCGCCGGCGACGGGGACATCGCGTTCGTGCAGAGCAAGAGCTTTGTATCGACGCAGGGATGGGACTCGGAGATGGTGGTTGATTACAGGATAAACGAAGACGAGTTCCACAAGATCAGCTTGCTCGACTGCGATTTCTTCATCAGGAAGCCGCCTGATCCGGATAACGATGTTTATGACTTCAGAGAGATGTATGCGACTCCTCCGGATACGGATATCTACTCGATTCCGAGAGTTCTTGCTCCAATGCCTCAAAAGGTCAGCCTTTTAATCCTTACTGGTCCTTGTTTTTTGGATCGCTTATGCTCTGTTCTGATATTGAAGTGCTTTTCATTTTGTGCTCATTGCTGATTCATTTGATCTGAACAGAGCTGCACCAGTTTGCTATTGTTTGCAACTGAGACAGAAACTTAGAACTGAAACTTTGAACCTAGTAAACTTAAGTTATGTGATCGGCAAGAGCTTGTTTCACCTCTTAGTATGATCAGAATGTTGCAGCTAGGTGTTGTTCAATCACTTTCCTTTTCATTCTGTTTTTTTTTTTTTTTTAAATCTAAGTTTTGTTTACCACTAGTTTGGTCTGGTTGCTTTAATGATGATGTTGCAAGTACAGTATATTCGATGTGCGATGAGTGACTATGGATGTTACAATGTCACTGAACCCCCTATTGATGCTCCTTGAGATCCACTCTACAAATCTGAGAGAGGAGATATCCAAGGTACATCATATTCAACGGTTACACTCATCACTCATCAGCTCGTTGATGCAAGGATGCTTTGTTTTGGCTACATTTCTTGAAACACAGACCAGGAAATATGTTAACTCGGAACTACTTGGTTTGGTTCAGTAGTTAGTTACAGTTTCTGTTACATATATGTCTTTGATCATTGTTTTATACATTATGCAGGTTTTCTTGACGAAGCATTATCGGAACAGAAGATAAAACGACCCAGAGTTTGTGTTAGACCTCGAAGTTACCTTCCATTTTATTTAAGCACTCTTTCTCATTCTGAGTCTGAGCACAAACGTTAGCTGAATGTGTCTCATGCTGGTTTATGTTGATGCTATATATGTCTTTAGTTCTGACTTCTGAATCACGTAGCTTGCTTACGATACCATGTGTAGTTCAAAGCTGCTAAGATGATCTTCCTTCCCATATTAAGGTTTAGATTGTTTCAGGTGACAGTTCCGGGAGGACGAAAAAGAGACAGGAAGGATGACTTGCTCGTGATACGAGATGATGGAAACTCTTTCAAAATCATACACGTGGGGGAAAGAGATGACCCGACAACGGTAATAGAAAGGGAAGAGTGGACTAAGACCCGAGAAGACATGGAGAAACATCTCAGAAAGCTACGCGACTTCAGTGTCTCAAATGGGTTCTGAAACAGCCAAACGACAAGTTAGAGGAGTTCCTTCCTTATCTATAAATGGCGTATACATGGGATGGAATAGGAGAGCGGAATCAATGATGTGGTGGGAAGATTCAAGATGTGTCTGTATGCACGTTGAATAGTTATCGGATCATAAAAACCCACCAGGATTTTCACTCCTCTGCTCTACCAACTGAGTCAGTGAACAGTGAAGCTTCATATGATCGTAATCACCTTCGTGAATCATGACCCTGATGTGGCATGGCTTTTGGAACTTAACCGGCGTGTCGTTTTTTGGGGATAAAAGAAGCTGCTAAAACGGCAGGCATTCTGTTCTTCTAAACTTCGATGTAGTTACTTTTATAGTGAGGACACGTGTACGGTGGCTTGTTTGGATTTCACGTGAGTGGGATGACATTTGCAGGAATGGCCGACAGTTGCTTTCAATGTTGTGTGAGTGGTTCCACCGGCCCATTCTGTGACCTCAAACATTAATTACCCTATTCACAATCACACTGGTAAATGAATTATATTATGTGCATGCAACCGTAAGTTAGAACAAAATTTACACGTAAAAAGTGATATAAGAATTCATTTTAAGCAG,Novogene
Brassica juncea,111 vs control,up,84,3.5,NUP1_ARATH,Cluster-15354.104448,PREDICTED: nuclear pore complex protein Nup214-like [Brassica rapa],"Blast_swissprot,Blast_NT,Blast_NR",TAAAAGAAAAGTTTGACTATTTCGTTGTGCCTTACAAAAACACTAGTACAAATAGAGTTTTTAGACAGACCTTACTACTCTTACAAACTCCCGTATTTTCTGAAAAATTACAAAACTTTCCAACAACTTTATAAGTCTCAACATTTTAACCTCACAAATCCTGACTCTTAACACGAAAATGACAGACAAGCATATAAAGAAAACCACCGACATTTTGACATTTTACCTCTTCCATCAAAAGACGATGTTCCTCTGAATCCAAGTTTGACTGTTGTAATATTGTATAATGATGATCCACATCGCTTATTACTTCTTTCTGTTGGTTTTCTTCGCTTTGAAGATTCTGCGCCCCGACTTATCGCCGCCTCCTGTGCTGCCCAGTGAGAAGCTCCCACCTCCTTGGAACTCTAAACTCTGTGACGCCTGGAAAGGTGATGGGTTCTGTGGTGGTGTGCTTGCAATCGGCTGGCCTCCGAACTGGAACGGGTTAGCCATTGATGGAGGTGGCGTTGCTGGTGGGGCTCCACCAAAGGTAAAGCTTGGCTGAGGCATTGAGACAGGCTGTTGTCCAAACATTGGTTGCTGTACCATGGATGTTTTGTTGGCTTGGTCTGTGTCTTCTGCCATACTGTCCTCCATGCTCATTTGTTGGTTATTGTTGAAACCATTTGTATTATTCGGTGGTGGTGCAGTTGCACCAAACGCAAACCCGGAAGTTGAGTTTCCAAAGGGTGAGGGAGGAGTCGCTGAGGGAGCTGAGTTGCCGAATACTGACTGCTGAGGAATGGCAGGAGCGGTTGAGTTGAAACCAAAGGTGACAGGAGCAGAGGCGCTTGAACCGATGGCAGCAGAAGATGCTCCAAACAAAAATGTTGGAGATGAGGAAGTGGTGAATGAGGAACCAAAGGCTGGAGTAGCAGGTTTGGGAGCTTGCCAGTTTGTCCCAAACAAGGATGAGCTCGTTGTACCACTGGAGCTTGAAGACGAGTTTGTCGAACTCAGTTGAGGGGTTGAACCAGACGCAAACACTGCAGGTTCCGACTTTGACAATCCAAACGGAGAACTGTTCGATGAAATGTTGCTCCCAGACAAGCCAAATGAAGGAGCTGATGCAGATGACCCAAACATAAAGGGGGCGCTTTGGGTCTGAGTTGTGGTTCCGCTCCCAGTATTACCCGTCTGACCATTTGCAGCACCGAACAGATTTGAGGCCTGAGACTGGGAGCTACCAGCAGGAGCTGATGAAACAGCACTGAATCCAAAAACACTGCTTGCAGTACTTGCAGCTACACCTCCAGAAATGCTACTACCAGAGCTTGTAAATGCAGGAGACGAAGTTCCAAAGATATTACTTCCAGTAGTAGCTGCAAAAGTCCCCGAAAACTTGCTGCTCTCCGTCCCAGGTGTTGGGGTTGAGGAAGATGACACACCAAACACTAAACTTGCAGAGCTCCCAGGTGCAGAAGATGCAGCAGAAGAAGGGATTAATGTGCTGCCACCAGCCGCAGAGGATGTCCCACCAAAGCTAAATTTACCGGCGTCTGCCACAGCAGGGGAGCTCCCAAACATAAAACCTGGCGTGCTTTTAAATTCTGAGGTTTTAGCAGCAACAGTATTTCCAGTGCTCGTATCAGCTGAAGCCATACCACCAAACTTGAAACTGTTTATATTTCCAAATGTTGGGTTCTTTACTTCAGTCTCTTTTGAAACCAGACCGCTAGATGCAGATACTGTTGAAGCAGACAATGGAGCTGCTGCAGGTTCCCCAAATTTGAAAGATGACGTAGAAGAAAGAGGAGGTGCTGGAGTTGATTGTGGGTTGTTGCCAGAACTGCTGTCGTTACTAGTATTAGCAGGCAACTTCCCAAATACACTCGAGGACGTCGGAGTCTTGCCAAATATACTTCCAGCAGTCGGAGTAGCACCAAAAGATTGCATAGTGCATGGCACCTCACTCACAGAATTATTGGAAGGTGCATTCGAAATGCTAGATGAGAATAAAGGGTTTGAACCAAGAGAGCCGTTGAGGATCGATTCGGTGGAGGTAGTTGACTCAGCTCCAGCAGCACTGTTGCCAACATTTTTCGTCGTTTCAGTTGGCTTTCCAAACGCCTCTGATACTCCAAAAGCAGAGCTGCTCGGCTTTTCTAACTTGATATCTGCAGATTGACCCGTGTTTTGATTTAGTAAGTCAGTAGCCGCCGGTGACGAGGAGGTGCTGGGAAACACAGCAGCAGCTTTTGTATGCTCTTCCCAAGAGATATCTTCCACTTCTGAGGCTAGCTTGGCGGGAGAAATACTCGACTTCTCAGTCCCTTGGATGAACTTAGAAGTTGGCTCAGAGGGCATATTACTTTGCTGAACAGCTTCAATGGGTAAAGCAGAAAATTGGCTTCTTCCAGTTTCCAGAGATCCATTACAAGTACTCTGAGAGGCGTCACCATTAGGAATATATGAAGTAGAGGCCATGACCTCAGACGAAATAAGTGGTTTCTTCCCTCTACGCATGCTGATATCAACATCTTTCTCCACTTTCAAGGTATTCTGTTTTTCTGCCTCTTGAAATGGAGTAGATGGCTCCCCATGACCATCAAAATCCTCATCCGCTACCATCCGAAATGCTCGTTTTTTTGGAGGATGCTCTTCCACAGAACTTGTGAGAGGCAAATAAGCACCATTAACACAAGTCTCGTGATCTTTACTGGAACCTGCTTTGCTTGTGTCCCCAGCAGCATCACCAGTCTTCTCTTTCAGACCCGAAAACCCTCTGGCGCCAGTCTCTCTAATTTTTTCCTGCTTTTGATGACTAGAACCTGGCAAATTTGCCTTCTTCTCAGGAAGATTATCCAAGAACTTTGGCGCCTCCGGATTCTGAAGACTCTTGAGAGCCGGGCCTCGTAGCATAGATGGTGATAACCTACTTGGTGCTTTCTTCTTCGGTGAAACCATTTTATTAACTTGCTGCAATATTTTTGAAGCCAGCTCCCTCGACGTGGAAGGGACAAGGTTAAAATTTGAACCAGGAATATCCCCTACATCTCTAGATGTATGTGTCATGTTTTGTCCACCAGTGGCACGAACAGAAAGTGGGCTTTCCGAGACAGGCAGAGCCAAGCTTCTAGATGAAAGGTTCGATTTCTGTCGAATCCTCCTAACAGGGCCTACAGATACTATATCAGTATCCAAGACTGAGCTCCTCCGTTTGAGACCCGATTGAAACCCTTTTCTAGAACCAGAAGCTAAGCTTTCTTCCCATGTGCTTGGAGATGCCTGGAAAAGAGAACCATTCTTAACAGTGGACTGATGCCTAGAGTATGGTGTTCTGGCCATGCTATAAACAGCAGATCTTCCCCGAGATCTAGGGGTGAGGAAACCATTTTCCAGAGGTCTTGGTCCAGAAAGCTTTGGTACCAGTGACATTGTACGTGACTTTGACGGAAAAGGGGTTCTGTTCAGGGAAACAGAATCTTCCCTACCCGTTTGACCACGTGGCCCCAGCATAGGAGTAACTTCTGAAGGTCTGCTACACATGTAAGCTTTTGCAAGCTGTGCTGGTGAAGCAATGCAATCATCGAGAGCCCTCGAACTTCCAAGAGGTGTTGAAACAAGGGTGTTCATAAATCCACTATCTGGAACACTCGCTTCATTTCTCTGATCCCCGTTTACAGTGGATGAATCAGCAGCTTTCGAACGTAGCAGGCTAGTTAATCGGTCAACTTCAGATCTTGTAAAAGTTTTCTCCTTCAAAACTTTCTCAAGATCTGTATATCCATCCTTGCTTGGATTGCCTAATCCATTGGCTTCGTGTACCCGAACCAAATCATTCTTCATAGACAAAGCAGAAGTATTCTCCCTGTGTCCAACCTTAGCCTCCTGCATCACATCTCTTTCTGGAAACTGCTTCTGCTCCGGAGACTGTAAAGGCGTCTCACCTGAGACGAGGTGTTTCCGAAACACAGACGCGAAGAGCCTATGAGCGCTATACGTAATAACCCTCTGAGCCGGATCCACCAATTTCGACAACCAGCCTCTGTCTTCTCCGATCCCATTTCTAGGGTTCTTCGCAGAGGTCGGTGGTCGATCATACGGAGTTTTCTGAGACCTTCTCGCCGGCGGTTTCCGGAACTTTCCGCCGGCTCCTAATCCGCCGCCGTAGTAGGGGTTGCTGCTGTCTCCCCGTGCCGCGCTCGCCATCAGCGGAAACGAAAACGTGAGATCCAATCTAGGGATTTCAACGAACTTTTTCCGCGAAAGGAAAAATCGAAAAATTTGGGGATTAGG,Novogene
Brassica juncea,111 vs control,up,21.6,3.1,CIA30_ARATH,Cluster-46783.1,"PREDICTED: probable complex I intermediate-associated protein 30 [Brassica rapa]>gi|685317220|ref|XP_009149183.1| PREDICTED: probable complex I intermediate-associated protein 30 [Brassica rapa]>gi|685317222|ref|XP_009149184.1| PREDICTED: probable complex I intermediate-associated protein 30 [Brassica rapa]>gi|685317225|ref|XP_009149185.1| PREDICTED: probable complex I intermediate-associated protein 30 [Brassica rapa]>gi|685317227|ref|XP_009149186.1| PREDICTED: probable complex I intermediate-associated protein 30 [Brassica rapa]>gi|685317230|ref|XP_009149187.1| PREDICTED: probable complex I intermediate-associated protein 30 [Brassica rapa]/ PREDICTED: Brassica rapa probable complex I intermediate-associated protein 30 (LOC103872522), transcript variant X6, mRNA","Blast_NR, Blast_NT, Blast_swissprot",CTTTTTGACTTTATGTCTTGTTTTCTTATTTGATGAACATAGTTAAAACATTGCTCAGCTGATGACCAGCTATAGTTCAACAATCTTTTCTGGGCACCATCAACTCAGGTATGGTTTTTACAAGATAAAACAAAGAACAAAAGAAGAAGACATCATACATTGCCATAATGCTTCTTCACCCATTCATGGCATTCTCAAGGCTTTGATCGAGTCAATTTCAACTCTGAAATCACCTGCTCCTGATTTAGCTCCAACCGCACCACCTTCTGCGTTAACCGACAGTGACATACCCAGAACACGACCTGGATTCATCTCCATTTCCACATCGATTACATTTCCTCTCCATGTTGGCAAGTATCTAGCCAGAGGGATCTTGGCAGTATACCACCTGTCCTTTGGAGCAAAGACGAAAGCTTGCCACGAGTTATCTTCTGTTTGTCCTGGTGAATTCACCCAGTTTTCGGTATAGATGGTAGAGATATAACACCTTCCATCTCCTCTAAGCCTCATGGCTATTGCATCATACCCATCGAGATCAATGAAGCCATCAAACTTCTTTGAGCGCATTCCACAGAAGCCACTCCGACTGATGTTCAACTTCGATCCCTCACTAAGGTCTACGGAAAGGTTCCCCGAGAAAATTCCAGTTCCGCCTGATCCTTTTCCTCCATCTGGGATCTCCAAGGAGGCCGAAGATAATCCTCCATATTCAGAATCAGAATAGAGATGCCATTTCTTCAAGTCTTCTTTCGAATGAAACTTAAATATATACTTCTCTGGAGGTGGTATCCATTCTTCAATGTTCCACGTAAAAGCCTTCCTCGTTGCATTAACTGAGGCTTGCAACAATGATCGAAACCTTGACATGTCTCTGAATCTGCTTTCCCATGAGAAAATGAAGAAAAGGTTGAATAAATATAAAACATT,Novogene
Brassica juncea,111 vs control,down,51.2,-4.3,GLYC7_ARATH,Cluster-15354.51991,transferase activity//lyase activity//methyltransferase activity,GO,GCGCGAGTATAATGTGTGGATGAACGAATAAGTGGGATTCATTTGTTTACCCATTATGAGATTCACGATTTATCTATCATACAGATGACTCTCACTATAGATTCCAAGAAAGTATGAAATAGAATAGTGGGATTTTCAAAAAACATACAAAGTGTCTCTTATCAGCAACCATGTTAATACCATGCTTCGAAATTTACTTCAGTTTTTCAGAGAGTTTGATGACTTTCTCGAAACTTTTCATGGCTTCTTCAAACCTTCTTCAATAAACAGAGCATAGAACTCTCGTTTCCCAACAGAGAGTGCAGCTGAGGTTGGACTTACTCCATAAACCAGATTACCAACCATCCTAGGCACGCTTCAATTGGTTGCCTCTTGCCACGTTTTCTTTAACCGCATTGTATGCTTTATCTTGTGTCATCCAACGTCCATTGGTCTGGTTGTAATAGCAGCTGGAAGCACTGTCAAGCATCCAATCTATCACAACAGTCAACACTACGTCAAATTATCTATAGCTATGAATGAAAAGGTTTAAGAAAATTGTGAATCCAAAAGGTGAAAGAGCCTGAGAGTGACTCAGAAGAGACAACCGTTTGGCTCACTGGTGATGATACTCTAAAGAGTTATAGGCTCCAAAACTTAAAAATCAGAAGTCTTCTGCAAACGCAGGAGCACCGTTTGCTTTGGAAACTTGTTGAGCAGTTTCTATATCTCTCTAATAGCTAGAAGCATGAATCTCATATTGCAAAGCAAATGCTTCAACTCAGTGCCTAATCTCACATTTGTCTTTGTTTGTGCATAGACTCTTCACAAACTACTTGTGCGGCTTGCCATGGTTTCTCGGGAAGGCACTTGTTATATGAGCTGCCTTCATCAGAAAGTCCGCTATTCTCTCGAAATCAGACTCTATACGGCCTCGGGTTGTCATCGTCGTTTTCCACAGTTACACCTCCAGGAGATATTGTACCATTGTCACCAAATATAGCAGTCTTGTTTAAGTTTATATGGCACATCTCAAACACCTTCTAGTAGACTTTCCCTGAAAATCAGAGACACTCTAAAATCTGGTAGGTAACGTTGAGTGAGTTCTCGTACCAGTTAAGCCCAAAGGAGTGAGATCCCAGAGCAACAAATGGTTGTCTGTGCCACCTGTAACCAGTCTGCATTTTCTTCTAAGCAGAGCTGATGCTAAAGCTTGAGCATTTTTCTTCATCTGTTGTACGTAAGCTTTGTACTCTGGAGTAGCCACTTGTTTCAAGGCAATGGCGAGAGCTGCGATATGGTTGTTGTGAGGACCTCCTTGTAGCGAGGGAAAAACAGCAAAGTTGATCTTCTCCTCTAAATCATAGTGTGTGGAACTGTCGCAATGACTGGAGTGATGGGCTTGCTTTCTTATCTTTGGTCCTCTCCTGTAGAAGATGATACCTCCTCTGGGACCACGTAGACCTTTGTGGGTAGTGGAGGTAACTATGTCACAGTGATCAAATGGATTAGAACATTCCTTAGTGGCCACAAGACCGCTAATATGAGCCATATCACACATCAAAACAGCTCCACACTTGTCAGCAATTTGTCTAACCCTTGAAAAATCCCAGTCCCTAGGGTAGGAGCTGCCTCCACAAATAAGAATCTTGGGGCGGTAATCAAGAGCCTTATCCTCAAGCTTATCGTAATCAATATACCCAGTTTGGGGATTGACTTTATAAGGAAAGCTCTCAAAGAAGATTGATGTAGCGGAGATCTTCTTGCCAGCTGGAGTACAATAGCCATGACTCATGTGGCCACCGGAAGGAGAATCAAGCCCCATGATCCGCTCGCCGGGAAGTAAAAGAGCGGTGTAGACTGCGAAGTTGGCAGAGGTACAAGAATAGGGCTGAACATTAACACCCCATTTGTCGGGTTCAAGACCAAAGGCAGCAAGAGCTCTAGCGATGCAGAGATTCTCAATCTGGTCGATGTATTGATTCCCGGTGTAGTATCTGGCTCCAGGCATGCCTTCAGAGTATTTGTTGGTCAAGTGACTTCCCAAAGCTTCCATGACAGCTCGACACACGAAGTTCTCGGAAGCAATCAGCTCGATTCCTTTGACTTGCCTTTGCTTCTCCTTCTCCATGATCTCGTGGATGTCTGGGTCCGCCAAATGAAGAGACTGATCTCCCCAGGCACGCACAGCAGCACGTCTCGATTCAAGATCCGTGTCGCCGGCGATCGTTCTCCTCGGATGTTTGGATTGAGCTAGAAGAAGCGGACAGTCTCGTTGCCTTTTAAGACACATATGGTGACCTAAGATTCTGAAGTGCTCATCCTCCTTTTCATCTCCGTCTTTCTTTGGCTCCTCCACGGCGGCGACTTTCTGTTCCAGTAACTGCAACGGAATCGGCGGGAAACTGACCGGCGATGATCGGAAACTGGGATCCACTTGTAGATTAATCGAATCGTCAGCAATCGGGATTCTCGGAGTCGGAGCCATTGATGATGATGATGCGTGCGAACAACCAATCCCTAATGAAACGTTAGAATCAGAACCACTCAAATCCATACAAATTGGAGATCTTTAATGGAGAAGACGAATATGTTTCGCGATTCGCTTTTTTGTTTTTTGTTTTCTGCTTTCTGTGGTTTGGTAAG,Novogene
Brassica juncea,111 vs control,down,82.7,-4.4,SCL1_ARATH,Cluster-15354.47671,"PREDICTED: scarecrow-like protein 1 [Brassica rapa]/ PREDICTED: Brassica rapa scarecrow-like protein 1 (LOC103872980), mRNA/Scarecrow-like protein 1 OS=Arabidopsis thaliana GN=SCL1 PE=2 SV=1","Blast_NR, Blast_NT, Blast_swissprot",AAAAAAAAAAAAAGAAAGAAGAGAAACTCTTTAGAGATCAAAAGATGAACATCGCTCACACCATCTTCGGCGTTTTCGGAAATGCGACTGCTCTGTTTCTGTTCTTGGCTCCTTCGATAACATTCAAGAGAATCATCAAGAACAAATCAACCGAGCAGTTCTCCGGCATCCCTTACCCTATGACTCTCCTCAACTGTCTCCTCTCCGCCTGGTACGGACTTCCATTTGTGTCCAAAGACAACACGCTTGTGAGCACAATCAACGGAACAGGAGCAGCGATCGAGATAATCTACGTGCTGATCTTCCTTTTCTACGCACCAAAGAAAGAGAAAGCCAAGATCTTTGCTATCTTCGCTGCCGTCTTGGCCGTGTTCGCAACGGTGGCTCTAGTCTCTCTCTTTGCCCTCCATGGTAACGGTAGAAAACTCTTCTGTGGTATCGCAGCCACCGTTTTCTCCATCATCATGTACGCTTCTCCACTCTCAATCATGAGGTTGGTGATAAAGACGAAGAGTGTAGAGTACATGCCATTCTTCTTGTCACTCTTCGTGTTCCTCTGTGGAACTTCGTGGTTCATCTATGGTCTTATCGGTCGTGACCCTTTTGTTGCAATCCCAAATGGGTTTGGATGCGCTTTAGGAACACTGCAACTGATTCTCTACGTCATCTACTGTGGAAAAAAAGGCGAGAAAACTGCTGAAAAGGATGACAAGTCTCTAGAGATGAAAGGTGAGGAGAAGAAGCAAAATGTGGTTAACGGAAAGCAGCAAGAGCAGCAAGTTTAGAACTTTCAATGATTTGTTTCTTCTCTGTATTTCGTTTTTTAACTCTTCTTCATTAGAGTTTTAGTTTGGATGTAACAAGATTCCTACTGATAAATGTGATGGACTAGTGATTAAGAACATGTAAAACAAAACTCTGCTTTTATATAAGAGAGAGAGAGACAGAAAACAAAGTACTGTAACCATAAGTGTTAGGTTAGCTTATAGAACCTCTGATCATATCCCTGATCTCTGGTTAATAATAATACATGGAGAGATGGATTGACCTAACCAGTTTTAAATATAACACAAAACATTCGAAATAAAACATAAAATAAAGTCTTTTTGTTTTTATAGAAACATAACGACTCTTTTTTACCTCCAAGCCGAAGCAACAATCAAACTCTTCTCCTCCCAGCAAAAGTGAAGCTCACCCATTTCCTCTTTAACCTTATACTTACTGCAATAATCTCGCTTTATCAGAGTCTCTATATTGCTCCTCACTCTCCCACTCATGGGCCTCGGACTGAACCCCGCCATCATCATCCTCGCTCTCCATTTCCCAGCAATCTCGTACCTCTCAATCCGCTCTTCTCCTTCACAAGCAACAACGTTGACAATGTCTCTAGCAAGACACTGCCTCTCCACGTTCATCCTCTCTTGACTCTCTCTCGGAAGCGTCACGTCAAGAGAGTCAAAAACCGCTGAGTAGTACTCGTAAGCCTCCATGAATCTCGGGAAGAAAGGAGAAGTGTTTGTGTTCACGTCTTGCTCAACGACCGTGACAAGCTTCGGGTTTAACCCTCTGACCATGTGGAGCAGCTCGTCACGCTGGTTCACCGTCGTGACGCTCTCGTCAGGCATGTGGTGAAGCTGAAACGCGAAGTTGACGATCAAAGTCTCTCCCGGTTTGCAACCGAGTGTAGATGGAGAGACGATGGAAGTCTTTGACGCCACTGCTTCGAATTTGAATGAGACTCCATGGTCTTTAGCGAGTTGCTCGAGTCTAAGGCCTATGATTCTTAACCCTCCTACTGAGCGTTGGACTGATTCAGGGTCATCAACTCCGGTTAGCCTCAGGCGAGGGCCCTTACCGGGAAGCTCAGCAACGGTTCTGATCAGTGAGATGTATTGGTTTCCTTGGTTTATATCGAAATCTATGATATGAACTTCGTTTTCACCTCTGATTGCTTCCACTATTGCACCGTTAGCAGCTAAGTATCCGAATTTGAAACAAGGGCATACCTCGAAGAGGACTTGCATAGCTGCTAGCCGCTGGTCAGAAGGAGGCTCTTTGCATTTTAATGCTCTGTAGATGAATTTTCCTGAAGCAGCCATTCTTGCAGCTAGGCCTTCAACCATGTAAGCTGCTATTCTCTGAGAAGGGTCTCCTTGGATTGAAACGATCTGCCTCACCTCGTTTAGTATTGATAAAGCTTCCTCTAATTTGCCTTCTGATAAGGCACGAGCACAGGAGATCAGCATTTGCTTTGGAGTTGCTTGTGATGACACCACTTCTGTGCTACTTGCATGAGAGTTGGAATCTGCTGATGAGGAGTCTTTGCTCTCGTTTTGGTAAGACCATTCGTTGTCAATCTCCATCAGTTGATCTATACCAATCATCTTATCATCATCATCTTCGTCGTCGAGAAGGGCTCTTTCGAGCTCTTGAATCTTTGATCTCATTTGTTCATCATCAAACTCCATGCTTGGACTTTGAGTTGCCACTTGGTAACCTCCAAAGAGACTCATTGATGAAGTTGAGGTTGAATCAAACGGCAACTGATACTCCATGGAGCAACCAAGAACCGGTCTAGACTGGTAAGGAAACGATTCCAGAGAGCCAAATGAGCTAACCGAGGCACCACCAGAGCCAACAGGATGTTGTTGTGCAAAGTCATCTGTCGGGGAATCGAGAAAGTACTTCTCATAGCTTTGGCTTGGGTAAGAATCATCAGTGAGGCAAGTGTTCTTGGACC,Novogene
Brassica juncea,111 vs control,down,91.1,-4.4,-,Cluster-15354.44072,RNA binding,GO,ATCACATCGGTTCTCAATTATATATTGCGTAGTTGTTGTTTGTTGCTCATCGATCACATTCTTAATTTTGATTATGAGTTAGATTATATTCATTTTTACTTTATTATTGTTAATCTTGTTAAGTTTCTAGTAAATCCAAATCCTATAAAATACGATGGTATATATGCCTAAGTGTGAAGGTTAATTTTTTTCTTAAAAATCCATAATTTGCAATTTGCTTAGAGTCCTTCTATAAATACATCATCATGGCCAATGTATTTTGATCATTAGATAAGTTGCGTAGTTATCCAATATTAATTTACCTTCCTTCTACACATCTATATATATCCCCCACAACTACAATTATAACATTCTGCAATCGTCTCATCTAATCAACCTCGACTATACGACGTCGACGCCATTGTTATTTAGGAGTTTTTCTCGAGAAAAAATGAAGGAGAACGCAGGAAACCCTCTCCATCTCACGTCACTGAACCATGTATCTCTCTTGTGCCGATCCATTGAAGAATCCATGGTTTTTTACCAAAAGGTGTTAGGGTTCTTCCCTATTCGTAGACCTGAATCCCTAAATTTTGAAGGCGCTTGGTACCCTTTCTTGATTATCTTTGTATGTAAAATTTTGAAAGAGTTTACAGAAAACTATAAAATGAGTTTTGAAAAACGTTTTGTATTTAGGTTGTTTGGACATGGAATTGGAATACATCTCTTGCGTTCCTCAGAACCAGAGAAACTTCCCAAGAAAACCGAGATCAATCCCAAAGACAACCATATCTCCTTCCAGTGCGAGAGTATGTCAGCAGTGGAGAAGAAGCTTGAGGAAATGGATATAGAGTATGTGAGGGCGATAGTTGAAGAAGGAGGGATCCAAGTGGATCAGCTTTTCTTCCACGATCCAGATGGCTTCATGATTGAGATATGTAACTGTGATAGTCTCCCCGTTGTCCCCCTCATAGGAGGAATGGCTCGGTCCTGCTCCAGAGTTAAACTTCATCAGATGGTGCAGCCACAACAGCAGACTCAGATCCACCAAGTGGTCCACCCTTAACAACGATCTCTGTTTTTGTTGTCCTTGTGTGTGTATGTATTGTTGTGCTTGTTTTGGAGTGTAATGAATAAGTCACCGACGTGAATCAGTGAATGTGATTCCACTCGAGGAAATGATCATTCTCCTTGCTCTTCTTACTATATGATACAACCAAGAATTAATGCAATAATGCTTACATATATTTTGTTTTTTCTGTAATTGGTTC,Novogene
Brassica juncea,111 vs control,down,73,-4.5,-,Cluster-15354.135436,Fusaric acid resistance protein family/ PREDICTED: uncharacterized protein LOC103873018 [Brassica rapa]/ ,"Pfam, Blast_NR",TTTTTTTTTTATAATAGTTATTAAATTTAACTCGAAAACCCTTTTTGCTTTCTCTCTCTCTCTCCTCTGTTTAGTGTCTGCTACGGGTCTCGTTTAAAGAAATCAGCAAACCCATGGATTCTTCTGTCACTCTCTCGCATGCACGAGAGCTCTCTTGTACGTTTAATTTAACCCCCACCCCTTTTGTTTTCTTCCTCCCCATAACGACAAATCACTAATCTTTTTTGAATTTCTTCAATCCTCTGTTTCTCTCTCTCTCTCACACACTCTGTTTTCTCCGATTTGAAAGCAAGATGGTCTTCCCGTTGTCCTTTCAGCCAAAAGCATGAGACTTGAGACTACGGAATGGGTTGCGGAGGATCCAAAGTCGATGACCAACCGCTTGTGATTCTCTGTAGAGAGAGGAAAGAACTGATCAAAGCGGCGTCGTATCATCGCTCTGCTTTGGCCGCCGCTCACCTCGCTTACTTCCAGTCTCTCTGCGACGTCGGCGAGTCTATCAAACGCTTCGTCGACGAGGAGTTAGTCCTCGCTGGCTCCAACAACAACTCTTCGCCGCCGGACTCGCCCGTTCTCACTCTGCCTTCCGACCAAGGGAAGAAGAAACACAAGATCTCCTCTTCTTCGACCTCTGTTTCGCATTCCCTCGTCCAAGAAGATGAGGAAGAAGACGGAGAAGGCTCGCATTTGCATTTATCCTCTGGATCTGAGTTCGATTCGGGATCGGAATCTGGATCTGATGATTCGTTAGGTCATATCCATATCGAATCCAGCCCTAAAGTGAAAAAGGAACAACCTTTACCGGAAACTTACCCGCCCGGTTACCCACCAAGTTACCCACCAAGTTATCCGCCGGGATATCAACCGGGTTACTCCTCCGGGTACCAGTATCCGGGCCAAGGATGGGGCTTTATGGGAGAGAACCCGAACCCGTATCAGGGAGTGTACTTCATGAAGAAGTCTGCGCCACCGTCTCGTCCGGTAGTGTTTCAGCCGGAGAATCACCGTGTGGAGAACGGGCAGTGGCCACAGGAGAATGGTTATGGATACTCCAATGCTGGTTATTATGGTTATCCTGAACAACAACGTAGAGCAGCGCCGCCGTCTCCGGCGAGGCCTCCACCGTCTCCTCCCACGGTTTCCACTTGGGACTTTCTGAATGTGTTTGATACTTACGATTACAACAGAGCTGGAGCTGGTGAAAGTTCTGGTTTTTATCCGGCTGCTAGTGGAGTTAAGTCGAATTCAAGCAGCCTTGATTCGAGGGAGGTGAGGGAGAGGGAAGGGATTCCTGAATTGGAAGATGAAACTGAGCAAGAAACGTTGAAACAGTCCAAGAGGAATAGTGTTGAGAAGATGAAAGAGCATATACCTGAGAACGAGCCGAGCAAGTGGTCCCAACTTGATGAGAGGAAGATCAAGAAGAGAGGAGGAGACTCGGGTGAAGGAACATCGAGGGATGTGCCTATGGTAGAGAGTTCTTTTAGTTCAAAGACAGTGTCTTCGTTTACGAGCAGTGAAGAAGGATCTGAGTTTCACCATGTTAACGAAGGAGAAGAAAGGAATAGCAGTCACGGGCATGAGGCTGTTGCTAGGAAGAGCGTTGGAGAAGTGGAGGAAGAGTATGTGAGGAAGAAAGGAGTGAGCTTTGAGTTGGAGGAGAATATAGCAGCAACTTCTTTTGATGTTGAGTCTTCCAAGATAAGTAGCTTGTCTGCATTGTCGGTTCACGCCACTAGAGATCTAAGAGAAGTTGTGAAGGAGATAAAGAGTGAGTTTGAGGTTGCTTCTTCGCATGGGAAGGAAGTGGCTGTGTTGCTTGAGGTCAGCAAGTTGCCGTATCAGCAGAAAAGCTCTGGCCTTAAAGTTATCTTCTCTCGGATCATGTCATCACGCTCTCAGCCACAACCATCAATAAGGTTAACATCAAGGATACTGAAAATAGCAAAATCATACAATGTTCAGGACGTTCCAGAAGGCTTCACTGCAAACCTCTCATCAACCTTGGAGAAACTCTACGCCTGGGAAAAGAAACTGTACAAGGAAGTCAAGGACGAAGAGAAGCTTCGAGTTATCTACGAAGAAAAGTGCAAAACACTGAAGAAACTAGACAGTCTAGGTGCAGAGTCTAGCAAGATTGATACAACTCGAGCAGCCATTAGGAAGCTGCTAACAAAACTCGATGTCTGTATAAGATCCGTTGATTCCATTTCCAGTAGGATACATAAACTGAGAGACGAAGAGTTGCAGCCACAGCTCACTCAGTTGATTCACGGGTTGATAAGAATGTGGAGATCAATGCTAAAGTGCCACCAGAAGCAGTTCCAGGCCATCATGGAGAGCAAAGTTCGATCTCTCAGGGCAAACACCGGGTTACAAAGAGACTCAGGCCTCAAAGCGATTCTTGATCTTGAGATGGAGCTAAGAGAATGGTGCATCAGCTTCAACGACTGGGTCAACACTCAGAAGCTCTACGTGGAGTCTCTAAACGGGTGGCTATCAAGGTGTCTTCACTACGAACCTGAGTCGACGGAAGACGGTGTGGCTCCTTTCTCCCCAAGCCGCGTTGGAGCTCCGCACGTTTTCGTTATATGCAAAGACTGGCAAGAAGCGATGGAGAGAATCTCAGGAGATAACGTCACAAACGCCATGGAAGGCTTTGCAACGAGTTTACACGAGCTGTGGGAGAGACAAGACGAGGAGCAGAGGCAGAGAGTGAAAGCGGAGTACGTGTCTCATGATTTCGAGAAACGGTTGAATGACCTTCGGATGGAGAGGGCGAGGGTGAGGATGAGAAACGAGCAGTTACAAGACGGGGGTGCGTCGTCGGAGAGGAGCGTGGTGTTGTCGGAGAGCGGGAGGATCTCGGCGCTGGATGATCTGAAGGTGGATTTGGATTCGATGAGGAAGAAGCTGGAGGAAGAGAGAGCGAGGCATAAGGAAACGATTAAGCTAGTGAACAATGCGGCTTCGAGTAGCTTACAGTCTGGTTTAGTGCCCATCTTTGAGGCTTTAGGGAATTTCACATCACAAGTTGTGAAAGCTCATGAACATGTTAGGTTTCAACAGCCTCAGTCTTCTTCTTGATGAGGGTTTGATTTTGCATCAGAAAATTTTGGTAATGAAAAATTAGATTCGGCGTAGAAAAATTGTTTGTATATGTTAATCTCCATTTATAATATTCATTGATTGGTTGATTA,Novogene
Brassica juncea,111 vs control,down,36.8,-4.5,PDRP2_ARATH,Cluster-15354.43585,"cofactor binding//ATP binding//transferase activity, transferring phosphorus-containing groups",GO,ATCTCCTCCGGTGGCAGCTTCGAGTCCTCGCTCTCCGAAGCTGAAGGCTAGCTCCAAACTGAACCGATGGTCCATGGGCCGAGCTTTACGATCCGGTGCTCTTAAGATCGACCGTCAGACTCATCGTACTGATCACAACGACGCACCTTCCCGTCAAGTAACGACGACGGAGGAGGCTGATAGAAAGACGTCTGCGATTGAGGACGTTTGTAGAGATGACGTGGCGGCAAAGTCGATATATATGGTCTCAGACGGAACAGGGTGGACGGCAGAGCACTCCGTTAACGCAGCGTTGGGGCAATTCGAGGATCCATTAGTCAATCGTGGCTTTCCCGTTAACACCCATCTCTTCTCTTGGGTGGAGGATGAGGAGAAGCTATTAGAGATTATAAAGCAGGCAGCGAAGCAAAAGGCAATGTGTTTCTACACTTTAGCCAATCCTTCTATGTCCAAATCCGCTAAAGAAGCTTGTGATCGTTGGGGAGTGCTCTCTGTTGATATCTTGGGACCAATCATCCAAGGCATTGCGTCTCACTTGGGTGTTTCTCCGTCGGGTCTCACCCGTGGAGCTGCCGGTAGGGTCAAGACTCTCAACGATGCATACTTCAAAAGAATCGAAGCCATCGAGTTCACCATCAAGCAGGACGATGGGACTCTACCCGAGAACTTAGGCAAGGCTGATATCATTCTTGTCGGTGTTTCCCGGACAGGAAAGACGCCGTTGTCCACTTATATTGCTCAGAAAGGGTACAAAGTCGCAAACGTACCGTTTGTGATGGGTGTGGAACCGCCCAAGACGCTTTTTGAGGTTGATCCGAGGAAAGTTTTTGGTTTGAAGATTCAACTTGTTGTACTGCAAGCGATAAGGAGAACAAGGGCTAAAACGTTAGGCGTGGATAGGGAAGGAGAGAACAGATACTCTGGCTTCGATCTTGTTCGGAAAGAGCTTGATTTTGCATCAAAGATCTATGCCAAAAACCCTGGATGGGCGGTCATAGATGTGACGAATAAAGCGATAGAAGAAACCGCAGCTGTGATTCTGCGGCTATACCACGACGGTAGCGACAGTAGTACTTCTGTACCTTGTATCTCAAAACGCTTCTAAGCTCCACTCCTCTCTCCCTTGGGTAGGAGAATACAGTATGGTGTACTACAACCGTAGGCGGCTGTATTTTGTTTACTCAAACTTTGTATTTTTAAAAAACACTTTCATGGAAACAATCAACTGATGTAAGAGGGTGAAAAAGTAATGATTATGAAATTACTCTGAATTTCTCTTAGGTTTATATCCAAAAAAGTTTGGCATGTGATTTACCAATTTGTAGCAGAACATGCCACAGTATATGTAAAACATGGATAAGTATCATCAGCAATTAGTTGAAAGGTTGCATACAACTTG,Novogene
Brassica juncea,111 vs 653,up,523.5,6.2,-,Cluster-15354.86688,"PREDICTED: Brassica rapa uncharacterized LOC103828391 (LOC103828391), ncRNA",Blast_NT,TCGAATCTTGGAAACTCAAAATGTGCTCATGGCAAGACAAACAGACTGTTCATATACTTAGCAACACGATCAAGTAACCTTTCACTTGCGGACAGAACAAAAATTTGAAAAGATAAAACTACCATGGGAGAAACATAAACTTCAACTTTTGAGAAACAATAATATCAATTTTATTAGTGAATTATCGGCAAAAATATATTCACATCAAAACAAAATGAAAACATGGAGTGTAATAATGGATACACTTCGATATAAGTTAAGGAAATTAATCAATGTGTACACACAGCGTTTTAATACCTTCATTTACAATAAGCTTTATAGGATGAGTCTACAAAGAGCTGTTGTATTCACACTGCTCCACGCTATAGCTTCCAATGTATTGCTCCACAAGCTAATATGATATCCCATTCTCACCCTTCAGCCATCAAATTTCGAGATACATAATCTTGTGATGTTCTCTAACTATATAAATCAAACAGATACTTATAAACTTAGAAATATAAATAAAAAAATACTGTCTACAGCATAGAAAGCTTTTAGATCAGTAGGGTTTGTCAATTCACTCAAAAAAGAGAAACAAATAATAGAATGAAAAGTAACTAGTTGGCCCAATAAATTTGGGCAACGAATTTGTAAAATTCATGACGGAAGTAATGATTAATGTACGTATGATTGTTAATATGCATGGGTGTGATTGGATATAATTCTGAGTGACTAAATTATCAAAAATAACATACTTACGAGCGCATGCTTGTTGGGTGGGGCATGAATGGCGCAAAGTGTTACAGCTCCAGGTCGAATGAGATATAAGTGTTTCATGGCTATCTGTTGAGTTACGGTGCATAATAATAAATAGTGTGAAATTTCGCAGAGAGCAAGACACGCACACAGGAAGAGGAGAACCCGGGATAAAAAAAAAACACCCGTGCGAACTCCCCTCCCAACCACAAAACATATTGTTTTATTAAGATCTGTTTTTGACCTGCCATGCAAGCGCACCTGTCATGGCAAAGGTCGGATGACAAAGATGCTAATTCAGAAACTCCAAACCTCATCAGAGGCTCTATCGTCCCTAACAAACATCTCATACATCCCATCATACTCAACTCATATCAATTCACACATCTCCCATCCTCTTCATCTTCTTTGATCGCTCCCCCATCGGATTCATCATCGCCTCATCAAACCGCAAACGAAACTAACAGATACGACGAACCTCGCGGCCGAGATCAGATCATATGCATAATAAACCGATCTACGGAGATCTCAGCCGCTACGATCCGTCTTCTCGCCGCGATTTAAACCGGATCCACTAGATCTGCAGATCGAGAGCTGAATTTGCGACGATTTGCATCGGAGAGACATCGACGTACCACAGAGAATCTGGCGAAAGCGATGACGAAGAAGTTGAATGAATCATAAGAAACGCGGGTATGTAATCCTGAAAAGATCAATGCGTTGCTTTTATACACAGTGTTAGGAGTAATGGACGGACGAG,Novogene
Brassica juncea,111 vs 653,up,421.2,6.1,UVB31_ARATH,Cluster-15354.91585,PREDICTED: uncharacterized protein LOC103874970 [Brassica rapa]>gi|674947140|emb|CDX86293.1| BnaA06g30100D [Brassica napus]/ UV-B-induced protein At3g17800/ chloroplastic OS=Arabidopsis thaliana GN=At3g17800 PE=2 SV=1,"Blast_NR,Blast_swissprot",GCGGTTTTAAAACGTTATGCTTTGTATTTCACTGATTACCAACATATGATAGGAGGACATAACAGCTACAAAAGAAATTAAACTGTCTCTCTATATAAACACACTATACATATATAATCACGCAATCTATAGACAAAAAACAATAGTTTTCACAGCCCTGTAGAAACCTTTCGTCGCTCTCTCTACATATATATGGAGTGTGCACCAACAAAAAAGATACCAAACTGGGTTCATTTCAGACACTGCTATTCTCTTCTGCATTCTCATTCTCCTTAAGATTAAACGCCCCGTCTACATACTCCTCTGTGTCCCATAGAAACGTACCAAACGCCACAGCCTCGAGGAGCAGCCTCTTCAAGCTCGAAAACGACGCCACGATGATGCTCTCTTCGTCCTTCTCCTCCGGACCGAAAAGAGCTAGGCTTTGCTTCTCTATCAGGTTCTTAGCCTCACGTGACCTCGGCTTCGCGCATCTCTGAAGTATCTTGGGATCAAACCCGGAGATGTAATGTCTCAGCTGCTTGGTGATGATACCTTCCGACAGCGAGCATTCGAGCTGGTGCCTGAGGGAAGCGGACTTTAAAAAGTAACCGTACAAGATCGAAGCTGTGTACACTCTACTGAGATGATGCTTATCGATCTCGGTCGTCTCCAAATCATCGGTTAAAGTTGAATCCACTCTTAAACTGATGACCGCGTTGCTGTGTTCTTTGATGAGTTCAAGAACGTCGCAGCTATGGATTGATTCGAGCTCCCAGTCTTTCGAAGGCCAAACCTCGAGTCTTCCATTGTAGACACAACTCGAGAGCTTTGGGACAAGAGGGACTCTGATCTCTGAGAATTTGTACAAGATCAACATGTACATTATGTCTTCAATCGCGGTCTGGCAATTACTCTCCTTGAGTTGAGCTATCCTTCTGTGGAGAGAAGCTTCATCGGATCCAGAACTGAGGAACATGCGAGATAAAGCTGCTTCCTTGTCTTCGGCGAGCTGCTTGAGCAAATCAGCGACGGCGAAATGAAAAAGCGGCCGCTTTTTCGTCAAGACACAGCTCAGAAACTTCCCCTGTGCCGAGCGAGGTACGAGAGGCGCGTCGAGGCTCGCTCCAGCTCCCGCAGAGGCAGCAACCACCATGGAATCGTACCGGACCTTACGACGCCACGGGAGAAGAGCGCAAACGCCGCCGTTCATTCGTCGGGGGGAATCGCGGCGGGACGGGAGGAAAGGGAGGGAACCCTGGTGGGAGAGAGAGGTGTCCATGAACACGGAGAAGGCAGAGCAGAAGGAGGAGATTGAAGAGTCAGTGGGATGGGAGGAGCAGAGAGATTGGATAAGGTAAAGGGAATAGGAGTAAAG,Novogene
Brassica juncea,111 vs 653,up,405.5,5.7,-,Cluster-15354.125147,peptidase activity,GO,TTTAATATTTGATCTATGCGCTTTATATTATTTTCATCAAAAAGCAAACACATACATGTTGTCAAAAAAAAAAGCAAACACATACATATAAGTATAACCCATGTTGATGATTATTTGGGAGTTCCAAAAGAAAAGTATACATGTATTAGGAAGACTTTTCCTTAAGTGGATGAAAATCTTTGCTTAGTTGATTGTAATCCAAGTTACATAGTTAATTATCGTCATTGCTTACCGATGACAAATTCCTACTCCCTGGCGCCAATTGCAAATGCAAAAGATCATAACAACTGAAATTCATAATCAGTTGAATCTAAAAAAGGTGAGGAAGAGAGACAGATCTGGGTGGATTCGAACCACCAACCTCTCATAACGAGAGCTCTACCATTTTGAGCTTACAGATCTACTAATACAAACCTTTCCCGCGTGATTAAGGCACATGGGCTTTTCAAACTTTCACCCCGTGGAAGCAAAAACCGAACCGCAAAAGAGTCCTATGCACAACAAAGAAAAGTCCATTATCAAATTAGATATGGATCAAGATTTAAAGCCTGCTTTAACATTTAACAATTTTTATTTATGAATTATTAAATAATCACATTAAAATCAATGTATAAATAGAAACAGAATATAATTACAGAACAACATCCGATTATAACATCAGAAGTTTAATGCAAACACTGTAACTACCGCATACAATTCAAGGGTTTAACTCTCAGTAAAAGAAACAGAAGCCGTATGCAACAACATACAAAACACTATCTTGATAGCTCATAAGTGTATTTCTCCTTCAAAAATCCTCAAAGCCATTTGCAACTCTACAGTACAATATGATTACAATATGGTACAAAACAATGACTATTTTAATATTCTTTCAAGTTGCAATATAAAAAATGGATACAAATTATCAAAACTAATGCTAAGTATGTCGATATGAAGCATATAAATCTGATTGCAATTGAGAAAGACAGTACACTGTAAAACCTAGTAGTAGACGAAATTGATAAGTCGTTCAAATTAACACCGATGCAGTGTTTTTGGAGATCGATTTTGAGTGGTACCGATGATTTAATTTAACCATGAGCCAAAATAAAGCCGATTATGTCAATTAATAATTGCGGTAATTATCTAATAATGCGAATAAAAAATTGGAAGTACCTTTGCTCTCTCCGTAGAGTATTGTTGGCCCGTGCTTGACTCCAGATCCGATAGTAATGATCCGAATCAATTCAAAGAGTGATAGTGGGTGGAGATATTTTGTGTGATTTGAGATATCAGAGAGTGATAGTCAAAGCGAGAGCAAGACACAAAAGGTGAGGGGAGAACCCGGGCCAAAAAAATCCCCCCGTGCGAACTCCCCTCAGCAAACACGAAACAGTTTTTTTTTTTATTAAGGAATTTG,Novogene
Brassica juncea,111 vs 653,up,94.4,5.1,-,Cluster-15354.16367,"PREDICTED: Brassica napus uncharacterized LOC106366753 (LOC106366753), transcript variant X1, ncRNA/","Blast_NR, Blast_NT",ATATATATATATATATATACACGTTTTTGGTTTACTTTCCTAATATGTCAGCATCTTTATCTATATTAGGTGCCGCAATTTCGCGGATATAAATATTTTATGAAATTATATATTATTTATACTATACTAAAAGGAAAATAAGAAGCCTTTTTAGCTATGCCACATCAGATCAGAAAATCAACCAATGAGGTTGGAGCAATGGGACATGTCATCTGTTTATGATATTGATTTGGGCTTCGTATTTGATTTTGGACTTTTTATTTTACCGTTCTTTATTTTGTTTAGGGCTTCTTCTCTTGCCTTTGTCGACTGATTCTATCTTCTATTTTGGATGATCATGCCTTTCTTCTTTTACCTTTCGACTTCCGTACCTTCCCTTGCTCTTCTCTTCAAATCCATTTTAACGCATATTTTCACCACTAACTGCTCTAATCAAACCTTGCGTGATCTCATTCAATGGATTCTTTACATCTTCCTCTCTATTTGTCTATTTACAAATCTCATTCTCTTGACTTATGTGTGGATTAAAATTGAAAAGCTTCTCTCAGACAATCATCCCAACCTAAAGGAAACTCTTCAATCTCCAGCGACCGCAAGACCAACGAGAAGACCGTCGCCTCCTCCGAGACTGCGAGACCAAACGGGAAGTCCACCGCTTCCTCCGCCATTGTGATGAAACCAAACGCTTCTACCGCTCTGTCCAAATCCGAATCGGACCATCGATTGCATAGAGTTTTAGATATGCTGGAGCGTTGCCGTGGCTGTGTAACTTACGTTGTAGCTCTGAATCGGCCTAAAAAAAAGAAACAGAGGAAGAGTAACAGCAACAGGGGTTCTTGCGGAGTAACAGAAGCAGCCGTGGAGAGGCGGAGTGGAGACCAAGGACGAGATTAGCGGCGAGAAATTTGAAAGATGATCATTTACGCATATTTTTGGTTTAATATTTTTGGTTTATGCTCATTAAGGTGATGATTAATGATATGTCTCTTATCAGGTCCAAGTTGGAGGATCACCGTTGTATAAGGTAAAGAGAAATCGGGGGGAAGGTGGTCTTGGACAAGTGTTTGTTGGATCACCGTTGTATAAGGTTCGACATGATACTGTCAGTCCAGAAATATTTGAAACAGAAAGGTAAGCAAGTGCACTCAGGCAAGGGATTCAAATGTAAATCATCCTTGCTGGGAGAGACCAGAGACCATG,Novogene
Brassica juncea,111 vs 653,up,160.5,4.8,Y8359_ORYSI,Cluster-15354.84875,transcription factor binding//protein domain specific binding,GO,CAAAAATCTAATCTTTGCGTCACCGTTTCACTTCTTCTCTCGTTCTCTAGGGTTCTTCTTCTTCTTCTACAAGCTTCATCCACTAAACATGAGTCGTCATCCCGAAGTGAAGTGGGCAGAGACCACTGACAAGATATTCCTCACCGTAGTGTTAGCTGATTCCAAGGAGACTAAAGTTAATCTCCTCCCAGAAGGTGTCTTTGATTTCTCTGCAAAAGCTGGTCCTGAAAACCACGCTTATGAGCTTAAACTCGAGCTTCACGATAAAGTCAACGTGGATGAAAGCAAAATCAACATTGGAGTGAGAAGCATATTCTGCATAATAGAGAAGGCAGAGCCGGAAAGGTGGAACAAGCTAATCCGTGGAGGGAAGGCGCCACACTATGTCAAGATTGATTGGGACAAGTGGGTAGATGAGGACGATGAAGGCAGTGCTGGTGCTGGAGATATGGATATGGGAGGAATGGGTGGAATGGATTTTTCGAGCTTGGCCGGAATGGGTGGAATGGGCGGTATGGGAGGTCTCGAGGGGCTTGGTGGTATGGGTGGAATGGCCGGGCTTGAAGGGCTCGGTGGAATGGGCGGTCTTGGTGGGATGGGCGGTATGGGAGGGCCTGGTGGAATGGGTGGTATGGAAGAATTTGAAGATAGTGATGATGAAGGAGAAGAAGCCAAGTCTGGAGAGAAAAAGGAGGAAGCTCAAGCCCCTGCTCCTGCAACAGAGGAGACGAAAACCGAAGAGCAAACAACTGTTAAGAGTGACAAATGAAGACACTACCCTGAAACCTGGCTAACCAAGAGTTGTTTATGAAAACCGCTTGTTGGTTTGTTCGTTTTAAATCTTTTCCCTCTGCTTATTTTTTACTTGTTGGATTGTTGAATTCCCGATTCGGGTCTTGTATGGTTTGCTCTTCTTATAGTAGTATCATTGCTATTGTTGTTGTTGAACTTGGAATATTTTTGTTGCTTGTAGTGAGTGACTTAAAAGAGTTTGTGAGAAGAAGCTCTTTATAATATTGTCTATCTCCAG,Novogene
Brassica juncea,111 vs 653,down,51.2,-3.8,GLYC7_ARATH,Cluster-15354.51991,transferase activity//lyase activity//methyltransferase activity,GO,GCGCGAGTATAATGTGTGGATGAACGAATAAGTGGGATTCATTTGTTTACCCATTATGAGATTCACGATTTATCTATCATACAGATGACTCTCACTATAGATTCCAAGAAAGTATGAAATAGAATAGTGGGATTTTCAAAAAACATACAAAGTGTCTCTTATCAGCAACCATGTTAATACCATGCTTCGAAATTTACTTCAGTTTTTCAGAGAGTTTGATGACTTTCTCGAAACTTTTCATGGCTTCTTCAAACCTTCTTCAATAAACAGAGCATAGAACTCTCGTTTCCCAACAGAGAGTGCAGCTGAGGTTGGACTTACTCCATAAACCAGATTACCAACCATCCTAGGCACGCTTCAATTGGTTGCCTCTTGCCACGTTTTCTTTAACCGCATTGTATGCTTTATCTTGTGTCATCCAACGTCCATTGGTCTGGTTGTAATAGCAGCTGGAAGCACTGTCAAGCATCCAATCTATCACAACAGTCAACACTACGTCAAATTATCTATAGCTATGAATGAAAAGGTTTAAGAAAATTGTGAATCCAAAAGGTGAAAGAGCCTGAGAGTGACTCAGAAGAGACAACCGTTTGGCTCACTGGTGATGATACTCTAAAGAGTTATAGGCTCCAAAACTTAAAAATCAGAAGTCTTCTGCAAACGCAGGAGCACCGTTTGCTTTGGAAACTTGTTGAGCAGTTTCTATATCTCTCTAATAGCTAGAAGCATGAATCTCATATTGCAAAGCAAATGCTTCAACTCAGTGCCTAATCTCACATTTGTCTTTGTTTGTGCATAGACTCTTCACAAACTACTTGTGCGGCTTGCCATGGTTTCTCGGGAAGGCACTTGTTATATGAGCTGCCTTCATCAGAAAGTCCGCTATTCTCTCGAAATCAGACTCTATACGGCCTCGGGTTGTCATCGTCGTTTTCCACAGTTACACCTCCAGGAGATATTGTACCATTGTCACCAAATATAGCAGTCTTGTTTAAGTTTATATGGCACATCTCAAACACCTTCTAGTAGACTTTCCCTGAAAATCAGAGACACTCTAAAATCTGGTAGGTAACGTTGAGTGAGTTCTCGTACCAGTTAAGCCCAAAGGAGTGAGATCCCAGAGCAACAAATGGTTGTCTGTGCCACCTGTAACCAGTCTGCATTTTCTTCTAAGCAGAGCTGATGCTAAAGCTTGAGCATTTTTCTTCATCTGTTGTACGTAAGCTTTGTACTCTGGAGTAGCCACTTGTTTCAAGGCAATGGCGAGAGCTGCGATATGGTTGTTGTGAGGACCTCCTTGTAGCGAGGGAAAAACAGCAAAGTTGATCTTCTCCTCTAAATCATAGTGTGTGGAACTGTCGCAATGACTGGAGTGATGGGCTTGCTTTCTTATCTTTGGTCCTCTCCTGTAGAAGATGATACCTCCTCTGGGACCACGTAGACCTTTGTGGGTAGTGGAGGTAACTATGTCACAGTGATCAAATGGATTAGAACATTCCTTAGTGGCCACAAGACCGCTAATATGAGCCATATCACACATCAAAACAGCTCCACACTTGTCAGCAATTTGTCTAACCCTTGAAAAATCCCAGTCCCTAGGGTAGGAGCTGCCTCCACAAATAAGAATCTTGGGGCGGTAATCAAGAGCCTTATCCTCAAGCTTATCGTAATCAATATACCCAGTTTGGGGATTGACTTTATAAGGAAAGCTCTCAAAGAAGATTGATGTAGCGGAGATCTTCTTGCCAGCTGGAGTACAATAGCCATGACTCATGTGGCCACCGGAAGGAGAATCAAGCCCCATGATCCGCTCGCCGGGAAGTAAAAGAGCGGTGTAGACTGCGAAGTTGGCAGAGGTACAAGAATAGGGCTGAACATTAACACCCCATTTGTCGGGTTCAAGACCAAAGGCAGCAAGAGCTCTAGCGATGCAGAGATTCTCAATCTGGTCGATGTATTGATTCCCGGTGTAGTATCTGGCTCCAGGCATGCCTTCAGAGTATTTGTTGGTCAAGTGACTTCCCAAAGCTTCCATGACAGCTCGACACACGAAGTTCTCGGAAGCAATCAGCTCGATTCCTTTGACTTGCCTTTGCTTCTCCTTCTCCATGATCTCGTGGATGTCTGGGTCCGCCAAATGAAGAGACTGATCTCCCCAGGCACGCACAGCAGCACGTCTCGATTCAAGATCCGTGTCGCCGGCGATCGTTCTCCTCGGATGTTTGGATTGAGCTAGAAGAAGCGGACAGTCTCGTTGCCTTTTAAGACACATATGGTGACCTAAGATTCTGAAGTGCTCATCCTCCTTTTCATCTCCGTCTTTCTTTGGCTCCTCCACGGCGGCGACTTTCTGTTCCAGTAACTGCAACGGAATCGGCGGGAAACTGACCGGCGATGATCGGAAACTGGGATCCACTTGTAGATTAATCGAATCGTCAGCAATCGGGATTCTCGGAGTCGGAGCCATTGATGATGATGATGCGTGCGAACAACCAATCCCTAATGAAACGTTAGAATCAGAACCACTCAAATCCATACAAATTGGAGATCTTTAATGGAGAAGACGAATATGTTTCGCGATTCGCTTTTTTGTTTTTTGTTTTCTGCTTTCTGTGGTTTGGTAAG,Novogene
Brassica juncea,111 vs 653,down,47.9,-4,-,Cluster-15354.9015,oxaloacetate decarboxylase activity//sodium ion transmembrane transporter activity,GO,AAAATTACGCCCGTAGTTTTTAAAACAAAACCCCACAGAGAAGAGCATTACAGTATATATATATACAGAAAGAGAAGGTTTTGATTATATCCGCTTTGGAATCGGATCATATAACACACTTGAAGCTTGAGGATTGATAGCATTCAATCTGAGCTATAGGAGACCACTAGTTGGGTCCTGCCTGGAAGTTGCTAAATTTGATCAATTAAAGCTAATAATAATAAATAAATAATAACATAAGGCAGAGGCTACTATCAATCTTGAAAGACCAATCTTTGGAGGGGTTATTCAACCCAAGTTGACCCTAGTATCAGGGTTCTGAGGTGTATAAGGAGGAGTTAAGATTTTGTGGACTTTGAAATTGGTTTCTTGGAGGTGGTCATTGCGGGTTAGAAAGTGAAATTCCGAGCTGGAATGGTGTACTGGATCATCTATTCTCTGATCTGGTCAAGTGTTGGCGTAAGGAAGCTAATCAGTTGGAGTGTGGTGAAAGTGTTCCACTTTACAGTTCGTAAGGACAAGTGCCATGTCTCGCTGCTTCCCATTTCCTCCACCTGGATATGACAAGAAGATTACAACTCACGAAACTGACCCTCTCATAAAGGAGAATTATAAGGAAAAGAAACACAAGAACGATAAGGACAGAGAAAAGAAAGAGGGTAAAGACAAAAAGAGTAAAGATAGAAGCAAAGACAAACATAAGGAAAGAAAGGAGAAACACAAAGATCGTAAAAACAAGGAGAAGGATAAAGACAAATGCAAACCTTTGGAGGAGCAGAACGCCGAAGTGCTGACAAATACCGTGCAGAATAATAGTAATGGAGGGTCAAAGTATGTACAGGAACTGGCAAGAAGGATCAGATATGACGAAGAAGCGACAGGAAGTCAGAGCGGACAAAAGATTACTAACCAAAAAGGAATAGCAGGAAAAGCATTTCTAAACAGCAGTTTCTGCCCAGTTCAAGAAACAAACGATAAGAGAATCAGTGCTCAGAAGAACTTCGCAGTGGCAAGAAGTTCTGAAAATGCAGTTGCTCGAGAATCATTTGGTGCAGATCAGAAAAGACCTGAGGCTATGGGTAAACCAATGGAGAACAGAGACCAGGGGATGAATGCGGAATCACCTGAAAGACGTCACCGCAAGGAAAGTGCGCCCGTGAGTGATAAACCAAGGGATAAAGAAGTGGTAAAGAAACACGAAGCAAAGGATAAAGACAGAGGTAAAGAGAAGAAGACAGTGTCAATAAATAAAACTCATCTGGAGAAACCAAGATTGATAGCAGGGCCCAAATTAAATGAGAGGGAAAAAGACTCTCTGGATATAAGGAATGGAAGACCGCCTGACAACTCACGGGCGAGTGTCAAGAACCATATTGCCGAGGGAAGTCTTGGCAAGCGGATGGATCTTGACACAAATGGACTCTTGTATGAGAATGGAACCAAACCAAACAAGTTGCAGAGGCACTCAGCATCTGTATCACCTGTGGAAAATGGAAGAAAGTTAGGTACACACCGAAGTCCTCCAGTCCCTGCTTCTGAGGTGCAAGGAACGACTTGCAAGCCAGAAGTCAAGGAAGTTAAAATTAACGGCTTTGTTGCCTCTGAAGAAAAAGAAAAGGTCTGTTCACCGAGTCCTTTGGCTGCAGCAATGAAAGCGAAAGTCAAAGAAAATGGTGAAGCATCCCCAAAGCCGCCTCATCCGGACCTAAAGTATCTGGATCAGATACTCAGTGTACCGAAAAGAGAGCTGTTTCTGGAGGTTGATAATGACGAAGAATGGCTATATGGTCCGTTGGGTGTCAAGTTAAAAAAGGCAAGAACATATTCTCCTGATTCTGGTGAATCCATGCAGGTCTGGAACCAAGCTTTCAGAATAGAATCTGGCGACATTTTAGCTCTTCCGTATGTTGTTCCGTTTTAGCTGCAACTGTATTTTCTGATGTTCCCACGCCACAACCCATGAGGAGAAGTTTCCTTCACACAAAGCCACTTTGCAGCTCAGTTTCTGCTCTGTTAGCAAGGATCAGTGATGGCTCATAAAGTAGGCCGACACAGCACTCCATGGCTCCCAAAGTATATAAGCAGGGATGAAAGACGTTCCTTACACGGCTATAATACGCACACCCACAAAGCTCTGCCTGAGTGGGGGAAATGAATAGTAGAGTAGATGCATAGAGAGGTTGAATGTTGTTGACCATTTGTTTAAGATGTTGTGTCGTAAGAACAAGAATGTGTGTGGCATCCGCTACTTGCACTGTATCACAGAGGTTCCGTGTGTTTGTTACTGCGGATATGTGAATGCTGTCAAGCTAATGTAAACCCTAGCTTCTTAATAGCTAGCTGCATACCCATACCCAGTGTGGTGTGCAGACCTCGTTTCTATCTAATTTACTGGGGAGATAGAAAGTGTAAGACCACCACTTCTGCTTCTTATTCACGACATTTGTTTCGTCTTACAAGACACTGGGTGATTTTGCACCCTTTTCTTTTGATCCTAATAGGTTTAATTGAAGCTTGGAGTAAGCCAAAAAATCTTG,Novogene
Brassica juncea,111 vs 653,down,73,-4.5,-,Cluster-15354.135436,Fusaric acid resistance protein family/ PREDICTED: uncharacterized protein LOC103873018 [Brassica rapa]/ ,"Pfam, Blast_NR",TTTTTTTTTTATAATAGTTATTAAATTTAACTCGAAAACCCTTTTTGCTTTCTCTCTCTCTCTCCTCTGTTTAGTGTCTGCTACGGGTCTCGTTTAAAGAAATCAGCAAACCCATGGATTCTTCTGTCACTCTCTCGCATGCACGAGAGCTCTCTTGTACGTTTAATTTAACCCCCACCCCTTTTGTTTTCTTCCTCCCCATAACGACAAATCACTAATCTTTTTTGAATTTCTTCAATCCTCTGTTTCTCTCTCTCTCTCACACACTCTGTTTTCTCCGATTTGAAAGCAAGATGGTCTTCCCGTTGTCCTTTCAGCCAAAAGCATGAGACTTGAGACTACGGAATGGGTTGCGGAGGATCCAAAGTCGATGACCAACCGCTTGTGATTCTCTGTAGAGAGAGGAAAGAACTGATCAAAGCGGCGTCGTATCATCGCTCTGCTTTGGCCGCCGCTCACCTCGCTTACTTCCAGTCTCTCTGCGACGTCGGCGAGTCTATCAAACGCTTCGTCGACGAGGAGTTAGTCCTCGCTGGCTCCAACAACAACTCTTCGCCGCCGGACTCGCCCGTTCTCACTCTGCCTTCCGACCAAGGGAAGAAGAAACACAAGATCTCCTCTTCTTCGACCTCTGTTTCGCATTCCCTCGTCCAAGAAGATGAGGAAGAAGACGGAGAAGGCTCGCATTTGCATTTATCCTCTGGATCTGAGTTCGATTCGGGATCGGAATCTGGATCTGATGATTCGTTAGGTCATATCCATATCGAATCCAGCCCTAAAGTGAAAAAGGAACAACCTTTACCGGAAACTTACCCGCCCGGTTACCCACCAAGTTACCCACCAAGTTATCCGCCGGGATATCAACCGGGTTACTCCTCCGGGTACCAGTATCCGGGCCAAGGATGGGGCTTTATGGGAGAGAACCCGAACCCGTATCAGGGAGTGTACTTCATGAAGAAGTCTGCGCCACCGTCTCGTCCGGTAGTGTTTCAGCCGGAGAATCACCGTGTGGAGAACGGGCAGTGGCCACAGGAGAATGGTTATGGATACTCCAATGCTGGTTATTATGGTTATCCTGAACAACAACGTAGAGCAGCGCCGCCGTCTCCGGCGAGGCCTCCACCGTCTCCTCCCACGGTTTCCACTTGGGACTTTCTGAATGTGTTTGATACTTACGATTACAACAGAGCTGGAGCTGGTGAAAGTTCTGGTTTTTATCCGGCTGCTAGTGGAGTTAAGTCGAATTCAAGCAGCCTTGATTCGAGGGAGGTGAGGGAGAGGGAAGGGATTCCTGAATTGGAAGATGAAACTGAGCAAGAAACGTTGAAACAGTCCAAGAGGAATAGTGTTGAGAAGATGAAAGAGCATATACCTGAGAACGAGCCGAGCAAGTGGTCCCAACTTGATGAGAGGAAGATCAAGAAGAGAGGAGGAGACTCGGGTGAAGGAACATCGAGGGATGTGCCTATGGTAGAGAGTTCTTTTAGTTCAAAGACAGTGTCTTCGTTTACGAGCAGTGAAGAAGGATCTGAGTTTCACCATGTTAACGAAGGAGAAGAAAGGAATAGCAGTCACGGGCATGAGGCTGTTGCTAGGAAGAGCGTTGGAGAAGTGGAGGAAGAGTATGTGAGGAAGAAAGGAGTGAGCTTTGAGTTGGAGGAGAATATAGCAGCAACTTCTTTTGATGTTGAGTCTTCCAAGATAAGTAGCTTGTCTGCATTGTCGGTTCACGCCACTAGAGATCTAAGAGAAGTTGTGAAGGAGATAAAGAGTGAGTTTGAGGTTGCTTCTTCGCATGGGAAGGAAGTGGCTGTGTTGCTTGAGGTCAGCAAGTTGCCGTATCAGCAGAAAAGCTCTGGCCTTAAAGTTATCTTCTCTCGGATCATGTCATCACGCTCTCAGCCACAACCATCAATAAGGTTAACATCAAGGATACTGAAAATAGCAAAATCATACAATGTTCAGGACGTTCCAGAAGGCTTCACTGCAAACCTCTCATCAACCTTGGAGAAACTCTACGCCTGGGAAAAGAAACTGTACAAGGAAGTCAAGGACGAAGAGAAGCTTCGAGTTATCTACGAAGAAAAGTGCAAAACACTGAAGAAACTAGACAGTCTAGGTGCAGAGTCTAGCAAGATTGATACAACTCGAGCAGCCATTAGGAAGCTGCTAACAAAACTCGATGTCTGTATAAGATCCGTTGATTCCATTTCCAGTAGGATACATAAACTGAGAGACGAAGAGTTGCAGCCACAGCTCACTCAGTTGATTCACGGGTTGATAAGAATGTGGAGATCAATGCTAAAGTGCCACCAGAAGCAGTTCCAGGCCATCATGGAGAGCAAAGTTCGATCTCTCAGGGCAAACACCGGGTTACAAAGAGACTCAGGCCTCAAAGCGATTCTTGATCTTGAGATGGAGCTAAGAGAATGGTGCATCAGCTTCAACGACTGGGTCAACACTCAGAAGCTCTACGTGGAGTCTCTAAACGGGTGGCTATCAAGGTGTCTTCACTACGAACCTGAGTCGACGGAAGACGGTGTGGCTCCTTTCTCCCCAAGCCGCGTTGGAGCTCCGCACGTTTTCGTTATATGCAAAGACTGGCAAGAAGCGATGGAGAGAATCTCAGGAGATAACGTCACAAACGCCATGGAAGGCTTTGCAACGAGTTTACACGAGCTGTGGGAGAGACAAGACGAGGAGCAGAGGCAGAGAGTGAAAGCGGAGTACGTGTCTCATGATTTCGAGAAACGGTTGAATGACCTTCGGATGGAGAGGGCGAGGGTGAGGATGAGAAACGAGCAGTTACAAGACGGGGGTGCGTCGTCGGAGAGGAGCGTGGTGTTGTCGGAGAGCGGGAGGATCTCGGCGCTGGATGATCTGAAGGTGGATTTGGATTCGATGAGGAAGAAGCTGGAGGAAGAGAGAGCGAGGCATAAGGAAACGATTAAGCTAGTGAACAATGCGGCTTCGAGTAGCTTACAGTCTGGTTTAGTGCCCATCTTTGAGGCTTTAGGGAATTTCACATCACAAGTTGTGAAAGCTCATGAACATGTTAGGTTTCAACAGCCTCAGTCTTCTTCTTGATGAGGGTTTGATTTTGCATCAGAAAATTTTGGTAATGAAAAATTAGATTCGGCGTAGAAAAATTGTTTGTATATGTTAATCTCCATTTATAATATTCATTGATTGGTTGATTA,Novogene
Brassica juncea,111 vs 653,down,82.7,-4.6,SCL1_ARATH,Cluster-15354.47671,"PREDICTED: scarecrow-like protein 1 [Brassica rapa]/ PREDICTED: Brassica rapa scarecrow-like protein 1 (LOC103872980), mRNA/Scarecrow-like protein 1 OS=Arabidopsis thaliana GN=SCL1 PE=2 SV=1","Blast_NR, Blast_NT, Blast_swissprot",AAAAAAAAAAAAAGAAAGAAGAGAAACTCTTTAGAGATCAAAAGATGAACATCGCTCACACCATCTTCGGCGTTTTCGGAAATGCGACTGCTCTGTTTCTGTTCTTGGCTCCTTCGATAACATTCAAGAGAATCATCAAGAACAAATCAACCGAGCAGTTCTCCGGCATCCCTTACCCTATGACTCTCCTCAACTGTCTCCTCTCCGCCTGGTACGGACTTCCATTTGTGTCCAAAGACAACACGCTTGTGAGCACAATCAACGGAACAGGAGCAGCGATCGAGATAATCTACGTGCTGATCTTCCTTTTCTACGCACCAAAGAAAGAGAAAGCCAAGATCTTTGCTATCTTCGCTGCCGTCTTGGCCGTGTTCGCAACGGTGGCTCTAGTCTCTCTCTTTGCCCTCCATGGTAACGGTAGAAAACTCTTCTGTGGTATCGCAGCCACCGTTTTCTCCATCATCATGTACGCTTCTCCACTCTCAATCATGAGGTTGGTGATAAAGACGAAGAGTGTAGAGTACATGCCATTCTTCTTGTCACTCTTCGTGTTCCTCTGTGGAACTTCGTGGTTCATCTATGGTCTTATCGGTCGTGACCCTTTTGTTGCAATCCCAAATGGGTTTGGATGCGCTTTAGGAACACTGCAACTGATTCTCTACGTCATCTACTGTGGAAAAAAAGGCGAGAAAACTGCTGAAAAGGATGACAAGTCTCTAGAGATGAAAGGTGAGGAGAAGAAGCAAAATGTGGTTAACGGAAAGCAGCAAGAGCAGCAAGTTTAGAACTTTCAATGATTTGTTTCTTCTCTGTATTTCGTTTTTTAACTCTTCTTCATTAGAGTTTTAGTTTGGATGTAACAAGATTCCTACTGATAAATGTGATGGACTAGTGATTAAGAACATGTAAAACAAAACTCTGCTTTTATATAAGAGAGAGAGAGACAGAAAACAAAGTACTGTAACCATAAGTGTTAGGTTAGCTTATAGAACCTCTGATCATATCCCTGATCTCTGGTTAATAATAATACATGGAGAGATGGATTGACCTAACCAGTTTTAAATATAACACAAAACATTCGAAATAAAACATAAAATAAAGTCTTTTTGTTTTTATAGAAACATAACGACTCTTTTTTACCTCCAAGCCGAAGCAACAATCAAACTCTTCTCCTCCCAGCAAAAGTGAAGCTCACCCATTTCCTCTTTAACCTTATACTTACTGCAATAATCTCGCTTTATCAGAGTCTCTATATTGCTCCTCACTCTCCCACTCATGGGCCTCGGACTGAACCCCGCCATCATCATCCTCGCTCTCCATTTCCCAGCAATCTCGTACCTCTCAATCCGCTCTTCTCCTTCACAAGCAACAACGTTGACAATGTCTCTAGCAAGACACTGCCTCTCCACGTTCATCCTCTCTTGACTCTCTCTCGGAAGCGTCACGTCAAGAGAGTCAAAAACCGCTGAGTAGTACTCGTAAGCCTCCATGAATCTCGGGAAGAAAGGAGAAGTGTTTGTGTTCACGTCTTGCTCAACGACCGTGACAAGCTTCGGGTTTAACCCTCTGACCATGTGGAGCAGCTCGTCACGCTGGTTCACCGTCGTGACGCTCTCGTCAGGCATGTGGTGAAGCTGAAACGCGAAGTTGACGATCAAAGTCTCTCCCGGTTTGCAACCGAGTGTAGATGGAGAGACGATGGAAGTCTTTGACGCCACTGCTTCGAATTTGAATGAGACTCCATGGTCTTTAGCGAGTTGCTCGAGTCTAAGGCCTATGATTCTTAACCCTCCTACTGAGCGTTGGACTGATTCAGGGTCATCAACTCCGGTTAGCCTCAGGCGAGGGCCCTTACCGGGAAGCTCAGCAACGGTTCTGATCAGTGAGATGTATTGGTTTCCTTGGTTTATATCGAAATCTATGATATGAACTTCGTTTTCACCTCTGATTGCTTCCACTATTGCACCGTTAGCAGCTAAGTATCCGAATTTGAAACAAGGGCATACCTCGAAGAGGACTTGCATAGCTGCTAGCCGCTGGTCAGAAGGAGGCTCTTTGCATTTTAATGCTCTGTAGATGAATTTTCCTGAAGCAGCCATTCTTGCAGCTAGGCCTTCAACCATGTAAGCTGCTATTCTCTGAGAAGGGTCTCCTTGGATTGAAACGATCTGCCTCACCTCGTTTAGTATTGATAAAGCTTCCTCTAATTTGCCTTCTGATAAGGCACGAGCACAGGAGATCAGCATTTGCTTTGGAGTTGCTTGTGATGACACCACTTCTGTGCTACTTGCATGAGAGTTGGAATCTGCTGATGAGGAGTCTTTGCTCTCGTTTTGGTAAGACCATTCGTTGTCAATCTCCATCAGTTGATCTATACCAATCATCTTATCATCATCATCTTCGTCGTCGAGAAGGGCTCTTTCGAGCTCTTGAATCTTTGATCTCATTTGTTCATCATCAAACTCCATGCTTGGACTTTGAGTTGCCACTTGGTAACCTCCAAAGAGACTCATTGATGAAGTTGAGGTTGAATCAAACGGCAACTGATACTCCATGGAGCAACCAAGAACCGGTCTAGACTGGTAAGGAAACGATTCCAGAGAGCCAAATGAGCTAACCGAGGCACCACCAGAGCCAACAGGATGTTGTTGTGCAAAGTCATCTGTCGGGGAATCGAGAAAGTACTTCTCATAGCTTTGGCTTGGGTAAGAATCATCAGTGAGGCAAGTGTTCTTGGACC,Novogene
Brassica juncea,111 vs 653,down,91.1,-4.9,-,Cluster-15354.44072,RNA binding,GO,ATCACATCGGTTCTCAATTATATATTGCGTAGTTGTTGTTTGTTGCTCATCGATCACATTCTTAATTTTGATTATGAGTTAGATTATATTCATTTTTACTTTATTATTGTTAATCTTGTTAAGTTTCTAGTAAATCCAAATCCTATAAAATACGATGGTATATATGCCTAAGTGTGAAGGTTAATTTTTTTCTTAAAAATCCATAATTTGCAATTTGCTTAGAGTCCTTCTATAAATACATCATCATGGCCAATGTATTTTGATCATTAGATAAGTTGCGTAGTTATCCAATATTAATTTACCTTCCTTCTACACATCTATATATATCCCCCACAACTACAATTATAACATTCTGCAATCGTCTCATCTAATCAACCTCGACTATACGACGTCGACGCCATTGTTATTTAGGAGTTTTTCTCGAGAAAAAATGAAGGAGAACGCAGGAAACCCTCTCCATCTCACGTCACTGAACCATGTATCTCTCTTGTGCCGATCCATTGAAGAATCCATGGTTTTTTACCAAAAGGTGTTAGGGTTCTTCCCTATTCGTAGACCTGAATCCCTAAATTTTGAAGGCGCTTGGTACCCTTTCTTGATTATCTTTGTATGTAAAATTTTGAAAGAGTTTACAGAAAACTATAAAATGAGTTTTGAAAAACGTTTTGTATTTAGGTTGTTTGGACATGGAATTGGAATACATCTCTTGCGTTCCTCAGAACCAGAGAAACTTCCCAAGAAAACCGAGATCAATCCCAAAGACAACCATATCTCCTTCCAGTGCGAGAGTATGTCAGCAGTGGAGAAGAAGCTTGAGGAAATGGATATAGAGTATGTGAGGGCGATAGTTGAAGAAGGAGGGATCCAAGTGGATCAGCTTTTCTTCCACGATCCAGATGGCTTCATGATTGAGATATGTAACTGTGATAGTCTCCCCGTTGTCCCCCTCATAGGAGGAATGGCTCGGTCCTGCTCCAGAGTTAAACTTCATCAGATGGTGCAGCCACAACAGCAGACTCAGATCCACCAAGTGGTCCACCCTTAACAACGATCTCTGTTTTTGTTGTCCTTGTGTGTGTATGTATTGTTGTGCTTGTTTTGGAGTGTAATGAATAAGTCACCGACGTGAATCAGTGAATGTGATTCCACTCGAGGAAATGATCATTCTCCTTGCTCTTCTTACTATATGATACAACCAAGAATTAATGCAATAATGCTTACATATATTTTGTTTTTTCTGTAATTGGTTC,Novogene