Host,Comparison,,Regulation,Base mean,Log2 fold change,Gene name,Gene ID,Function,Source,Sequence,Validated by,,,,,,,,
Mentha x piperita,653 vs control,,up,124.3,3.5,FB30_ARATH,Cluster-67248.41609,"F-box and associated interaction domains-containing protein, putative isoform 1 [Theobroma cacao]>gi|590586605|ref|XP_007015751.1| F-box and associated interaction domains-containing protein, putative isoform 1 [Theobroma cacao]>gi|508786113|gb|EOY33369.1| F-box and associated interaction domains-containing protein, putative isoform 1 [Theobroma cacao]>gi|508786114|gb|EOY33370.1| F-box and associated interaction domains-containing protein, putative isoform 1 [Theobroma cacao]",Blast_NR,TTTCTTTTTTTTTTTTTTTTTCTTACAGTAGGGTAGGATAATAGTAGAGGATGGATCGACTTGTTGTGACGCGTCAATTTGGCAGCGACCATCGGTATCTAGATGATATTTCAACTCAAGACCTTTCTCATCGACTATTTGATCATCTTTACTTTTTATCAACAAATGACCATACCAATTTGGTTAGCTGCAACGGGCTGTTGTGTTTCTATTCCTATTGCTCCGCTACTGACGGTCGGGTTGTTCTTTACAATCCGACCACTCGCCGGTTGAAATTCCTTCCTCCGGCCAAACAACTTCCCAATTTATTTAAATATATCTTCAACTCTTGTGGTTTTGGATATGATCCGGCTTCAAATGACTACAAGGTCATTAGAAACTATGATCTTATTCAGGTGGATGAAAATGGATCTTACAGGAATTCCGTCACAAAGTTTCAACTCTACTCCTTGGCAACTGATTCTTGGAATGAGATTCCGGCCCCTACACCTAACTTTACCTTGGGTACTCGACAGGCCCCTGTTTTCCTCAATGGTAGTTGTTATTGGACAGCGGCCTTCTCTTATACCGAGGGGGTTCTTGCATTTGATTTTTCCTTGCAAAAATTTTCTTCCTTTGACCTGCCACCAATGGCTCCTGACACCAAATTATATCTCGTGGAGATTAATACATCATTATGTGTTATTTTGTATGACGATATAGGTGGAAAGTATAAGTCGTTTAAGATTTGGCAGTGGACGGGAGAGGGATGGATGCAATTATTCAATGAGCTTATTATCTTTGATGTAAAGATTCCGTTGGGTTTTAGAGATAAGTTTTTGTTTCTTGAGAGAGAAATTGACAGGAAGTTCAGTCAAGTACTAGTTTGTGATTTGAGCACTAGAAAGTTGAGGAAGATTGGTGTACTTGATTACCCCGGTGTGATGAGAATTGTTTCTCTTCATGAGACATCATATGTGATGCCGAATGAGATATCAACGAGTACTTATCAAAGTGAAGAAAGTTGGAACGAGTATTGGCGTAGATGCAAAGCGGTGGAAAATCATGCATGATTCTGTCCAGTGTAGTGTAGTGTAGTGGCTCCTTATTTATAGATTAGTGGTCCCTTTTTAATTTTAAATTTGAGTTAATGTGAGTTAGTGGTAAATTTGAATGTTAGGTACCAATGACGAAGACATGTATTTGTACTATTACTATTAAACTATCCTTGGTTCTTGTTTGTTCTTTTTAGTTTTCGGTGCCAAATTTGATTCATCTACTAACTTTTAAGAATTTTAACTACTCTTTGATTTTTGT,Novogene,,,,,,,,
Mentha x piperita,653 vs control,,up,41,3.5,PMTK_ARATH,Cluster-67248.84245,methyltransferase activity,GO,GCTAGCAATAATTCCCTTCTTCATTTTGAAATGCCTGCAGCCAATCTAGAAAAGGAAATAATTTTGATTAATTCATAATACTTCAGTCAGTTTCAGTTGGAAAATCACAGGAAGAAAATATAATAATTCCTGCAACTGACATAGATTCGTTACTACTTAGTTACTACAACGAGATGTAATAAAAATTATTTTTATACACAGAAATCATAACCCTAAAAAGCATGTAATTTAGTTAATTTACCCAGAATTTTTGGTGGAATAGTACCATAGTTCCTTCTGGCAAATTAATATCTTCTCATTTAGGTCTCCACGTTCATTGTCTTCCTTCCGGCAACTCCATCTCATCCCTCTACCCAAGGTAGCTATGGCGTCGACGAAATACGTCGACTCTCGGATTATCGCGTACCCGTACGGCCGTAGAATCCGGTCCATCTCCAGCATCACGTACTTCATCTCACACCTGTGACTTTCGGCGGTGAAGAGGCCGTCTAGATGAAGGAGGTCGTACGTTCGGGGATATGTGGAGAAGGCCTCACACCAGTCGTGATAGGTTCCGACGAGGCCCCGGTCGTACACCACTGGAAGCGTGTTTGTCGAGTACGAAGAAACGACGTTCATAACCCAAAGCGGTTGATCTATCAAAGCAGCTGCAAATCCTCCATAAACAGTGTTCATATCCATAACATTTCTAATCTTATTTGTTCCCAAAGAAGTAAGCAGCTTCTTATAATGTTTAACCATCGTCTCCCACTTGCTTCCATCGCGTTTAAAACCAGGCCTACTTCCGCCACGATGATCACCAACTCGATCCGGATAAGCATGCAATCTCTTGGGCCATTTCGCCAAAGAGCTCAATGCCGTTGTACTCTCGTGCTTTGGGTCCGGTACCACAAGGCAAGGCATCATCGGGTTGTACCATGCTGCATCGGGTTCGGTACCATCATTGCACTTCGGAGGGTAGTTAGTTGGGACCTCGAGTTCTTGATAGCAGCTGTTGTTCAAAGATAGTTTCTGCCAAACGGATATATCGCCCTTCTGGTCGTACAATTTGAAACACATTGAGGTGAGCAGCTCTTGGAGTTTTTCGTAATTTGATCTCTGCTCTTCTATAGTTGAATTCCATCCCTTTGATCGTCTCTGATAATTAATCGGGGGGCCCGAGAGTACCCAGAAGCCCCCAGTTCGAAGAATACGGTGTATTTCTAAGAGGTATATTCCACCGTATTCAGTCCACGGAATGAGGCACCTTGAGCAATGTGCCATGTCAAATGAGTTTGCAGGAAAAGGAAGTCTCTGTGTCGAGATGATTCCCAGCATTGCAGGGATGCCACGTTCCAACGCAAACTGAACTTGAGCTTCATGGTTATCTCTTGGAGCAAGAGAGATAGTCAGAATCCCACGGTCTAGTAAATCACCACCCCAACTAGCCACCCCACATCCCGTGTCAATGGCAGTTCGAATAGTTCCATCCTTCATAGCTGGGATCAAATCTTGCATCAAATCAACATATTTACTAACACCTTTCGGGAACATAGTACCGCCTCCGGGGAAGAGAAATTTCTCCCCTTCTTTCTGCAGCCAATGTTGATTTGATTTCTGTTTATTAATCCAATCATAAGGAACATTCCTATACCAACATTCATCCCTACTCTTCGGCCACCTTATTGGGGACTTATATCCATCGGGTGGTGGAACTAGGCACTCCTTCCTCTCCAATGCCGGAGGGCAATGACGCTCCAAAAAAGAAAGCCGATAACGATTGTATCTCCTCCACCTCTGCGGATCAGTGCAGGGTGTGCAATCTTGAAAACTCGATTCACATTCAGGAAACGTAACAGCTTCGATTCGGAGGGGTACGATTGCTACTTCTTTTGAAGATTGAATCACATTACCAAAATCCAACATCCCATATTTGTATTTCTGTGAACAAAATAGCCCACCAAGATAGAAAGATGCCCCACACAGCACGATCAGCAATAGTGCTGTCGACACTGTTCTAGAATTCTTTCCCTCTTCCTGCTTCATGGTGTTGTAATTTTTCTAAAGATTCTGCAGATATACAAGACTAGTTGAATTAATTAGTACATCATATAAATTAAATCAATTTTTACAAAAAATGTCAGAAATTAGAAAATCATCATAAATTAGAGAGGCAAAACTTTGAACAGTTTGTATATCAGTGGAATTGATAACTCAACTCATCTCGGTTATGCTAAATATATCAAGAAAAAGAAAGCAAAGAAAGATCTATACATTTAAATTGCATCACATAATAAAGAAGTTGCAACCATGTAATAAATCTCTGAAAAATATGCAACAAAACACCAAATGCAGAAGGAAATTCAAGCAGCAGTTAACAGTCGAAACCAAGATTTCGATTATGAGGAAGACAAACTATAAGAACTAGAAGCTCGAAGACTTCAATCTAGCACGAGGAGAGAGAGAGAGTGGGAGAAACAAGGGACTAATGCAGATTTTAGAGGTGAAGACAGGGCATTATTAAAGGACTTTATGAAGTTCGAAAACCAAAAGATGAGATTATAATAGGTACATAACGCTGTGTCAGTCTAACTTTTATAAATTCACATGATAATGGGCCCAACACTTTATGAATTTTTCTGCAGACTGTTGAGGACCAACTTCACCACTAAAGTCAGAAAAGATGGAGCAAAAGTAAATAAAATTCAATCAATGTCACCTAACCATCATGCAAACAAAGTTAAAGTCAAGAGTACTGTCAATATATGGATATAAATACATATATAAATTCAGCTCAGCACTAAAACAGGTTCAGCTTCTCCTGCATATTAAGAAAGGCAGAAATCTGGAAATCATCTATGGATATCAACCTCAAATGGAATTAGTTCAACACAAAAGACAAGGACATAAGCACCGGGAAATGGAATCCCCGAGCAACAAAACACACACACACTCCCCAAGCTAGAAAATGAGGAATTTAAAGAATATACTAGTAACACTTTGTGCCCGTGTGTGTATTTTTGGGCTAAAAGATTACATCTTTGTATCAACTATGACCACAACTCAAATTCTTGCTTCAAATATCAAAAATATGACAGGAAAAATAAAGACGTTCACCTAAATCTGATCAAAATAATCACAGCCCATATGAAACGTTGGCTAAAAATATGAAAACATAAAAAAGAAAATCAAAGAAACCTGAAAAACAGAGGGTTCCTTGTACAGAAAATGAGTAATACAAGCTGGGATCTTCAAGAATTCTAGCTCGTCAAATCAAATCGATGGCTGCAATGGGGGAAACTCCTTTAAACTATAGATACTTGATGAACAAGAGATAAGAGAGAATGCAAGAAAGCTAATGTTGTAAAGGGGATTCAGGAGATTCACAAGCCCAAATACACTCACACATGCATGTTTGTCCTTTATCAACTCTCCATCTC,Novogene,,,,,,,,
Mentha x piperita,653 vs control,,up,20.3,2.8,-,Cluster-67248.142094,DNA binding,GO,TTTGGGAAATTGTCTATTTTTCTTTTTTATATCATTTCTATATGTAGGCCATGATTATTACATATTTGTAGCATTCCACATTTCACTATGCATTCCAATCTAAATTCACAATGTATTTGCTCCAACAAAACTATAAGTGTAACCCTAAACTTTGTCGATCGTTGAACTTTGAGTTCAGCTCGGCTAATGATGGTAACCTGCAGCCGCTACCTACGGTTCTGCTCCACCAAGCCTTGATTTCATCCTCTAGAAAGTCATGGTTGGAGATGTATTGACAAGCAACGGAGGATAGGATGCCTCCGACGTCGACCAAGATAGACTTCTTCAACGTGCAACCAGCGTTCCCTTTGACGTCGCCTGTTATGCAAGCAACGTAGTAACTACTTTCCCCTAGTCCCGCCTCGACGCTTCCAAGTCGCAACCGTAGGAAAAAACCGTTGAGATGGGACGAAGGAACGTTCGAATTCATCCATCTGAGAATGTCGGCACGAGTGAGCCGCAAGTTCCTGATCGCATCGAAAATCTCCGACTTGGCAGCATTATTATTGACATCGGAGGTATCACGTGGCCGGAGGCCTTGATCTTCCCCTCCACAGAGCATCAAACGTCGAGCGCCAAACCTGCTAGTGGGCCCCACGGGACACGAGACCGCCCAATGGTCCGGCTTCGAACACCTAATGCAGAAGCACGAAGATTCTTCAACCCTACTATCAAACGCGCTCGACTTCAACAGAAGGTCCTCGAGCTCCGATTTCGTGATGCCTGAACACCCGCGCACGTCATGGCAACCGCCGCAGAAAAGGCATGTCGAGTATATCCCCTTCTTCAACGACGTAATGTGCTTGAGGGCGTCCAGCCGCCTCGCAAAATCAGACGCCATCGCCATCGCCTCAGAACTAAATCTCTGAGAAGGAAGTATGGTACATAGTTCGTTTACGGACTTCAAGTCCGCAGATTCTTCATTACTATCAAGATCAGCTTTTACGAGGATCTTTTTCCCTTTCTCGGACCTCAGAGTTTTCGTAGAAAGACGAGAAATCCACAAACTGACACGACGATCACTTCTTTCAAGAACACCGCTCGTAGCTAACGGGATATCCGGATATGCTTCTTTTGTAGCTACTATCGTACCTTCATCCAAAGGGTCAGCTTGAATCACCCGATTTTTGCTCTCAGAAGGATCTCGAGATCGATCGTCCTCTTTAATACTAGGAATAGTTTGTTCAGAAGAGTTGCCAAAAATTCTTTCATCGGATTCACGTAGATTTTCGGGAGATCCCTCATCATCCACCTCGTGTTCTCTCGATTCTTCCTCTATGGACTCGACAATCTTTCTCGATTCTCCGCAACACAAAGACTGGAACACGGTTTGGAAACCCATACTTAAGTTCGAGTTTTGTGGTCTGAAGCACATGAAATTCTCATCATACTTTTTGCTCAAGACTCCATTGGAACAAGCAAGAGGCAGAGGGGATAAAGAATCTTCTAAGTTCAAACCCGAAAGGCCGCCCCTCGTCATGTTCGATATCCACTTCATAAACGAGCTATTAGGTTTCGCGTTCGATCCGTGAATCAGCATCTTCGTTCTTTTACTTTCAGTCACCATGTCTTCATCAAATATCTGCCTTTTCACACCCTTCTTACCTAGTGAAGAAAGTCGACTGTTCGAACTATTCGCACTCTCGTGATTGTCGTCTTCGTCGTCCGAAGATCTTCCGTAGATATCTTCATTGGATAATGCTTTCCCTTTCTCCTTTTCTTGATACAAACAAATCTTGCTACTCTCGCATGAGCCTTCGATAGGAAGCGTATTCTTTATCGGGAGCTCTGGTCCTACTAAACTGCATTCGTCTTTCTCAGTCAGACGGCACAGCTCGTTTTCAACAGACGACTCCAGTTTCTTCGACGGGGCAGCAATTTCTTCCCTCGATTCAGAAATAACGACGTTTCGCTCAAGAATAGCATCTTGTTTATCAGCTTCCTCCTCCAGTTCCCTATCAATCTCCAATCCGTCTGCATCCTTAAGAACCGTTGCCTTTTCAATAATTATCTCATTAGCATCCAGCACCATCTGAGATACAGTCAAGTTCCCCTGGTCGACAACAGGCTTTAGTCCCACATTCCAGAGTAGAAACGGTTTTCGATTGTCATCTGCTCGAAAATTAGCACATTTCACACCCACACCGTTCTTAGGCGACCAAACTAATTCGGACAGGGGATCGCACGTTGCAAAAGCCCGATTCACCTTTGAGCCTGCATTTACACCTGCACCTGATGAAGTGCTAAGCAGTTTTGCTCGGATTCTCGGTTCGTGTTCGGAGTCAACGTCCTTGTCCTCTATATTCATCATTTATTATCTCTCAGAATTTCCGATGGTCCCCATAGCGACAGGCAGCTGTAGCTCGTCATGTTACAAGAAATGCGAGATTTCATTCCATCAATGGCGGAGCTACCTCCACGTACACTTTCTTGCATGTTCCTACTATACTCTATAAT,Novogene,,,,,,,,
Mentha x piperita,653 vs control,,up,21.3,2.3,-,Cluster-71973.0,"PREDICTED: Solanum tuberosum uncharacterized LOC102587447 (LOC102587447), ncRNA",Blast_NT,ATGATCAACTCGCAAGTACAACTATCATGTTACAGGCCCCAAAAAACGGTATAAGAATGTAAAATAATCACAACCACAATAACTCAAATATTATATTAAAAAGACAAATCTTTCACGACCAAGAAGACACCCCAAGCTACTCTCGACACAACATTCTGGCAAGCACGGACATTTTCTAGAAATGAAAAATACAGAGCCAAAAACAAAATTATCGGTATTCACACAATTTACCCAAAAGTAATCACTGTAATATTAAAATGAAACTTCAAACCATTACGCACAGCAGAACAGCATCTTCAAAAGAGGAGAATTAAACGCACCATCTGGCCTTCATGAGAACTGTTAATTGTCCACATACATCATGAAAACACGTTATACATTCCAGTCTAATAGAAATAAAGTCCTGACCTCGAGTAGCAGCAGAAGGCTTAATAAAGCCCGAGGAGAAGTTGGTTATCTGCTACAAGTTTTTTGAGAGCAAGTACTACAGGGGGAAAACTACAGCTTCTGCTCTTACAATAAGCTGGTATGAGAACAAGTATACTGTTCTGAGAGTTCCTCGCGGAACAGAGAATGGCATACAGAATGACCAGGCCACTATTGCGTCTTACTGATTACACAATACAGCTTCTAACAAGCAACAGCGACAAGTTCAAGTGTCACGGAATCATCAAAATCAAGTAAATATACTCAAAACACTGAACAATCCAAGAGTACAACTCAAATCTTCAACTTCAACAGCAGCAGCAAACGAGTCTTCAGATCTTTGACTTCAACAGCAGCAGCAGCTCAAACATTACTTGAGAACATCACTCAAAAGAGAGTTTCAAAGCACCAGGGGTAAAACATCCATGCATCAAGAGAGCAGCACTTTCCCAGCACAAGTTGAGACTTCAGCCAGCACGAACAAGAAACAAAGATACTCCAAGATTTATGTTGCAAAAATATCCATCATCAACTGAGATGCGAAAGATCTAACCAGTACATCGGAATTGATTTAACAGTCAAAATCCCAAACCTGCCTAAAAAGGCACCTTTCCAGAGGGCTACAAAAGGGGAGCCATGACAGGAATCTCCCAATGATTGGAACACTTACATCACTAATTAAAAGAAACATAGTTGTTCCCCACTAGAACTCATACCACAGATATTACTGAAAGAAATTAACTCCTCTACAATGAAGAAAAGGTACTAATTGCCAAGGAAAAATAGAGCCATGTGATAAAATGAAAAAAGAGTGGCAACACAGCATTCCACAAGCAAAAGAAAATGAAGATATATGGTTTGAAGCCTTTCTTCTGCTTTGATAATGGTTCTTACACGCAACTTATTTTGAGAAGATGGCTTTTTGAATAACATATTTTATATGTATATTTTGTTCACCTAAAGAAACCTAATAATATTCAAATAATACTTCAAAATTGAGCTGTTGGAAGGCTAAATAATTATTAGAACGAAGCTCAAGTCCGAACGCAACTAATAGTTGATGCCTTACAGAAGGATTAATTAATCTTGTGTAGTTGTTAATATTTCAATTTTTGAAGAAATAAACAAGTGCATGACCTCCAATAACTATTAATTAGCGTAAATTTTCTAAAATAATATCATGGTTATATTGCATATCATGTCAGGATAATTGAGAGAAGAGACTTGCCAAAATAATTTATAAAATAGTTTAAAGCTACTTCAATGAAAAGTTAAAGGTGATGAGAAATAGAAGATTAACTTTATAACAAAACGATACGGGGAATAATTCTAAAACTAGCGATTAAAAATAATATGAGTATCAATTGGTGTCTTAGTGATTATAAAGGAAAGTAATTTAGATATGGAAGCTGATATGGAAAGTGTGAATGTAAAATTTCGCGAAGGGAATTAATATTATACCTCTGGTGGAGTGCTGCAGTAGAATCGTTGCTTTGTCCATCGCCTTATTAAGCAAATCAACATGAGTTACTTGTCCATGAAAAACAAGTAACCACTGGATCGATGCAAAAATTGTTGGACGCAGGAGCAGGGGAAGAGCATGAAAAATAAAAAGGACGCGACACACACAGAGAGGAGATCCGGGCAAAACTCCGTGCCTCTCCTCTCCAACACCAAAAAAAATATTTTTATTAGGTTCTTTTGACCTGCCATGCGAGCGCACCCAACATGGCAAAGGCCTGGTAACATGGAACAATAAATACCTCACTCTTTTCCTCTCATACCTCGCACGTCTTCACTCATTCTTTCATCTCTCGTACATATGCATGTATAAATAAAAACTAACGCAAATAAAACATTTAAATAATTATAAACATCAAAATTAAACCATCATAACCTCAGATCCACCATCACGTTCTCTGAATCAACCTTCGGCCGATGAGAACCGGTCAAAACCGTTTGATCTGTGACAACGAGGCACCAATTGGATATTCCTTGCATCTCTTATCAAATCAATAAATCTCTTGCGAACAATCGCGGGGATAACACCTCGGTTGCTGAAACGTTAGCTCCAACCTCCACAAATCTATGAAGATCGAACAGATCTGATGCTCCACGATGCTCATCTACCTCAAACCAGCACAAAAAAGCATCAGATTTACCATCTCTTCGTCAACCGTCGGCCAGAGTCGACAAACATCGAACAGTCACGCCATTCGTCCGGCTAATCGCTGCTCCGATACAGAACAACGGCAAATCCATATCCAAAACGTAGATCAAGGAACGATCTACACAGATCTGAAGATGAAAATTGAAGAAGATAAACTCCTTAGAAGAGATCTGGAGAAAAG,Novogene,,,,,,,,
Mentha x piperita,653 vs control,,up,79.7,2.3,PER45_ARATH,Cluster-67248.115536,heme binding//peroxidase activity,GO,GTTAATTAAGAGCTAGCTAGCTTGATCAATTATCATGGCTGCTAGTCTCAGAAATTGTTTGGTGACTCTACTAATAGCACTTGCACTTGTTTGGTGTTGCGATGCACAGCTGAGGCCAAACTTCTACGATTCCTCATGTCCTTCTCTTCAACTCATTGTCCGAAACGCCATGAGGGAAGCCATTAATCGAGAGCTCAGGCTCCCTGCATCTATCCTTCGTCTCTTCTTCCACGACTGCTTCGTCCGAGGATGCGATGCATCGGTTATGCTGGCCTCGCCTAATAACCAGGCGGAGAAGGACCATCCCGACAACCTCTCGCTGGCCGGAGACGGGTTCGACACGGTTGTCCGGGCGAAGGCGGCGGTGGACAGCAACCCTCAGTGCAGGAACAGAGTTTCTTGTGCTGATATATTAGCATTGGCTACAAGAGATGTTGTCAACTTGGCCGGAGGGATAAACTACCCGGTAGAATTGGGAAGAAGAGACGGTAGAATTTCAACAAAGGCCAGCGTTCAACGCCGTTTACCCGGCCCAGGCTCCAACTTGGACCAGCTCATCTCCTTATTTTCCGTCCATGGCCTCGACACCACCGATCTCATTGCATTATCTGGGGCGCATACGCTGGGTTTCTCGCACTGCAGCCGGTTCGCGAACCGGGTTTACAACTTCAGCCCTCGGAACCGGGTGGACCCGAGCCTGAACCCGCAGTACGCGGCGCAGCTGAGGCAGATGTGCCCGATCAACGTGGACCCGCGCATCGCCATAGACATGGACCCCACCACGCCCCGGACCTTCGACAACGCCTACTTCAGGAACCTGCAGAGCGGGAGGGGGCTGTTCAGCTCCGATCAAGTGCTCTTCACCGACGGCCGGTCGAGGGCCACGGTCAACCGGTTCGCCGCCAGCAACGCCGCCTTCAACCAGGCGTTTGCTACGGCGATGACGAAGCTGGGGAGAGTGGATGTGCTCACGGGGAGTCGGGGCGAGATTAGGATTGATTGCACCAGACCTAATTGATGAAGATCAGAGTTTTCATTTTCATTTTTATTTTTTTAATTTTATTTTTATTTTCAGATTTTATTTTTTTATTATCTCTTCAAGCTTATAAGCTCTTTTATCCAAACGCTTTAACAACTTATAAGCTCTTACCGTCATACATCTTATAAGCTCTTGAACATCTTATAAGCACTTAGAGCTTATAAGCACTTTGAAATAAGCTTAGCCAAACGGGTCTGTAACTAAATTCTACGTTCATTTCCACAAACCTCTATTTTACAACAATGCGAAAAGGAAAAAAGTTACTCTTCGACCAAGACCACGCATAATCAAACTCCTATAATCAGACACTACCGTTTCGCCCAACAAGATCGTACAGTTT,Novogene,,,,,,,,
Mentha x piperita,653 vs control,,down,19.3,-3.2,CB21_SINAL,Cluster-67248.98511,light-harvesting complex II chlorophyll a/b binding protein 1,"Blast_NT, KO",GTTCTTGATCTCCTTCACCTTCAACTCCGCAAAGGCCTCTGGGTCAGTAGCCAAACCCAACGGGTCAAAGCTGCCACCTGGGTAAAGCAAGTCCTCGGCCTCTCCCAATGGTCCCTCTCCGGCGACTCTGTAACCCTCAACAGCTCCCATGAGGATCACCTGAGTCGCCCAAATGGCTAAGATGCTTTGAGCGTGAACCAAGCTCGGGTTGCCCAAGTAGTCAAGTCCTCCTTCGCTGAAGATCTGTGAACCAGCCTTGAACCAAACAGCTTCTCCGAACTTCACTCCGTTCCTAGCCAAAAGCTCAGGGAAAACGCAACCTAGGGCTCCAAGCATGGCCCATCTGCAGTGGATAACTTCTAGCTCACGGTTCCTGGCGAAGGTCTCGGGGTCAGCGGATAGACCAGCGGTGTCCCATCCGTAGTCACCGGGGAACTCTCCGGTAAGGTAGCTCGGGGGCTCGCCGGAGAATGGACCCAAGTACTTGACCCTGTCGGATCCGTACCATGGGCTGCCAGATGGACCGGTGGGTTTGACGGTTTTGCGCATGGTGACACGGCCGGTTCCAAAGACTTCGGATGCTCCTGGTGAGAGCTTCACGGCCTTTCCGGCGAAGGCAGGGGAGGAGAGAGCCATGGTTGAGGCAGCCATTAGAACTTTTCTTCTTCTCTTTTTAGTTTTTGTGTTTTTTT,Novogene,,,,,,,,
Mentha x piperita,653 vs control,,down,90.7,-3.6,ARP3_ARATH,Cluster-67248.121974,--,GO,GGACCATCAATTTTCGTCCGTCGATTTTCATACTATTAAAATTCAGAATTTACATAATTAATACAAACAAATTTGAAACTAAAAAAATTCTGAGTACCATGCCATTGATTGGTAAGAAGAATATTACAACGTGAAGAATGTAATCAATTTTCAAGGAATATCTACGGTCACAAATTCATCTAAACTAGAAGAAAATCTTCAACCTGAGCTCAACTCCAGTCATTGCATATAAGAATCCAGTTTGATCAATCTTTATGTATTTTACTAATACATTCCCTTGAAAACTGGGTTTGTGCGACATATGCTCGCTCCACATTCCTCGTACTCTGCCTTTGTACGGCAAACTGTAAAAAACTCGGGCGTGGAAGCAAGTACCGAGCCTCCAAACCAAACTGCATATCTTTGAATCGGGTGGCTAACAACATTTACTTCCACAGGTTGTGACTTTGTTTCTCCGACAAGCCTAGCATCGGATGCAAGACCTCGAGCATCAACAATCTTCTTTAGATCCCTTTGTAACCTCCGGTTAAAGTCCTTGAACATGGTTGATCCTCCAGACAATACGACGTTCTTATACAAGGCCCTTCTTGTATCGATTGGTGCAGACTGAATACATTTATCGATAACATCAGGGAGAGGGGTGGCGAAATCACTAGTGTATATTTCAGGGTTGAAGAAGACCTCAGGCCCAAGAAACCTTTCATAGCCTATATCACAAGAATATGGAGCCCCAGTCTTGGGCTTGGTACCTCTCCACTGCTTGATGTATTTTGCAGGCTCTTTATCGTGTTTATTGAACTCCTTAACAATGTCTGAACAAGTGTAACAATACATTTCCTTCACTCTCCGGGCTACGTCAAAGGCATCCTCAGGTGGAATATGCTCTCCTCTTTCTCTCATGAGCTGCTGGATGAATCGAGTCACGTCTCTCCCTGCGATTGGAATGGACTTAATGCTGCTCCCGATTACGTAACCATCTGCAACAGGTACAATATGAGTAGCCCCATCTCCTACGTCCACTACAACTCCTGTCATCTCACACTAAGAAAAGTATTCAAGAATAAGAAAACACAAAAGTTTATGAAATAACTACTTGATTTTGTGGTATATTATACAAAGACCATGCTATTGTCCCACATGTGGTTCATCATGCTTCATTAAATTTGTCGAGCTAACTATTCAATCGCTGTTACAAGTGTGTAACAGAAGTGGAGTCAGCCTGAAAAGAAGAACACAAATTTTCCCAAATTCAACATTACATATTACTCTTGGCAATTATCTACCCTCTTACCACAATCACCTATATTAATGATTCATCTTGATAGTTCAAGGATAACCACATGATCTGGTATAGCATGATTCTCTCTATACAGCTATTACAACGACCAAAGAAAACCCTCCATTAATCGAAATTCGAAGCCAATAGATGAAGATTCAGACAAACTACTGATAATCTCCACAAAGACTTCACTATATAAATCATATAATCAAACAGCTCACTACAAATGTCAACACAAATTCAACCTCCATTCTTGAAATATCAACATGCTGAGGCTTCATTCATAACAAGTTACTAATAATTCCACAAAACCAATCCCAAAATAGTAAGGTTCCAAAACTGCCATTAGCACCAAC,Novogene,,,,,,,,
Mentha x piperita,653 vs control,,down,28.4,-3.8,RBS2_BRANA,Cluster-6227.0,Carbon fixation in photosynthetic organisms: ribulose-bisphosphate carboxylase small chain,"Blast_NT, KO",TCCGCCGACGTAGAAAAGTCTTTGCCTCAAGGAGAAAGGAAAGATCTTGTCGGTGAAATTTACATGGAAAGTGATAAAGAAACGGAAAGAATTACCAAGAAAAGAAGAAGAAGAAGTAGTAATGGCTTCCTCTATGCTCTCCTCCGCCGCTGTTGTTACCTCACCGGCTCAAGCCACCATGGTTGCTCCATTCACCGGCTTGAAGTCATCCGCTGCATTCCCAGTCACCCGCAAAACCAACACTGATATTACTTCCATTGCAAGCAACGGAGGAAGAGTTAGCTGCATGAAGGTGTGGCCACCAGTCGGAAAGAAGAAGTTTGAGACTCTATCTTATCTTCCTGACCTTACTGACGTTGAATTGGCCAAAGAAGTTGACTACCTTCTCCGCAACAAGTGGATTCCTTGTGTTGAATTTGAGTTGGAGCATGGATTTGTGTACCGTGAGCACGGAAGCACACCCGGATACTATGATGGACGTTATTGGACAATGTGGAAGCTTCCCTTGTTCGGATGCACTGACTCTGCTCAAGTGTTGAAGGAAGTGCAAGAGTGCAAGAAGGAGTACCCTAACGCCTTCATTAGAATCATTGGATTCGACAACAACCGTCAGGTCCAGTGCATCAGTTTCATCGCCTACAAGCCACCAAGCTTCACCGGTGCTTAATTTCCTTTCTAAAACAATCATATAATAATCTATACTCATTTCACTTCAAGTTGCCTGTTTTTTATTCTCTTTGAATTTCTGTCTGAGACATTTTCTATCGGATTGTCAAATGTCTGATTTATAGATATATATGTACTTTCTGTGGGAATATCACTTCTTTTTCT,Novogene,,,,,,,,
Mentha x piperita,653 vs control,,down,114.4,-6.1,RBS2_BRANA,Cluster-67248.4354,Carbon metabolism: ribulose-bisphosphate carboxylase small chain,"Blast_NT, KO",TCCGCCGACGTAGAAAAGTCTTTGCCTCAAGGAGAAAGGAAAGATCTTGTCGGTGAAATTTACATGGAAAGTGATAAAGAAACGGAAAGAATTACCAAGAAAAGAAGAAGAAGAAGTAGTAATGGCTTCCTCTATGCTTTCCTCCGCTGCTGTGGTTACCTCCCCGGCTCAAGCCACCATGGTCGCTCCATTCACCGGCTTGAAGTCTTCCTCTGCATTCCCAGTCACCCGCAAGGCCAACAACGACATTACTTCCATCGCAAGCAACGGAGGAAGAGTTAGCTGCATGAAGGTGTGGCCACCAGTTGGAAAGAAGAAGTTTGAGACCCTCTCTTACCTTCCTGACCTTACCGATGTTGAATTGGGTAAGGAAGTTGACTACCTTCTCCGCAACAAGTGGATTCCTTGTGTTGAATTCGAGTTGGAGCACGGATTTGTCTACCGTGAGCACGGAAGCACACCCGGATACTACGATGGCCGTTACTGGACAATGTGGAAGCTTCCCTTGTTCGGATGCACTGACTCTGCTCAAGTGTTGAAGGAAGTCCAAGAGTGCAAAACAGAGTACCCTAACGCCTTCATCAGAATCATCGGATTCGACAACAACCGTCAAGTCCAGTGCATCAGTTTCATCGCGTACAAACCACCAAGCTTCACCGGTGCTTAATTTGCTATGTAAAACATTCACATAATAATCTCTGCTCATTTCATTTCCAATTGTCTGTTTCTTTTCCCTATGGATTTCTGTTTCTGAGACATTCTATATCGGATTGTCAAATGTGTGATTGTGAACATGTAATCTCTATATTGCTTCTTCGTCTTGGTTACTTTCCGATGGCTATTAGGT,Novogene,,,,,,,,
Mentha x piperita,653 vs control,,down,203,-6.3,CNGC5_ARATH,Cluster-67248.65881,ion channel activity//protein binding,GO,ATTTTAATCAAAGCTGTATTCATAAATAACGTGCTCCAGTTTAATATACATTGAATACTGAGAAAGAGGCTGGCTGATAATTTTTACACATTACTTAAAAAGAAATCAAATTCAGATATTATGGTTATATGTAAACCTGTCATCTCACAAAGTAAAGTATTGTACAAATCCAAGCTTCATAGGAGCTCCCTAATCCCCAGGACTCCCATAAAAACTTAGGAACACGACCCTAATCTGCGTCGGCAGTGAAGTCCGGCTCCGGCGGCTTCTGTAGCTTCACTAGCTCCCTCGCGCTCTTCAGGTTCCGATTCCTGTGGACCCCGCGAATCGCGTTCGCAGCGAATTTAGTTGCCAAGAATGTAGCACCGATGCTGTACGAGCCACTGCCAGATGTACTGCTTGCCCCGGCTGAACCCTCTGCCTCTTCTTCCTCCTTCCTCTTCTGTTCTAGAACTAGAAGCTTCCGCTTCGAGTAGCGCCTCCATGCGGCCTGGATGAAGCAGGCGGCCCATGTCCGCCACTGCTGCGAGTAGAACCGGAACGTGTGCTGCACCTGTCTGCTGTGGAGCCGCCGGAACTGACTGGCGACAAACTTCAGTTCGTCGGCGGTCAGTGCGAAGGCCTCGACCTCGGTCAGTGCCTTCACTGTCCGGGTTGAGGAGGGGAGGTTGGAGCCGGATTTCGGGTCGAGGGCCCACGTTAGAAGCTCCTCCCCACAGAAGTCGCCTTCTTTGAGTAGACTATGGTTGAAAAAGCCACTTCTTCCGCCGTCGGTGGTCACACTCTCGAGGCGGCCGCGGATGAGGAATATCATCTCGTCAACTGGATCGCCCTCTCGGACGATGTAAGTGCTTTCGGTGTATAGACAAGGCTTCAGCCTCTCGCAGATGGCATCTAGTAATCTCTCGTCCATGTTCTCGAAGAGTGGGACCCTCTTGACTAACGCGAGACAAAGATGACGTTTTATGTCTCTTCTGAGATCTTTAGGCAAACTCTCCACCAAACTGTGCTCATCCACTCCACGTGTTTCTAACCACTTGTACTGATCATACCGCCTAACTCTCTCCCTGAGGTCAGGTGGGAGTAAACGATGATGCATCCATTGCTCTGAGTCGCGCCTTTTAACTCTCATCTCTTCGAGGCGAATAGTGAGCGACTGAAGATACGTCTGCATATTCCCAATCAAGAGAGCAAAAAGAATGAGCCCCAAGATGGCGAGTGCAATGCTGAATATAGACTCTCCAGGATAAGTGCTGGTTTGTAGTCCTTGTCCAAGAGTACTCAGATTCTGCAGCCCCCACCATAGACAGTAGCAATATTTTGACAAGAACTGTTTTGATGAAACTATCTCAGAATCCAAAGCCTGCCTGAATATCCCAAAATCAAATGGTGGATTGGTTTCATCATCCACCGGACAAGCTGATTTTAAAACTGACCCACTGATGTCGCGCCAGATATTATAATTATCCATAAATTGATTCCCACAATATAAGAAATCAGTGGTGCAGTTTTCTCCACTACTTTTACAAGCTCTTTGCCAGCATGAATCATTACGCTCTACAGACAGCAAGTACCAGAAAGCTCCAACTATATGACTGGCAAGCATGTATAGCAGCAAGTAGGACACTGCACCAGCCCAAGCAGTTTCAGCAAAGACACCAGAAGTTCTTTTTAGTTCTGAACTAAGCGGCATAATTCGGGTGAATCTAGGAATATATTGGAGCAAAATGATAAAAAACAATGCTTGCTTTGTAGCCAGTACATCTGATCCATTTGACCTTTGCAGAAATCTCCAGACAACAATCTGTGGAAGGGGAAGCACTGCAAGGAAATCAATGATGAAATAGCACTTCAAGTACCGCTTAGCAATCTGTCCAGGATCAATTACAAGTTCACCTCTCCCAAACACCCGAGATGATGGGGCAATATAAGCAGTTCGGAATTGGAGACCCATGTGAATAAGATAGAAAGCATCAACAATTGTTCGCAGTGTTGTAGCCGTTATAGCCAATTTTCTATCTATGTCCAGACAATTTGATGATTTATTAAAAACAGGAAGAAAGAAAAACAGAGGATCCACAGATACCCCAAGAATACATGACATCACAAAAAGCTTGTTCCATAGGGTAAGGAGTTTGTCTTGGGGGTCAAATATCCTCTTTTCTGACACTTTGAGGTCCTCCGGAAAAACTGCTCGAGATACACCAAAACCAAGGGAACGGCCAATAGATTTTAGTCCCTGAGATCCTTTCTTCATTCCTCTCTTAAAGGACTTTGATGGAGCAGGATTTTTATGATTACCACGGCCCAAACCCTCGATACTCAAGCCACATTTGTTTGCAGCAACTGAAGTAGATGGGGATGAGAGTCTGGAATCCAACTCATCCAACCTTACAAACTTGTCCCGTTGCCCATATTGAGTCTTTGGACCACAATCAAACATTTCGTATGATTAGATATATTTGAATCAAAATTCAAAGATATTAAGCCATTAATTCGCGTTTCTTCAGCAACATGAAGAGAGAGAGAGAGAGAGTACAGAGATGAAGTCAAAATTTTGCTAAGAAAGTATGCAGAAGTGGGG,Novogene,,,,,,,,
Mentha x piperita,111 vs control,,up,124.3,3.4,FB30_ARATH,Cluster-67248.41609,"F-box and associated interaction domains-containing protein, putative isoform 1 [Theobroma cacao]>gi|590586605|ref|XP_007015751.1| F-box and associated interaction domains-containing protein, putative isoform 1 [Theobroma cacao]>gi|508786113|gb|EOY33369.1| F-box and associated interaction domains-containing protein, putative isoform 1 [Theobroma cacao]>gi|508786114|gb|EOY33370.1| F-box and associated interaction domains-containing protein, putative isoform 1 [Theobroma cacao]",Blast_NR,TTTCTTTTTTTTTTTTTTTTTCTTACAGTAGGGTAGGATAATAGTAGAGGATGGATCGACTTGTTGTGACGCGTCAATTTGGCAGCGACCATCGGTATCTAGATGATATTTCAACTCAAGACCTTTCTCATCGACTATTTGATCATCTTTACTTTTTATCAACAAATGACCATACCAATTTGGTTAGCTGCAACGGGCTGTTGTGTTTCTATTCCTATTGCTCCGCTACTGACGGTCGGGTTGTTCTTTACAATCCGACCACTCGCCGGTTGAAATTCCTTCCTCCGGCCAAACAACTTCCCAATTTATTTAAATATATCTTCAACTCTTGTGGTTTTGGATATGATCCGGCTTCAAATGACTACAAGGTCATTAGAAACTATGATCTTATTCAGGTGGATGAAAATGGATCTTACAGGAATTCCGTCACAAAGTTTCAACTCTACTCCTTGGCAACTGATTCTTGGAATGAGATTCCGGCCCCTACACCTAACTTTACCTTGGGTACTCGACAGGCCCCTGTTTTCCTCAATGGTAGTTGTTATTGGACAGCGGCCTTCTCTTATACCGAGGGGGTTCTTGCATTTGATTTTTCCTTGCAAAAATTTTCTTCCTTTGACCTGCCACCAATGGCTCCTGACACCAAATTATATCTCGTGGAGATTAATACATCATTATGTGTTATTTTGTATGACGATATAGGTGGAAAGTATAAGTCGTTTAAGATTTGGCAGTGGACGGGAGAGGGATGGATGCAATTATTCAATGAGCTTATTATCTTTGATGTAAAGATTCCGTTGGGTTTTAGAGATAAGTTTTTGTTTCTTGAGAGAGAAATTGACAGGAAGTTCAGTCAAGTACTAGTTTGTGATTTGAGCACTAGAAAGTTGAGGAAGATTGGTGTACTTGATTACCCCGGTGTGATGAGAATTGTTTCTCTTCATGAGACATCATATGTGATGCCGAATGAGATATCAACGAGTACTTATCAAAGTGAAGAAAGTTGGAACGAGTATTGGCGTAGATGCAAAGCGGTGGAAAATCATGCATGATTCTGTCCAGTGTAGTGTAGTGTAGTGGCTCCTTATTTATAGATTAGTGGTCCCTTTTTAATTTTAAATTTGAGTTAATGTGAGTTAGTGGTAAATTTGAATGTTAGGTACCAATGACGAAGACATGTATTTGTACTATTACTATTAAACTATCCTTGGTTCTTGTTTGTTCTTTTTAGTTTTCGGTGCCAAATTTGATTCATCTACTAACTTTTAAGAATTTTAACTACTCTTTGATTTTTGT,Novogene,,,,,,,,
Mentha x piperita,111 vs control,,up,51.3,2.5,IFRH_ARATH,Cluster-67248.155958,oxidoreductase activity//catalytic activity//coenzyme binding,GO,GGACTACGCTTACAAGCCCTGACTCAATCAATCACCAAATCTCCCCCTCTACTGATAACCATGTCTGCCATCGCCGTTGCCGGAGGTACTGGCAGCCTTGGCCGTGCCGTTGTCGACGCTCTGATCTTCGAGGGCCACAACGTCGTCATTCTGGCCCGACAGGCAGCCGAGAGCAAGGAGAAGGAACTTGGTGCTCGCATCCTTGCGGCCAACTACGACGACGTCCCGGCTCTCGCCAAGCTGCTCGAAGATAACAACGTCGAGGTTGTCATCTCAACCCTAAACCCTCTCGGGAACGCTGCGCCAGAAACGGCCCTCATCCAGGCCGCAGACAGGTCTTCCACGACCAAGCGCTACATCCCAAGTATCTGGGGCATCAAATACACAGAAGAAATTGCGTCTTACTTCCCCATCGCCTCGATCAAGATCGCATATGGCAAAGCCCTTGAAGCCACCTCTCTCGAGCACACCTCAGTGATCAATGGGTACTTTATCGATTACTACGTCGCTCCCAAGGTCAAGACGTACGTCAACCCCCTGGCTCCGGTCTTCGACATTCCCCACAACTTCGCCGCCATTCCCGGGTCGGGCGACGTCCCCGTGACCTTCACCCACACCTTTGACGTTGCCCGCTTCGTCGCCGCGCTCGTCAGGCAGCCAGAGTGGCAGAAGGAGTCGTACATCATCGGCGACAAGGTGACCCTGAACGAGTTCCTGAGGCTTGCGGAGGAGGCCAGGGGCACCAAATTCACCGTCGTCCACGACTCCGTCGACAAGCTGAAGACGGGCCAGATCACGGAGCTCCCCTCCCACCCGTCCGTCTATCCTTTCTTCCCCAAGGAGATGCTGCAAGGGTTCTTCGCCGCGTTTGGCGTCATGTTTGAGGAGGGCGTGTTTGATCTTAAGCCCGCTCGCAGCTTGAACGACGAGTTCCCGGACATCAAGCCCAGGACCGTCAAGGAGTTGGTGCTGGAAGCCTGGAAGGAGGCCTGAGGCCGGTCATGTTGAGTGGCAGCGGCGAGTTGCACTATTTGCATCCGGATTTCTCGAGACATAGCCTACTTGTGCAGCCAAAATTGTCAACCCTCTCCGAGGCCATGGATGGTTCTCCGGTTCGGACTCCCCACGTATACTCTGGAGGGATCCCAGTCCGCCGTAGAAGGAGCTAGATATGAGCAGTATCGTCAGCGCTTAGGTCCATGCTGCGGGCCTCGTGTCGCTATTTCAAAATTACATCGATCGTACGCCA,Novogene,,,,,,,,
Mentha x piperita,111 vs control,,up,18.6,2.5,EGL1_ARATH,Cluster-67248.112206,protein dimerization activity,GO,CAAGTATTGATACTTTGTCAACCTGCAGAATCAAAAGTTTGAAAAAATCTTCCTACAAACAGCTAAATAATATGAACAATCCTAACATAGGAAATAGATAATATATAGAAAACACCATTCAAGAGAAGCATGATTGTATATATAAGAAAGTACGATCTAAGAGAACCGACCAGTTGTTCTCCTATAATAGGGGTATTAAATGGAGGCTAATCTGAATTCTGAAGAGCAAAGATTTGGCTACCTTTCCACCAGATGGAACTAGTGACGTAAGAATCGCGAATCTCTCACTTATTTTCTCTCTCCGTTTCCTCTCGGACAAGACGTGGTTTCTGTCGACTTCCTCAGCTTCTTGTTTCTCAGAATGGTCATTATCACATTTCTCCTTGTCCGTAACAGATTCAGTCCTTGCATTTTCGTGCATCTTAGCTACTTCGAACAGCACTTTCTTTATTAACCTTTGTGGGGACGAACTCTGAGGCAATCGAGGGCTCGATTTTCTCTCTTTCCAATTGACAAAGCTCGATTCTCTCTTACCATTTCTGTAAGGTCCCAGAATGAGCTGGTGGGAGCTCTTCAAAAGGCTCGAAAGCACACTGTGGTAATGAACATCGCCTCCATTGAAGCCGGGAGATTTCTGCTCATTGCATTCAAGAATCTTCTTTCCATCGAATTGTTGGACTGCCCCCTCGGGATTTACTCGAGTTTGAGATACGCAATCACTAGAGCTCGTGGAATTGTTCATGCCATTGCTGACTACGTCGTCCTTTAACTGCCAGCTCAGCAATTGAGACGCCTCTCCATCAACGTCGTCCGCTAAATTTGATTCCTCCCTCAGTACATTGTCTGCAAAATTATCCGAACTGGTTTCTGGAGAAGATACTTCCACTTCATCAAGATTGTTTTCGGGGGTATTGGAGTGATTGATCACTCGATAAACAAGATCATGGTTCGGATTGATGACTGTATCAGAAGAAGTCTCCAAGAAGTGCGTTTTTATATGGTGAATCAGACTCCGATCCTCTGGAACTAGTTCAGTTGTTCCCAGCTCGACTACACCTCCCAAATGAGGAAAGCAAACTACAGTCTGTAGAGATGCACTCTTGGCAAGCAAAGAACGAGAGAAGAGCTTTGTGTCAGCTAGATGAGCATTCCGTAGCCAGATTGTTTCGTTTTCTGCAAAACACCTTCCTGGCAACCCTTGGCCGACATTGAAGACGAAGGACATGCACACCAAAAAGTACCACTCAGTATCAGTGAGATCTTCAGGGGATAATGCAGCTGTAGGCCTTTTAGGTTGTGGGGTGGTTTCACCTAATGAGAGAGATCCAAACAACTCTCTTAGCTGATCGCTCCTCTGCAATCCCAGCGGATCCGAATTCGATTCCACTGCTTGAACTGTTTTTCTAGTCTTGATATCTCCATTGTAGTACCCTTCACTCCACCCCAACGCCCCAGATTGTTTAGCAGAAAATGACCAAAAAATGGCATAGCTCCATTGGGTGCTTCTAACAGCAAGAGCGAGCTGCTTTCTTAGATTATCAGTAACACTAACACCCTTTTGATTTGCAGTCGCCATTCTTGAAACTCTGACCCCTTTTTCTTCTTCAGTTCTGCCTACAATAGCGATTAATATACAGGGAACGAAATTGAAATATTATAATATGCGAGTATGAAAACTTTGGAGCCGACCATGACCATCTCTCGCTGAGGTAGGTTGA,Novogene,,,,,,,,
Mentha x piperita,111 vs control,,up,79.7,2.4,PER45_ARATH,Cluster-67248.115536,heme binding//peroxidase activity,GO,GTTAATTAAGAGCTAGCTAGCTTGATCAATTATCATGGCTGCTAGTCTCAGAAATTGTTTGGTGACTCTACTAATAGCACTTGCACTTGTTTGGTGTTGCGATGCACAGCTGAGGCCAAACTTCTACGATTCCTCATGTCCTTCTCTTCAACTCATTGTCCGAAACGCCATGAGGGAAGCCATTAATCGAGAGCTCAGGCTCCCTGCATCTATCCTTCGTCTCTTCTTCCACGACTGCTTCGTCCGAGGATGCGATGCATCGGTTATGCTGGCCTCGCCTAATAACCAGGCGGAGAAGGACCATCCCGACAACCTCTCGCTGGCCGGAGACGGGTTCGACACGGTTGTCCGGGCGAAGGCGGCGGTGGACAGCAACCCTCAGTGCAGGAACAGAGTTTCTTGTGCTGATATATTAGCATTGGCTACAAGAGATGTTGTCAACTTGGCCGGAGGGATAAACTACCCGGTAGAATTGGGAAGAAGAGACGGTAGAATTTCAACAAAGGCCAGCGTTCAACGCCGTTTACCCGGCCCAGGCTCCAACTTGGACCAGCTCATCTCCTTATTTTCCGTCCATGGCCTCGACACCACCGATCTCATTGCATTATCTGGGGCGCATACGCTGGGTTTCTCGCACTGCAGCCGGTTCGCGAACCGGGTTTACAACTTCAGCCCTCGGAACCGGGTGGACCCGAGCCTGAACCCGCAGTACGCGGCGCAGCTGAGGCAGATGTGCCCGATCAACGTGGACCCGCGCATCGCCATAGACATGGACCCCACCACGCCCCGGACCTTCGACAACGCCTACTTCAGGAACCTGCAGAGCGGGAGGGGGCTGTTCAGCTCCGATCAAGTGCTCTTCACCGACGGCCGGTCGAGGGCCACGGTCAACCGGTTCGCCGCCAGCAACGCCGCCTTCAACCAGGCGTTTGCTACGGCGATGACGAAGCTGGGGAGAGTGGATGTGCTCACGGGGAGTCGGGGCGAGATTAGGATTGATTGCACCAGACCTAATTGATGAAGATCAGAGTTTTCATTTTCATTTTTATTTTTTTAATTTTATTTTTATTTTCAGATTTTATTTTTTTATTATCTCTTCAAGCTTATAAGCTCTTTTATCCAAACGCTTTAACAACTTATAAGCTCTTACCGTCATACATCTTATAAGCTCTTGAACATCTTATAAGCACTTAGAGCTTATAAGCACTTTGAAATAAGCTTAGCCAAACGGGTCTGTAACTAAATTCTACGTTCATTTCCACAAACCTCTATTTTACAACAATGCGAAAAGGAAAAAAGTTACTCTTCGACCAAGACCACGCATAATCAAACTCCTATAATCAGACACTACCGTTTCGCCCAACAAGATCGTACAGTTT,Novogene,,,,,,,,
Mentha x piperita,111 vs control,,up,24.4,2.4,C3H53_ORYSJ,Cluster-67248.76854,RNA binding//nucleic acid binding//poly(A)-specific ribonuclease activity//metal ion binding,GO,TGAGCAATGATAATTAGAACCAATTTATTACATTTGAATATACATCGTACATGCATGTGTACATGTTATATCTCTATCCTATAATAACACCAAAAATAAAACTAATACTAGTAAAAAGAAAAGGTGAGGAAGAAGAGAATTTTCCTAATTTGAGATCTTCATTTCTTTTCTTTACCTCATAATATACATGGTATTAGTACAATATTACAATGATATCACAAGGCACTACTCTGCCCTTTTTCTTCACTTTGTTACCTAATAAAATAACCCTTATAATTATGGGAAAGCCATCAATGGTGAGCAAGGAAAGAAAATTACAGCCCCTGATGACTAATATTCTCTTTTTTTTTTACTATTCACTATTTTCTTCTTCTTCTTTAAACCTGTGGCTGTGGTCCAACAAATTTCAACTACAGATGTGAAAGGTGATTAACAGTACAACAACAATGGAGAGAGAAAATGGATGGCTGACCCACTCTTCTTTACTGCCTTTTTTTATGAACACAACTTGTATGGTTGTAATAGTAAGTAGTATTAGTATTGAACACTAATCCTGCTTCTGGTGAGAGACATTAATGGCGGACGGAGGAGCTTCTAATCGAAGGCGGAAGTGAGGCGGAGGTGGTGTCGATCTTCGGCCTTATCGGAAAAAACGCACACAACTAACCTTTCATTAAGGGTGGTTAGGAAGGCCGACAAGGGATCTAGACCTACATTCCGATGGTCTCGTGACCGGAGGCAAACCTACATCGATAGTACGAGACGAGTCGTAATTAATGCTGCTTTCGATTAATTAAGGAGCAAACAATGATATTTAGACATAAGCAGAAATGGAAGTGATACCTAGGAACTTGGAAGTAACAAGAGGTAGGAAATAATGATGGGCCAGTGATCAAATTATTGTTAGTAGAAATTGCAGTACTGCCCTTTTCCGATGAGTCGGAGAAGGCGGTGACAGAGTCACCGGCTGCCTTCGGGGAAGCGAAGGGACTATCCGGAAGGTTATGCTCCAAACCTTGTTGAAAAACACTTTCTTTAGGGGGGCTGCTGTTGCCATTGCTCGTCTCGTCTTCCTCTTTTGCGATTGAATTTGTAGCCAGGCGCACATCATGATTCGCTGTTGTCCCAATCATGCCATTTTCTTCTCTAGCTTCTGGGCTGCTGCGGTTGCTGGGAACGACATTCTGGCTGAAGAAAGTCGGAGGGAAACTCGTGGGCGATGAAATGGCTGCACCACTCGAGAGAGTACGGTGGTGGCTGTTCCTCTTAACATCGAGAAGCTGAAGGCCCATAAGCCTCCGATTCTGTAGCTCGAGTGCTTGCTGAAGATCAGCTTGCTCCTCCAATTTTCTCCTCCACAACATGTCTTGAGGGCTATAGAACATCCTAGCACCGAGTTGGAGATCATAAGGATCTCTCGACTCTAGCCCCGCGAACTCCCCTCTCTCCATCTGCTGTTTCCTATGCTTGTCTGGGATTTTGCCCTTCTCTTTGTAGGGCTTAACTAGCACACGAGCATCGCACACGAAATGAGGATTGCCCTTGGCAAGGATGAGCTTCACGGTGTCCGGGAAGTCGAAAGTGACGAAACCGAACATCCTCTTCTGCTGGTATGGGATCCTCACATCTTGAACTGGACCAAAGTTACTAAAATAATTGGACACGTCCTCTTCCTTGAAGGTACTATCAGCAGGGAAAGTCAAGTAAATCTGCCTCGAACCAGGATTCAAACCATTCATCCCAAAATCTCCCCTTTCGTGGCGGCCTCGCCCGAATTTGTGCATTCCGTCCCCCATCATCAAAGATCTGGGGCTGTCAGGTGGGAGCTGCTGCTGCTGCTGTTGCTGTTGCTGCTGTTGGAGAAGACGGTGTTGTCTTTCTTTAGCCAAGCGAATTGCATAGGCTTGTTGTTGGGGATTCAGGGCATGATTAGTTGACTCTTGAAAATGAGGATGATGACTATGGACTTGAGGCTGCTGAGGTGATATTGGATGGGAGGGCTGATGATGGAGAGGGTACGCGGACACAGGTGGAGATGCGGTCTGGTTAGGGAAAGGTGAACTTAGCCCACCAAAGTGAGGCACTTGGCTGTTTCCTGGTGAGGCCTGCATCTGAAGATCGGACGGCATCATTTGCCTCTGTGAATCCTGACTCAGGCCAGGCCGCATCATATGCATGGGTTCCCGAGGCCTCAAAGCTGAACTTCCTTGACCAGAGCCTACTCCAGAGTGCATATTTGGTGATGACAAAGCAGGGGAAACCATACTTCCAGAATTAACCACAGATGATGAAGCAATGCCTTGGAACCCAGGCCTTGACATTGGCATGCTTCTATTAACATTACCAGGTAAACCCATGCCATTGCCATCAGAAAGCATACGGACACCACGATCGGTTCCTGGAAGAGCTCCAGAATTA,Novogene,,,,,,,,
Mentha x piperita,111 vs control,,down,19.3,-3.2,CB21_SINAL,Cluster-67248.98511,light-harvesting complex II chlorophyll a/b binding protein 1,"Blast_NT, KO",GTTCTTGATCTCCTTCACCTTCAACTCCGCAAAGGCCTCTGGGTCAGTAGCCAAACCCAACGGGTCAAAGCTGCCACCTGGGTAAAGCAAGTCCTCGGCCTCTCCCAATGGTCCCTCTCCGGCGACTCTGTAACCCTCAACAGCTCCCATGAGGATCACCTGAGTCGCCCAAATGGCTAAGATGCTTTGAGCGTGAACCAAGCTCGGGTTGCCCAAGTAGTCAAGTCCTCCTTCGCTGAAGATCTGTGAACCAGCCTTGAACCAAACAGCTTCTCCGAACTTCACTCCGTTCCTAGCCAAAAGCTCAGGGAAAACGCAACCTAGGGCTCCAAGCATGGCCCATCTGCAGTGGATAACTTCTAGCTCACGGTTCCTGGCGAAGGTCTCGGGGTCAGCGGATAGACCAGCGGTGTCCCATCCGTAGTCACCGGGGAACTCTCCGGTAAGGTAGCTCGGGGGCTCGCCGGAGAATGGACCCAAGTACTTGACCCTGTCGGATCCGTACCATGGGCTGCCAGATGGACCGGTGGGTTTGACGGTTTTGCGCATGGTGACACGGCCGGTTCCAAAGACTTCGGATGCTCCTGGTGAGAGCTTCACGGCCTTTCCGGCGAAGGCAGGGGAGGAGAGAGCCATGGTTGAGGCAGCCATTAGAACTTTTCTTCTTCTCTTTTTAGTTTTTGTGTTTTTTT,Novogene,,,,,,,,
Mentha x piperita,111 vs control,,down,55.2,-3.5,PNSB3_ARATH,Cluster-67248.50623,iron-sulfur cluster binding//electron carrier activity,GO,TAAGAACAACAAGATCAAGGTAAACATGCCTTTTTAAGATATCGAAGCTCTGTATTTGTTCGCTCATTCAGGAGATCTTTTCCATCAATAATCTCGACTATACAAGTCCCACAGCTTCCACCACCACCGCAATTCATCAATTTCCCATAAGCGGCGTAGAGTTCAATTTTGTTATCCGACATTATGGTTCTGAGCAGCTTCTCTCCACTTATGGCTTTCGCTCTGTTCACTGCATCTCCTGGTTTAGGCCCGAGGAATTCTAGCTCGATCTCGGGGGTCTCCTGAGGTCCGGCGGAGGTTTCCGGCGACGAAGCGGCGAGAACAGAAAAGTTTCTCCTTGAAGAAGGGAAAGCGGCGGAGCTGCGGTGGTTGGAGGTGGTGGCGCAAAATTCCGGTAGTCGGAGTGACACGTGGCAGAAACTCGTGGCCGCCATACTGCCTATGAGAATGGCATGCAAGGCGCTCGCAAGTCGCAACACTATCTTCTTCGTCGCTCCATTTCTACTTTCTAGAAATTTCTTTCCATTTGTGGCTCCTAAATTT,Novogene,,,,,,,,
Mentha x piperita,111 vs control,,down,28.4,-3.8,RBS2_BRANA,Cluster-6227.0,Carbon fixation in photosynthetic organisms: ribulose-bisphosphate carboxylase small chain,"Blast_NT, KO",TCCGCCGACGTAGAAAAGTCTTTGCCTCAAGGAGAAAGGAAAGATCTTGTCGGTGAAATTTACATGGAAAGTGATAAAGAAACGGAAAGAATTACCAAGAAAAGAAGAAGAAGAAGTAGTAATGGCTTCCTCTATGCTCTCCTCCGCCGCTGTTGTTACCTCACCGGCTCAAGCCACCATGGTTGCTCCATTCACCGGCTTGAAGTCATCCGCTGCATTCCCAGTCACCCGCAAAACCAACACTGATATTACTTCCATTGCAAGCAACGGAGGAAGAGTTAGCTGCATGAAGGTGTGGCCACCAGTCGGAAAGAAGAAGTTTGAGACTCTATCTTATCTTCCTGACCTTACTGACGTTGAATTGGCCAAAGAAGTTGACTACCTTCTCCGCAACAAGTGGATTCCTTGTGTTGAATTTGAGTTGGAGCATGGATTTGTGTACCGTGAGCACGGAAGCACACCCGGATACTATGATGGACGTTATTGGACAATGTGGAAGCTTCCCTTGTTCGGATGCACTGACTCTGCTCAAGTGTTGAAGGAAGTGCAAGAGTGCAAGAAGGAGTACCCTAACGCCTTCATTAGAATCATTGGATTCGACAACAACCGTCAGGTCCAGTGCATCAGTTTCATCGCCTACAAGCCACCAAGCTTCACCGGTGCTTAATTTCCTTTCTAAAACAATCATATAATAATCTATACTCATTTCACTTCAAGTTGCCTGTTTTTTATTCTCTTTGAATTTCTGTCTGAGACATTTTCTATCGGATTGTCAAATGTCTGATTTATAGATATATATGTACTTTCTGTGGGAATATCACTTCTTTTTCT,Novogene,,,,,,,,
Mentha x piperita,111 vs control,,down,114.4,-5.9,RBS2_BRANA,Cluster-67248.4354,Carbon metabolism: ribulose-bisphosphate carboxylase small chain,"Blast_NT, KO",TCCGCCGACGTAGAAAAGTCTTTGCCTCAAGGAGAAAGGAAAGATCTTGTCGGTGAAATTTACATGGAAAGTGATAAAGAAACGGAAAGAATTACCAAGAAAAGAAGAAGAAGAAGTAGTAATGGCTTCCTCTATGCTTTCCTCCGCTGCTGTGGTTACCTCCCCGGCTCAAGCCACCATGGTCGCTCCATTCACCGGCTTGAAGTCTTCCTCTGCATTCCCAGTCACCCGCAAGGCCAACAACGACATTACTTCCATCGCAAGCAACGGAGGAAGAGTTAGCTGCATGAAGGTGTGGCCACCAGTTGGAAAGAAGAAGTTTGAGACCCTCTCTTACCTTCCTGACCTTACCGATGTTGAATTGGGTAAGGAAGTTGACTACCTTCTCCGCAACAAGTGGATTCCTTGTGTTGAATTCGAGTTGGAGCACGGATTTGTCTACCGTGAGCACGGAAGCACACCCGGATACTACGATGGCCGTTACTGGACAATGTGGAAGCTTCCCTTGTTCGGATGCACTGACTCTGCTCAAGTGTTGAAGGAAGTCCAAGAGTGCAAAACAGAGTACCCTAACGCCTTCATCAGAATCATCGGATTCGACAACAACCGTCAAGTCCAGTGCATCAGTTTCATCGCGTACAAACCACCAAGCTTCACCGGTGCTTAATTTGCTATGTAAAACATTCACATAATAATCTCTGCTCATTTCATTTCCAATTGTCTGTTTCTTTTCCCTATGGATTTCTGTTTCTGAGACATTCTATATCGGATTGTCAAATGTGTGATTGTGAACATGTAATCTCTATATTGCTTCTTCGTCTTGGTTACTTTCCGATGGCTATTAGGT,Novogene,,,,,,,,
Mentha x piperita,111 vs control,,down,203,-6.6,CNGC5_ARATH,Cluster-67248.65881,ion channel activity//protein binding,GO,ATTTTAATCAAAGCTGTATTCATAAATAACGTGCTCCAGTTTAATATACATTGAATACTGAGAAAGAGGCTGGCTGATAATTTTTACACATTACTTAAAAAGAAATCAAATTCAGATATTATGGTTATATGTAAACCTGTCATCTCACAAAGTAAAGTATTGTACAAATCCAAGCTTCATAGGAGCTCCCTAATCCCCAGGACTCCCATAAAAACTTAGGAACACGACCCTAATCTGCGTCGGCAGTGAAGTCCGGCTCCGGCGGCTTCTGTAGCTTCACTAGCTCCCTCGCGCTCTTCAGGTTCCGATTCCTGTGGACCCCGCGAATCGCGTTCGCAGCGAATTTAGTTGCCAAGAATGTAGCACCGATGCTGTACGAGCCACTGCCAGATGTACTGCTTGCCCCGGCTGAACCCTCTGCCTCTTCTTCCTCCTTCCTCTTCTGTTCTAGAACTAGAAGCTTCCGCTTCGAGTAGCGCCTCCATGCGGCCTGGATGAAGCAGGCGGCCCATGTCCGCCACTGCTGCGAGTAGAACCGGAACGTGTGCTGCACCTGTCTGCTGTGGAGCCGCCGGAACTGACTGGCGACAAACTTCAGTTCGTCGGCGGTCAGTGCGAAGGCCTCGACCTCGGTCAGTGCCTTCACTGTCCGGGTTGAGGAGGGGAGGTTGGAGCCGGATTTCGGGTCGAGGGCCCACGTTAGAAGCTCCTCCCCACAGAAGTCGCCTTCTTTGAGTAGACTATGGTTGAAAAAGCCACTTCTTCCGCCGTCGGTGGTCACACTCTCGAGGCGGCCGCGGATGAGGAATATCATCTCGTCAACTGGATCGCCCTCTCGGACGATGTAAGTGCTTTCGGTGTATAGACAAGGCTTCAGCCTCTCGCAGATGGCATCTAGTAATCTCTCGTCCATGTTCTCGAAGAGTGGGACCCTCTTGACTAACGCGAGACAAAGATGACGTTTTATGTCTCTTCTGAGATCTTTAGGCAAACTCTCCACCAAACTGTGCTCATCCACTCCACGTGTTTCTAACCACTTGTACTGATCATACCGCCTAACTCTCTCCCTGAGGTCAGGTGGGAGTAAACGATGATGCATCCATTGCTCTGAGTCGCGCCTTTTAACTCTCATCTCTTCGAGGCGAATAGTGAGCGACTGAAGATACGTCTGCATATTCCCAATCAAGAGAGCAAAAAGAATGAGCCCCAAGATGGCGAGTGCAATGCTGAATATAGACTCTCCAGGATAAGTGCTGGTTTGTAGTCCTTGTCCAAGAGTACTCAGATTCTGCAGCCCCCACCATAGACAGTAGCAATATTTTGACAAGAACTGTTTTGATGAAACTATCTCAGAATCCAAAGCCTGCCTGAATATCCCAAAATCAAATGGTGGATTGGTTTCATCATCCACCGGACAAGCTGATTTTAAAACTGACCCACTGATGTCGCGCCAGATATTATAATTATCCATAAATTGATTCCCACAATATAAGAAATCAGTGGTGCAGTTTTCTCCACTACTTTTACAAGCTCTTTGCCAGCATGAATCATTACGCTCTACAGACAGCAAGTACCAGAAAGCTCCAACTATATGACTGGCAAGCATGTATAGCAGCAAGTAGGACACTGCACCAGCCCAAGCAGTTTCAGCAAAGACACCAGAAGTTCTTTTTAGTTCTGAACTAAGCGGCATAATTCGGGTGAATCTAGGAATATATTGGAGCAAAATGATAAAAAACAATGCTTGCTTTGTAGCCAGTACATCTGATCCATTTGACCTTTGCAGAAATCTCCAGACAACAATCTGTGGAAGGGGAAGCACTGCAAGGAAATCAATGATGAAATAGCACTTCAAGTACCGCTTAGCAATCTGTCCAGGATCAATTACAAGTTCACCTCTCCCAAACACCCGAGATGATGGGGCAATATAAGCAGTTCGGAATTGGAGACCCATGTGAATAAGATAGAAAGCATCAACAATTGTTCGCAGTGTTGTAGCCGTTATAGCCAATTTTCTATCTATGTCCAGACAATTTGATGATTTATTAAAAACAGGAAGAAAGAAAAACAGAGGATCCACAGATACCCCAAGAATACATGACATCACAAAAAGCTTGTTCCATAGGGTAAGGAGTTTGTCTTGGGGGTCAAATATCCTCTTTTCTGACACTTTGAGGTCCTCCGGAAAAACTGCTCGAGATACACCAAAACCAAGGGAACGGCCAATAGATTTTAGTCCCTGAGATCCTTTCTTCATTCCTCTCTTAAAGGACTTTGATGGAGCAGGATTTTTATGATTACCACGGCCCAAACCCTCGATACTCAAGCCACATTTGTTTGCAGCAACTGAAGTAGATGGGGATGAGAGTCTGGAATCCAACTCATCCAACCTTACAAACTTGTCCCGTTGCCCATATTGAGTCTTTGGACCACAATCAAACATTTCGTATGATTAGATATATTTGAATCAAAATTCAAAGATATTAAGCCATTAATTCGCGTTTCTTCAGCAACATGAAGAGAGAGAGAGAGAGAGTACAGAGATGAAGTCAAAATTTTGCTAAGAAAGTATGCAGAAGTGGGG,Novogene,,,,,,,,
Mentha x piperita,653 vs 111,,up,41,3.7,PMTK_ARATH,Cluster-67248.84245,methyltransferase activity,GO,GCTAGCAATAATTCCCTTCTTCATTTTGAAATGCCTGCAGCCAATCTAGAAAAGGAAATAATTTTGATTAATTCATAATACTTCAGTCAGTTTCAGTTGGAAAATCACAGGAAGAAAATATAATAATTCCTGCAACTGACATAGATTCGTTACTACTTAGTTACTACAACGAGATGTAATAAAAATTATTTTTATACACAGAAATCATAACCCTAAAAAGCATGTAATTTAGTTAATTTACCCAGAATTTTTGGTGGAATAGTACCATAGTTCCTTCTGGCAAATTAATATCTTCTCATTTAGGTCTCCACGTTCATTGTCTTCCTTCCGGCAACTCCATCTCATCCCTCTACCCAAGGTAGCTATGGCGTCGACGAAATACGTCGACTCTCGGATTATCGCGTACCCGTACGGCCGTAGAATCCGGTCCATCTCCAGCATCACGTACTTCATCTCACACCTGTGACTTTCGGCGGTGAAGAGGCCGTCTAGATGAAGGAGGTCGTACGTTCGGGGATATGTGGAGAAGGCCTCACACCAGTCGTGATAGGTTCCGACGAGGCCCCGGTCGTACACCACTGGAAGCGTGTTTGTCGAGTACGAAGAAACGACGTTCATAACCCAAAGCGGTTGATCTATCAAAGCAGCTGCAAATCCTCCATAAACAGTGTTCATATCCATAACATTTCTAATCTTATTTGTTCCCAAAGAAGTAAGCAGCTTCTTATAATGTTTAACCATCGTCTCCCACTTGCTTCCATCGCGTTTAAAACCAGGCCTACTTCCGCCACGATGATCACCAACTCGATCCGGATAAGCATGCAATCTCTTGGGCCATTTCGCCAAAGAGCTCAATGCCGTTGTACTCTCGTGCTTTGGGTCCGGTACCACAAGGCAAGGCATCATCGGGTTGTACCATGCTGCATCGGGTTCGGTACCATCATTGCACTTCGGAGGGTAGTTAGTTGGGACCTCGAGTTCTTGATAGCAGCTGTTGTTCAAAGATAGTTTCTGCCAAACGGATATATCGCCCTTCTGGTCGTACAATTTGAAACACATTGAGGTGAGCAGCTCTTGGAGTTTTTCGTAATTTGATCTCTGCTCTTCTATAGTTGAATTCCATCCCTTTGATCGTCTCTGATAATTAATCGGGGGGCCCGAGAGTACCCAGAAGCCCCCAGTTCGAAGAATACGGTGTATTTCTAAGAGGTATATTCCACCGTATTCAGTCCACGGAATGAGGCACCTTGAGCAATGTGCCATGTCAAATGAGTTTGCAGGAAAAGGAAGTCTCTGTGTCGAGATGATTCCCAGCATTGCAGGGATGCCACGTTCCAACGCAAACTGAACTTGAGCTTCATGGTTATCTCTTGGAGCAAGAGAGATAGTCAGAATCCCACGGTCTAGTAAATCACCACCCCAACTAGCCACCCCACATCCCGTGTCAATGGCAGTTCGAATAGTTCCATCCTTCATAGCTGGGATCAAATCTTGCATCAAATCAACATATTTACTAACACCTTTCGGGAACATAGTACCGCCTCCGGGGAAGAGAAATTTCTCCCCTTCTTTCTGCAGCCAATGTTGATTTGATTTCTGTTTATTAATCCAATCATAAGGAACATTCCTATACCAACATTCATCCCTACTCTTCGGCCACCTTATTGGGGACTTATATCCATCGGGTGGTGGAACTAGGCACTCCTTCCTCTCCAATGCCGGAGGGCAATGACGCTCCAAAAAAGAAAGCCGATAACGATTGTATCTCCTCCACCTCTGCGGATCAGTGCAGGGTGTGCAATCTTGAAAACTCGATTCACATTCAGGAAACGTAACAGCTTCGATTCGGAGGGGTACGATTGCTACTTCTTTTGAAGATTGAATCACATTACCAAAATCCAACATCCCATATTTGTATTTCTGTGAACAAAATAGCCCACCAAGATAGAAAGATGCCCCACACAGCACGATCAGCAATAGTGCTGTCGACACTGTTCTAGAATTCTTTCCCTCTTCCTGCTTCATGGTGTTGTAATTTTTCTAAAGATTCTGCAGATATACAAGACTAGTTGAATTAATTAGTACATCATATAAATTAAATCAATTTTTACAAAAAATGTCAGAAATTAGAAAATCATCATAAATTAGAGAGGCAAAACTTTGAACAGTTTGTATATCAGTGGAATTGATAACTCAACTCATCTCGGTTATGCTAAATATATCAAGAAAAAGAAAGCAAAGAAAGATCTATACATTTAAATTGCATCACATAATAAAGAAGTTGCAACCATGTAATAAATCTCTGAAAAATATGCAACAAAACACCAAATGCAGAAGGAAATTCAAGCAGCAGTTAACAGTCGAAACCAAGATTTCGATTATGAGGAAGACAAACTATAAGAACTAGAAGCTCGAAGACTTCAATCTAGCACGAGGAGAGAGAGAGAGTGGGAGAAACAAGGGACTAATGCAGATTTTAGAGGTGAAGACAGGGCATTATTAAAGGACTTTATGAAGTTCGAAAACCAAAAGATGAGATTATAATAGGTACATAACGCTGTGTCAGTCTAACTTTTATAAATTCACATGATAATGGGCCCAACACTTTATGAATTTTTCTGCAGACTGTTGAGGACCAACTTCACCACTAAAGTCAGAAAAGATGGAGCAAAAGTAAATAAAATTCAATCAATGTCACCTAACCATCATGCAAACAAAGTTAAAGTCAAGAGTACTGTCAATATATGGATATAAATACATATATAAATTCAGCTCAGCACTAAAACAGGTTCAGCTTCTCCTGCATATTAAGAAAGGCAGAAATCTGGAAATCATCTATGGATATCAACCTCAAATGGAATTAGTTCAACACAAAAGACAAGGACATAAGCACCGGGAAATGGAATCCCCGAGCAACAAAACACACACACACTCCCCAAGCTAGAAAATGAGGAATTTAAAGAATATACTAGTAACACTTTGTGCCCGTGTGTGTATTTTTGGGCTAAAAGATTACATCTTTGTATCAACTATGACCACAACTCAAATTCTTGCTTCAAATATCAAAAATATGACAGGAAAAATAAAGACGTTCACCTAAATCTGATCAAAATAATCACAGCCCATATGAAACGTTGGCTAAAAATATGAAAACATAAAAAAGAAAATCAAAGAAACCTGAAAAACAGAGGGTTCCTTGTACAGAAAATGAGTAATACAAGCTGGGATCTTCAAGAATTCTAGCTCGTCAAATCAAATCGATGGCTGCAATGGGGGAAACTCCTTTAAACTATAGATACTTGATGAACAAGAGATAAGAGAGAATGCAAGAAAGCTAATGTTGTAAAGGGGATTCAGGAGATTCACAAGCCCAAATACACTCACACATGCATGTTTGTCCTTTATCAACTCTCCATCTC,Novogene,,,,,,,,
Mentha x piperita,653 vs 111,,up,20.3,3.1,-,Cluster-67248.142094,DNA binding,GO,TTTGGGAAATTGTCTATTTTTCTTTTTTATATCATTTCTATATGTAGGCCATGATTATTACATATTTGTAGCATTCCACATTTCACTATGCATTCCAATCTAAATTCACAATGTATTTGCTCCAACAAAACTATAAGTGTAACCCTAAACTTTGTCGATCGTTGAACTTTGAGTTCAGCTCGGCTAATGATGGTAACCTGCAGCCGCTACCTACGGTTCTGCTCCACCAAGCCTTGATTTCATCCTCTAGAAAGTCATGGTTGGAGATGTATTGACAAGCAACGGAGGATAGGATGCCTCCGACGTCGACCAAGATAGACTTCTTCAACGTGCAACCAGCGTTCCCTTTGACGTCGCCTGTTATGCAAGCAACGTAGTAACTACTTTCCCCTAGTCCCGCCTCGACGCTTCCAAGTCGCAACCGTAGGAAAAAACCGTTGAGATGGGACGAAGGAACGTTCGAATTCATCCATCTGAGAATGTCGGCACGAGTGAGCCGCAAGTTCCTGATCGCATCGAAAATCTCCGACTTGGCAGCATTATTATTGACATCGGAGGTATCACGTGGCCGGAGGCCTTGATCTTCCCCTCCACAGAGCATCAAACGTCGAGCGCCAAACCTGCTAGTGGGCCCCACGGGACACGAGACCGCCCAATGGTCCGGCTTCGAACACCTAATGCAGAAGCACGAAGATTCTTCAACCCTACTATCAAACGCGCTCGACTTCAACAGAAGGTCCTCGAGCTCCGATTTCGTGATGCCTGAACACCCGCGCACGTCATGGCAACCGCCGCAGAAAAGGCATGTCGAGTATATCCCCTTCTTCAACGACGTAATGTGCTTGAGGGCGTCCAGCCGCCTCGCAAAATCAGACGCCATCGCCATCGCCTCAGAACTAAATCTCTGAGAAGGAAGTATGGTACATAGTTCGTTTACGGACTTCAAGTCCGCAGATTCTTCATTACTATCAAGATCAGCTTTTACGAGGATCTTTTTCCCTTTCTCGGACCTCAGAGTTTTCGTAGAAAGACGAGAAATCCACAAACTGACACGACGATCACTTCTTTCAAGAACACCGCTCGTAGCTAACGGGATATCCGGATATGCTTCTTTTGTAGCTACTATCGTACCTTCATCCAAAGGGTCAGCTTGAATCACCCGATTTTTGCTCTCAGAAGGATCTCGAGATCGATCGTCCTCTTTAATACTAGGAATAGTTTGTTCAGAAGAGTTGCCAAAAATTCTTTCATCGGATTCACGTAGATTTTCGGGAGATCCCTCATCATCCACCTCGTGTTCTCTCGATTCTTCCTCTATGGACTCGACAATCTTTCTCGATTCTCCGCAACACAAAGACTGGAACACGGTTTGGAAACCCATACTTAAGTTCGAGTTTTGTGGTCTGAAGCACATGAAATTCTCATCATACTTTTTGCTCAAGACTCCATTGGAACAAGCAAGAGGCAGAGGGGATAAAGAATCTTCTAAGTTCAAACCCGAAAGGCCGCCCCTCGTCATGTTCGATATCCACTTCATAAACGAGCTATTAGGTTTCGCGTTCGATCCGTGAATCAGCATCTTCGTTCTTTTACTTTCAGTCACCATGTCTTCATCAAATATCTGCCTTTTCACACCCTTCTTACCTAGTGAAGAAAGTCGACTGTTCGAACTATTCGCACTCTCGTGATTGTCGTCTTCGTCGTCCGAAGATCTTCCGTAGATATCTTCATTGGATAATGCTTTCCCTTTCTCCTTTTCTTGATACAAACAAATCTTGCTACTCTCGCATGAGCCTTCGATAGGAAGCGTATTCTTTATCGGGAGCTCTGGTCCTACTAAACTGCATTCGTCTTTCTCAGTCAGACGGCACAGCTCGTTTTCAACAGACGACTCCAGTTTCTTCGACGGGGCAGCAATTTCTTCCCTCGATTCAGAAATAACGACGTTTCGCTCAAGAATAGCATCTTGTTTATCAGCTTCCTCCTCCAGTTCCCTATCAATCTCCAATCCGTCTGCATCCTTAAGAACCGTTGCCTTTTCAATAATTATCTCATTAGCATCCAGCACCATCTGAGATACAGTCAAGTTCCCCTGGTCGACAACAGGCTTTAGTCCCACATTCCAGAGTAGAAACGGTTTTCGATTGTCATCTGCTCGAAAATTAGCACATTTCACACCCACACCGTTCTTAGGCGACCAAACTAATTCGGACAGGGGATCGCACGTTGCAAAAGCCCGATTCACCTTTGAGCCTGCATTTACACCTGCACCTGATGAAGTGCTAAGCAGTTTTGCTCGGATTCTCGGTTCGTGTTCGGAGTCAACGTCCTTGTCCTCTATATTCATCATTTATTATCTCTCAGAATTTCCGATGGTCCCCATAGCGACAGGCAGCTGTAGCTCGTCATGTTACAAGAAATGCGAGATTTCATTCCATCAATGGCGGAGCTACCTCCACGTACACTTTCTTGCATGTTCCTACTATACTCTATAAT,Novogene,,,,,,,,
Mentha x piperita,653 vs 111,,up,23.3,2.4,P2C14_ARATH,Cluster-67248.87571,catalytic activity,GO,CTCGAATTCATCCCAACGGCGCGGACAGAAATATTCAAAATTCCAACTTCCCACAAACCTTTGACATTGACCCCATCAAGAAAACAACCTTATTTTCTACCAAAGCAGATTTCTTGTTGCGTCTCACTTTGACCCACAACCCATAATCTCTACATACACTTCTGTTCTTCCTTTCTTAGTTATATCTTTCTATCTATGGCAAATGATAATGATTCGAGTTCAAGATTCCATGAAGCTTCCTCCAAGAGTATGAATGGAGGTGGGATTCTTGGAGGGCAAAATGGGCTTGCTTCTTCTTCGTCTTTGAAGAGGAAGAGACCGCCCAAGATCTGTATCCCAAATGTTCTGCGTGAAATTTCTGCTGATATTTCCAAGGGGAAGAAGGGTGATGGTGGTGTGTGCTTCTCTGCTTGTGGGGTCGGAGTTTTTTCTATCAAGGGCAAGAAAAAGTTTATGGAAGACGCCCACAAGATTTTCCATTCTTCAAATGGTAGTAAGGATTTTTATGGGGTGTATGATGGGCATGGGGGGAGCAAAGCTGCAGAGTTTGTGGCAGAGAATCTGCATCTCAAGATTCTTGAAATGTTGGAAACATTTCCTGGAAAAGAAAAGCTAAAGGCTATTAGGGAAGGCTATTTGAAAACTGATGAGGAGTTCTTGAAACAGGGGTTGGGTAGTGGGGTTTGCTGTGTGACTGCGTTGATCCAAGGAAAAGAGATGGTAATTTCGAACTTAGGTGACTGCAGAGCAGTTGTGTGCAGAGATGGGATTGCAGAAGCCATTACAACTGATCACAAACCAGAGAGAGAGGACGAGAGAAGAAGAATAGAGGATAAAGGAGGATATTTGGAAATTCATCGTGGAACTTGGAGAGTTCAAGGTACGCTCGCTGTTTCAAGAAGCATAGGAGATGCTCATTTGAAAGAGTGGGTAATGGCTGAGCCAGATACCAAGGTCATAAACTTAACAAAGGATATGGAATACCTTATCCTAGCTTCGGATGGGATTTGGGATGTGATTAGCAATCAAGAAGCTATGGATATTGTTATGCAGTCAAGTTCAAGGGACAAGAAACTCAAGGGATCTTCTCCAGCTAAAAAGGGTTGTGTTTATCACTGTGCAAGTGTGAGTCCATCATCACATTCACCACGATCAAAAAGAATATTCCACTCGAAGATCGAAGATGGAGACGATCCTTCTGCATCAAGAATTTCATTAGCAACAACGGCAGTGAAGGTAAGGACTCAGTTCCTCAACAACGAGAATGATGATGTATTGGGTGAAAAATCGAGTAATACTGGGATTCTCAGTGCGTGCAAGGAGCTTGTGAATCTTGCTGTGGCTAGGGGTAGTTTGGATGACATTACAGTCATGATAGTTGATTTAGATCGTTATAAATGAATTAAGGCTAACAGTTGTCATTTCAATGTTGTTTAGCATCTTATTTTCTTCTCAATAGCAGATTTTTCTTTTTTTCTAAGTTCACCTTGAAGACTAAAATACTTGAGGCTTTCACATGCTCAATGCTGATAGCTACACGATTGCTGCTACACGAGTTTCAGCTCGATTCCTAATGCCTTTGGCAAGCCTTTGTCAAAGAAACCGGAGGATCTGAATAAGCACCACTCACAATCTGATCGAAAATCCATTTATTAGCAGCCTGAGTGAAATGTACTCCATCCCAAACTACCGCGACTGATGGATCTTTGCATGATTTCCCTACCAAGATTTCTTTTCCTTTCACTTTGATTTTGCTCCCACACCCAAAATGCAAGTCGTAGTTGTATTTTCCTCCATGCCCACAGCAAGAACGCAAAGGATGCACGAAGCCATGCTTCTTAGCGTGGCTGAAAAGCTCGTACTTGAGTGAGTAAACATCGACATATGTTAAGGCTGCTGAGGGCAAGTCCTTCCTCAGCTCAGCAACAGCTTCCTTCAATTTAAGGTTGAAGTATTTAGCAACTTCATTAAATGGAATTGCACATCCAACCTTATCTATTTGCTCGGGTGAAACAGGTACTCGTTCGAAGACATAAGCCAAACAACCTACTGGACCCGTGTTGTGTATCCAGAATGACCTTCCTCCAAGATGGTGTATATTCTGCTGTTAAATCATTCTGTCCGATGTCAAATGTGTACAAGGCACGCGAAAACACTCGTGCCTTAGGTAGCAGGCTCTTAAAAACACCC,Novogene,,,,,,,,
Mentha x piperita,653 vs 111,,up,24.2,2.3,PSL4_ARATH,Cluster-67248.132953,"hydrolase activity, acting on acid anhydrides, in phosphorus-containing anhydrides//protein binding//zinc ion binding//nucleic acid binding//unfolded protein binding",GO,AATTCCTGTCGACTCTCCCTAAAGCTAGCTAGGCGCGGAAGGAGGGTTTATGACGTATCCATTAATACGACGTCGTGTAGCTACTTCCAAAGCCCAAATCCCTAGCTCTGCACTTCTAATTGCTCATGCTGCAATCGATTCAAGAAGCCATTACAATTTTTTCAGAAGATGAGAACCAGAATTTCGCAAAGCATAATGCTGTTAGGTTTCGCCATTATTCTGTTAATACACTGCATCACCAGATCGGCCGCATCCCTTCCCCCAGCTGACTCATTCTTCGGAGTGTCCCCTGAAGATGAGAGTTATTACAAGGGGATGTTGTCATCGAGTGCGATTAAGTGCAAAGATGGATCAAAGAAATTCAACAAATCCCAATTCAACGACGACTTTTGTGACTGCCCTGATGGTTCTGATGAGCCCGGAACATCAGCTTGCCCCAATGGAAAGTTCTACTGCAAGAATGCTGGACATGCTCCTATCGTCTTATATTCTTCCAGGGTCAATGATGGTATCTGCGATTGCTGTGATGGGAGTGATGAGTATGATGGGAATACTAAGTGCCCCAATACATGCTGGGAAGCTGGAAAAGTAGCAAGAGAAAAGTTGAGGAAAAAAATTTCCACATACCAGGAAGGTGTCACTATACGCAGGCAGGAAATTGAGAAAGCAAAGCTGACCATATCCAAGGAGGAAGCTGAACTAGAGAAGCTAAAAGCTGAAGAAAAGATACTCAAGGGATTGGTCGAAAAGCTCAAGGGTACATTTTCTTTCTTTTGTGGTGGCTCGAAAGCATGCCCCACTTTCTCCGATCCCACCCCAACCCCACCAAAACAAACCTGAAAACTATGCTGTGTGATTTGCTACCTCTTATTCTTTAATCTGTGTTTGATGTAAGTTAATATAGTGATATAAACATACATAAGTAGTCCTTGATGTTTCTACACAATTATAGAAGACTCTATTTTATATGCATGCAAATATCTGAATGCAATTTTCATTTCATATGTGGTATTTTTTTTATCCCATCCTGATGAGCTTGCTTGGAGAGCAGTAATAGAGTAAGCTACTAAAACTCAATAATGGCTTAAAAAACGTGCCAGAATTCTAGTTCACCTTCTTAAGTTGTTGAGAAGACTCTGTGAGGGAGCCTGTTAAGTTTCAGTTCATTAAAGTGTCAAGCTCCTCACCAATTTTTTACTTTCTTTTACTAACATATTTGTACCTTTATTGAAGCTTTTGGGTCAATTTTTTTATCCTCCAGTGTGATGCATATTCTGTTCTGAAAGATGTATCCCATTATTTATTTATAATTTTACCTGCTTTCTGCTATGCTTTTGTCAAGAGCGCAAGGAACAGATAGAAAAGGCTGAGGAGCAAGAGCGGCTTCAGAAAGAAAAAGAAGAGAAGGAAAAGAGGGAAAAGAAACTCCAGGCCAAGAAAAATAAGATGAAGGTTGATGGTAGCAGCAGTAAGAAGAAGAAGGGTGGAAGTGGGTTTCAAGTAGGAAAGAAAAGGTTGAAAACGAAGATGACACCATTGGCGAAAGCTAAAGCTGCACAGGCAATGGAGGTCGACAAATGAGCTTGCTGTAAGATGGATTATATAGGAAATTGTTGAATCTCATTGTTTGTAGCTGGTTTAAGTTCGAACGGTTTCTAATCAATTGCTTAAGCTTTTGTGTTATTTAAGTTCAATTTTGGTCCGAGTTTCACGCTAAGTAATCTTTGGTGTCCCATATTAATGGATTTCTACAGAATGAAGTATGACTACTCATTGATGCCTGTGATTATTGTGTGACAAATCTTTATGGTTTCAGGCAGTTCCACTGAGAATATGAAATCCCACCTCATTCTTGACTCAGTTTTTAAGTTATTATTATAATGCCCCTTTCCAACGTTGTATGTTTCTTCTGTAACGAATGATCAGCTTATGAATTAGAACTGCATGAAGTTAAGCCCTTTGCTGTTGTAGAACTAAATTGAGTCTGAATTTGCATATTGGATCGAGGGCAATAGATAGGCAGTTTGTGTGTGCAACAGTTTAAATAACCCAAGCTGATGTTTTCTTTCTCAGTTTTATATAGCAACCTTAGTAGTGCCATTTATATCAAGTAACTCGGATGTACAGATGTAGTATCTATGCTGCCTTTCAGTTTCAGAGGTGGTTTCGTCTATCTATGAGTGCCATTCATCAATGTTAATTAGACACGGTTTTGTTGTTTGCGTACCATCATGTTTTTGGAGTAATTTGTTGGCAACCCTCATGTCATCATAGGATTTTCGAC,Novogene,,,,,,,,
Mentha x piperita,653 vs 111,,up,30.3,2,-,Cluster-67248.88523,NA,NA,ATGATTAAAGAAGTTATGAATCAGGTTCGTGGAGATGTTTCCCTTCCTTTTCTGAGCTATCATGTAGAGCTATGCATGTGCATTTATTAATGTTTGACAGGAACTATTTCCACTAAATGAGTATGTGCAGTTGCTTATTGATGTTTTTGCTTGTTGTGCCCATTCTGAACTGAGTTACATAGAATCCTTCTGTTAATCTTTGTTGTGCCCACTACAGTCTTGAAGATTAGTATGCCTGCTCAGTATATCTCTTTTGACATGGATTCTCTCTATTTTATTATTAGAATGATTCATCAATAATCATTTTAGTCATGAGTTCTCTATTGTTTTTTGTGCAATTCAAAGATAAAGGCCTTGATTACAGGTTCTAGTGTGATCTACTTTCTTGAACCCTCCCGGTTGCTTCCTTTTCCTTCAAAAAATATTCCTCTGCAAATATGAGTTACTTTCTATTGCTGGCAGACTTTAACTTGTGTGGATGACAATTTAGCAGTAAGGTATTTGGTTATAGGATATACATGGTGCCCATATGTTTTGGTCTAAACATCTGCTTAGCAGAATTTTCTATGTTACGTGGATTTAAATGAATTCTGATGTTATGCCACATTGATACTTTTCTAGATATAATGTATGGGGTTATTTGGGTTGGTTCCTTGGATTGATAATAAATTTCATATATTGGGCATCAAAGCAAGCGGCAGATGGTACCATTGGATCCTCTTAACTTTAACTGTGAGGGTTTTCATGTGATTTCAACTGATTCCTTCTATAAGTAGAGATAATCTCATGATGACATCGTGGACTGGGAATTTATTACGAAGTACCACTTTAAGCATGCCTAGCAAGATCTTTTGAATGCTGCCAGGAAAAACTTAAATTCAAAATAAGATTTCGGTTGCCATGATTTATCTGTCTTGAAGGTGCCAATTTTTCGAATTGGTTGACTTAAAAATGCAGATTTGGCTTTTCCTTTCACTTCCAGTTCGCATTGCCTTCTTGGTGTATCAATAACAACCACTATTCTCTTGCGTCACCAGAAGAGAGGTACCAAGCATTAAACCTCGACATTGCAGGATGTTATTAGTTGGTAAGATTGCTTTGAGACTTAGAAGCTGATAATAATTATACTACTAGTGAGGCTATGTGGTATGCCTGATATATTTTTGAGACGTATTGGAAAACGGTGCCTCACATAGTGAAATTATTTTCATGAAGTAGCGTGGATATATTTAATTAATCTAATTCCACTCGGTATATTGGAGAATATGGTAGTTGTCATTCTTATATATGCTTTTTTGGTGATTCGTGGTCATCTTGAAATAAACTAGGTTGAATATTTAGAACTATCATTTACTTTACATAATGCCGGATTTATTTCTAATTTCTTAGCAAAGGTTGGTTGCTGTTCTACACATTTTGTAGTGAATAGTCTGTCTATTTGTGCATTGGATCCATTGTTAGAATTAGTTGTTCCCTTGAAGAAAACTTTCTTGTTGTTAATGGTGCATCACATAGTTGTCTTCTTCAAGATTCAGCAATTGCCTTGGCGTATTCTGAAAAAAGGTATATCTGGAGACTTCTATAACCAAAGCACTTGTGGGTGATAAATGAGGAAAGAAGTGCCAAGTTGCATACATGCTGCAAAGGTTTAGATTGGTTTTTGCTCATAAATGAAACTTCTTTTTTCCCCTTAAATCGTTGCTTAGTTTCACTTGTTGACCACATCTCATTGATGCGCATTTTCTTTTCCTCATGTATATTTGTTCATGATTTTATTGCTTTTTTCCTGAATATATCGACTCACTTTCATATCTTTGCATCTCTGTCTCGTTAGTAGTTTAAACTATGATATGATTGTTAATGTGTTACTATATTCAAATTCATGCTATAACAGAGTACTGTATGTTCTTTGATTGATTATTTGTCATTTGTTCTTGTTAAATTATCCTCATTTTCTCTTAGACGTGAATTATCAGCAATTGCTGCATGTATCTACCATTTTTTAGGCCGATATTCTACATTGTGGTGTCTTTATTTAATTCTACTTATTTATTTATTCTCACTCAATTTCTTTCATAGACCATAAGACCATCACCTCTCTCTGGAG,Novogene,,,,,,,,
Mentha x piperita,653 vs 111,,down,9.7,-1.8,-,Cluster-67248.148461,NA,NA,AGATCTTCAAGCACATTCCGGGATGAAAAGATGGGCGGTAGCTCTGAAGATGGCACTCATTGCCTAATACCTTGGCAGCCAGGATCACAGTCTACTCAAGAATCTAGTCAGGCGTCCGCAGATCCTGTACTGCTGAAGATGAGAGTTGAGTCTTCTTCAGCAGTATCATGCAGTGGAACATATGAGAATTCAAATAGTGTTCTACACATAAGCAGTAACAGCTCAGAGTTGGAGGACAGTCAGGACCCTTTTGCATTTGATGTGGGTAAGTTTGAGCCATCAAAGTGGGATATACTATCTGGGACTGGAACTGGAAGGGTGCAGCGATCTCTTGGGTGTGATAATTGCGGAATAGTAAGGGAAAATGAAGACTTTCATCACTCTGCCTTGATGTTCAGCCAACAAGAGTCGAGCAACATGGAGATTCCTCATTCAGAGGATGCTTCATGTTCTACTACTGGTGACGAAGAAATGTCCAGCCTTCTATTAGATTGTCTTATCACGGCAGTTAAGGTTCTTATGAACTTGGCTAATGACAATCGAGAGGGCTGTCAGCAAATTGCAAAACGTGGGGGCTTGGAAATCTTATCTTCTCTCATTGCTGGTCATTTCCCATCATTTAGCTTATGTATGTCACACTCTGATAAGGCAAGAGAGAGTAGTTCTTCGTCTAAATCAAGTCCCAGGAACGACCTACCAAGCAATACAGATTTCACTGATCAGGAGCTCGACTTTCTTGTTGCTATTCTGGGTTTGCTTGTGAATATGGTAGAGAAGGACGAGCGTAACAGATCTCGACTTGCGTCAGTTACTGTTTCATTACCCAGTGTCCATAGTTTAGACATGGAAGACGAAAGGGATGTGATTTCTCTTCTGTGTGCAATCTTTGTGGCTAATCATGGAGCTGGTGAGGCTGCAGGAGAGGAAAAGTGTTTCTCATTGGAGGATGAAGAATCCATGTTACAGGGAGCGAAAGAAGCTGAGAAAATGATTGTAGAAGCTTATTCAGCTCTTCTTCTAGCATTCCTTTCAACCGAAAGTAAGAGCATACGTCGCGCCATTGCTGAATGTCTTCCCAACCAGAAGTTGTCAGTAGTCGTTCCTGTGCTGGAGAGATTTGTGGAATTTCATCTGACGATGAACATGATCTCATCGGAGACGCATACTGCTGTTCTTGAAGTGATCGAATCGTGTAGGATTCCATGATGAGAGCAGATTTTTGTACAGAAATGGGTGATTCTAATCTGGATGTGTTACCCTCCTCTTTTTTTTTTCCCTTTCTTGGGCTATTTTGTATTTTTTCATTATAGTATACATATACA,Novogene,,,,,,,,
Mentha x piperita,653 vs 111,,down,15,-2.2,SBT16_ARATH,Cluster-67248.75344,hypothetical protein PHAVU_011G034700g [Phaseolus vulgaris]>gi|561004701|gb|ESW03695.1| hypothetical protein PHAVU_011G034700g [Phaseolus vulgaris],,CACCAATTGCTATGCCATCAAGTCTGACCTGTTCCCCCATCAATTCCTCCATTAGGCAACAGTACCACTCCATCCAACATCGCCCAGTACCAGTTCATCAAAAGGATTCCGACCCTCCTTCAAATTCGACCACCAGCAAAGTTTGTCGCCGTCGGCTTTCTTTCTGTGAGAAAAATATCACGCTTGAATCGAGGAATATGTTAAAACAAGAAAACATTAGGAAACACTTGACCAGAATATGTGGAAACCTTCTTTTGTTCCCACAAGCTTTTCCTGTCTTAGTCTTGAAGTACTCTTTGTAGCTGTAAATCTTAATCAAGCCACTTGTATATTCTTTTTCTTTTTTTAGCTTTCTTGGAATTATTTAGCCCCTCTAAATGCAATTTTGTATAGTAAAGTGACAAGTGACATTCACTTTTCCTTTGCTTTTTTTGTTTTTTTTTTGTGCTGCAATTTATAAAGTTCTATTTATTTTCCGATTATCGTTGGGTTTGAGGTTTAGGAATGTAGTTTGTTACTTACAGAATAGGACGAGATCGGTTATAGGCATTTTGACTTGGGAAAAGTAGCAAAAAAAAACCCAAGGGTGTCACCCCTAGGGCACATATCACCCCAATGTTAAGTTGGGGGCAAATACCACCCCAAGGTACAATAAGTTGAGCCCGTGTACCCCTCATTTAACATCCTCCGTTTGTTGCTGGTAATATTTTGTTTTTGTTTTTTTTTAATTTTGTGTGGGCCCATGTTTATTCGAAGCGGGAGAAGACAGGGAGATAAATAGATGTATATGATCAGATGCTGAAAATTCCCCCACGCTATGCCGGCGGCATAGCCCTCCATGCTAGCTTTGAAAACGTATCTTCCTTCCGGCGGCGCTGTAATCAGATTCCGAACATAGGCCGCGCTGGTTGCGCAGGCCAAGAAATTGTGGAGAGCGAGTGGTGTGAAGGTGGCGTCGGCGGTCTTCGAAGGTGTTAAGGATGGAGGGGTGGCGGCGAATGGCAGCGAGTTGGGAGGGAGTAAGAAGGGTGGAGAAGCC,Novogene,,,,,,,,
Mentha x piperita,653 vs 111,,down,24.4,-2.5,C3H53_ORYSJ,Cluster-67248.76854,RNA binding//nucleic acid binding//poly(A)-specific ribonuclease activity//metal ion binding,GO,TGAGCAATGATAATTAGAACCAATTTATTACATTTGAATATACATCGTACATGCATGTGTACATGTTATATCTCTATCCTATAATAACACCAAAAATAAAACTAATACTAGTAAAAAGAAAAGGTGAGGAAGAAGAGAATTTTCCTAATTTGAGATCTTCATTTCTTTTCTTTACCTCATAATATACATGGTATTAGTACAATATTACAATGATATCACAAGGCACTACTCTGCCCTTTTTCTTCACTTTGTTACCTAATAAAATAACCCTTATAATTATGGGAAAGCCATCAATGGTGAGCAAGGAAAGAAAATTACAGCCCCTGATGACTAATATTCTCTTTTTTTTTTACTATTCACTATTTTCTTCTTCTTCTTTAAACCTGTGGCTGTGGTCCAACAAATTTCAACTACAGATGTGAAAGGTGATTAACAGTACAACAACAATGGAGAGAGAAAATGGATGGCTGACCCACTCTTCTTTACTGCCTTTTTTTATGAACACAACTTGTATGGTTGTAATAGTAAGTAGTATTAGTATTGAACACTAATCCTGCTTCTGGTGAGAGACATTAATGGCGGACGGAGGAGCTTCTAATCGAAGGCGGAAGTGAGGCGGAGGTGGTGTCGATCTTCGGCCTTATCGGAAAAAACGCACACAACTAACCTTTCATTAAGGGTGGTTAGGAAGGCCGACAAGGGATCTAGACCTACATTCCGATGGTCTCGTGACCGGAGGCAAACCTACATCGATAGTACGAGACGAGTCGTAATTAATGCTGCTTTCGATTAATTAAGGAGCAAACAATGATATTTAGACATAAGCAGAAATGGAAGTGATACCTAGGAACTTGGAAGTAACAAGAGGTAGGAAATAATGATGGGCCAGTGATCAAATTATTGTTAGTAGAAATTGCAGTACTGCCCTTTTCCGATGAGTCGGAGAAGGCGGTGACAGAGTCACCGGCTGCCTTCGGGGAAGCGAAGGGACTATCCGGAAGGTTATGCTCCAAACCTTGTTGAAAAACACTTTCTTTAGGGGGGCTGCTGTTGCCATTGCTCGTCTCGTCTTCCTCTTTTGCGATTGAATTTGTAGCCAGGCGCACATCATGATTCGCTGTTGTCCCAATCATGCCATTTTCTTCTCTAGCTTCTGGGCTGCTGCGGTTGCTGGGAACGACATTCTGGCTGAAGAAAGTCGGAGGGAAACTCGTGGGCGATGAAATGGCTGCACCACTCGAGAGAGTACGGTGGTGGCTGTTCCTCTTAACATCGAGAAGCTGAAGGCCCATAAGCCTCCGATTCTGTAGCTCGAGTGCTTGCTGAAGATCAGCTTGCTCCTCCAATTTTCTCCTCCACAACATGTCTTGAGGGCTATAGAACATCCTAGCACCGAGTTGGAGATCATAAGGATCTCTCGACTCTAGCCCCGCGAACTCCCCTCTCTCCATCTGCTGTTTCCTATGCTTGTCTGGGATTTTGCCCTTCTCTTTGTAGGGCTTAACTAGCACACGAGCATCGCACACGAAATGAGGATTGCCCTTGGCAAGGATGAGCTTCACGGTGTCCGGGAAGTCGAAAGTGACGAAACCGAACATCCTCTTCTGCTGGTATGGGATCCTCACATCTTGAACTGGACCAAAGTTACTAAAATAATTGGACACGTCCTCTTCCTTGAAGGTACTATCAGCAGGGAAAGTCAAGTAAATCTGCCTCGAACCAGGATTCAAACCATTCATCCCAAAATCTCCCCTTTCGTGGCGGCCTCGCCCGAATTTGTGCATTCCGTCCCCCATCATCAAAGATCTGGGGCTGTCAGGTGGGAGCTGCTGCTGCTGCTGTTGCTGTTGCTGCTGTTGGAGAAGACGGTGTTGTCTTTCTTTAGCCAAGCGAATTGCATAGGCTTGTTGTTGGGGATTCAGGGCATGATTAGTTGACTCTTGAAAATGAGGATGATGACTATGGACTTGAGGCTGCTGAGGTGATATTGGATGGGAGGGCTGATGATGGAGAGGGTACGCGGACACAGGTGGAGATGCGGTCTGGTTAGGGAAAGGTGAACTTAGCCCACCAAAGTGAGGCACTTGGCTGTTTCCTGGTGAGGCCTGCATCTGAAGATCGGACGGCATCATTTGCCTCTGTGAATCCTGACTCAGGCCAGGCCGCATCATATGCATGGGTTCCCGAGGCCTCAAAGCTGAACTTCCTTGACCAGAGCCTACTCCAGAGTGCATATTTGGTGATGACAAAGCAGGGGAAACCATACTTCCAGAATTAACCACAGATGATGAAGCAATGCCTTGGAACCCAGGCCTTGACATTGGCATGCTTCTATTAACATTACCAGGTAAACCCATGCCATTGCCATCAGAAAGCATACGGACACCACGATCGGTTCCTGGAAGAGCTCCAGAATTA,Novogene,,,,,,,,
Mentha x piperita,653 vs 111,,down,18.6,-2.7,EGL1_ARATH,Cluster-67248.112206,protein dimerization activity,GO,CAAGTATTGATACTTTGTCAACCTGCAGAATCAAAAGTTTGAAAAAATCTTCCTACAAACAGCTAAATAATATGAACAATCCTAACATAGGAAATAGATAATATATAGAAAACACCATTCAAGAGAAGCATGATTGTATATATAAGAAAGTACGATCTAAGAGAACCGACCAGTTGTTCTCCTATAATAGGGGTATTAAATGGAGGCTAATCTGAATTCTGAAGAGCAAAGATTTGGCTACCTTTCCACCAGATGGAACTAGTGACGTAAGAATCGCGAATCTCTCACTTATTTTCTCTCTCCGTTTCCTCTCGGACAAGACGTGGTTTCTGTCGACTTCCTCAGCTTCTTGTTTCTCAGAATGGTCATTATCACATTTCTCCTTGTCCGTAACAGATTCAGTCCTTGCATTTTCGTGCATCTTAGCTACTTCGAACAGCACTTTCTTTATTAACCTTTGTGGGGACGAACTCTGAGGCAATCGAGGGCTCGATTTTCTCTCTTTCCAATTGACAAAGCTCGATTCTCTCTTACCATTTCTGTAAGGTCCCAGAATGAGCTGGTGGGAGCTCTTCAAAAGGCTCGAAAGCACACTGTGGTAATGAACATCGCCTCCATTGAAGCCGGGAGATTTCTGCTCATTGCATTCAAGAATCTTCTTTCCATCGAATTGTTGGACTGCCCCCTCGGGATTTACTCGAGTTTGAGATACGCAATCACTAGAGCTCGTGGAATTGTTCATGCCATTGCTGACTACGTCGTCCTTTAACTGCCAGCTCAGCAATTGAGACGCCTCTCCATCAACGTCGTCCGCTAAATTTGATTCCTCCCTCAGTACATTGTCTGCAAAATTATCCGAACTGGTTTCTGGAGAAGATACTTCCACTTCATCAAGATTGTTTTCGGGGGTATTGGAGTGATTGATCACTCGATAAACAAGATCATGGTTCGGATTGATGACTGTATCAGAAGAAGTCTCCAAGAAGTGCGTTTTTATATGGTGAATCAGACTCCGATCCTCTGGAACTAGTTCAGTTGTTCCCAGCTCGACTACACCTCCCAAATGAGGAAAGCAAACTACAGTCTGTAGAGATGCACTCTTGGCAAGCAAAGAACGAGAGAAGAGCTTTGTGTCAGCTAGATGAGCATTCCGTAGCCAGATTGTTTCGTTTTCTGCAAAACACCTTCCTGGCAACCCTTGGCCGACATTGAAGACGAAGGACATGCACACCAAAAAGTACCACTCAGTATCAGTGAGATCTTCAGGGGATAATGCAGCTGTAGGCCTTTTAGGTTGTGGGGTGGTTTCACCTAATGAGAGAGATCCAAACAACTCTCTTAGCTGATCGCTCCTCTGCAATCCCAGCGGATCCGAATTCGATTCCACTGCTTGAACTGTTTTTCTAGTCTTGATATCTCCATTGTAGTACCCTTCACTCCACCCCAACGCCCCAGATTGTTTAGCAGAAAATGACCAAAAAATGGCATAGCTCCATTGGGTGCTTCTAACAGCAAGAGCGAGCTGCTTTCTTAGATTATCAGTAACACTAACACCCTTTTGATTTGCAGTCGCCATTCTTGAAACTCTGACCCCTTTTTCTTCTTCAGTTCTGCCTACAATAGCGATTAATATACAGGGAACGAAATTGAAATATTATAATATGCGAGTATGAAAACTTTGGAGCCGACCATGACCATCTCTCGCTGAGGTAGGTTGA,Novogene,,,,,,,,
Mentha x piperita,653 vs 111,,down,90.7,-4,ARP3_ARATH,Cluster-67248.121974,--,GO,GGACCATCAATTTTCGTCCGTCGATTTTCATACTATTAAAATTCAGAATTTACATAATTAATACAAACAAATTTGAAACTAAAAAAATTCTGAGTACCATGCCATTGATTGGTAAGAAGAATATTACAACGTGAAGAATGTAATCAATTTTCAAGGAATATCTACGGTCACAAATTCATCTAAACTAGAAGAAAATCTTCAACCTGAGCTCAACTCCAGTCATTGCATATAAGAATCCAGTTTGATCAATCTTTATGTATTTTACTAATACATTCCCTTGAAAACTGGGTTTGTGCGACATATGCTCGCTCCACATTCCTCGTACTCTGCCTTTGTACGGCAAACTGTAAAAAACTCGGGCGTGGAAGCAAGTACCGAGCCTCCAAACCAAACTGCATATCTTTGAATCGGGTGGCTAACAACATTTACTTCCACAGGTTGTGACTTTGTTTCTCCGACAAGCCTAGCATCGGATGCAAGACCTCGAGCATCAACAATCTTCTTTAGATCCCTTTGTAACCTCCGGTTAAAGTCCTTGAACATGGTTGATCCTCCAGACAATACGACGTTCTTATACAAGGCCCTTCTTGTATCGATTGGTGCAGACTGAATACATTTATCGATAACATCAGGGAGAGGGGTGGCGAAATCACTAGTGTATATTTCAGGGTTGAAGAAGACCTCAGGCCCAAGAAACCTTTCATAGCCTATATCACAAGAATATGGAGCCCCAGTCTTGGGCTTGGTACCTCTCCACTGCTTGATGTATTTTGCAGGCTCTTTATCGTGTTTATTGAACTCCTTAACAATGTCTGAACAAGTGTAACAATACATTTCCTTCACTCTCCGGGCTACGTCAAAGGCATCCTCAGGTGGAATATGCTCTCCTCTTTCTCTCATGAGCTGCTGGATGAATCGAGTCACGTCTCTCCCTGCGATTGGAATGGACTTAATGCTGCTCCCGATTACGTAACCATCTGCAACAGGTACAATATGAGTAGCCCCATCTCCTACGTCCACTACAACTCCTGTCATCTCACACTAAGAAAAGTATTCAAGAATAAGAAAACACAAAAGTTTATGAAATAACTACTTGATTTTGTGGTATATTATACAAAGACCATGCTATTGTCCCACATGTGGTTCATCATGCTTCATTAAATTTGTCGAGCTAACTATTCAATCGCTGTTACAAGTGTGTAACAGAAGTGGAGTCAGCCTGAAAAGAAGAACACAAATTTTCCCAAATTCAACATTACATATTACTCTTGGCAATTATCTACCCTCTTACCACAATCACCTATATTAATGATTCATCTTGATAGTTCAAGGATAACCACATGATCTGGTATAGCATGATTCTCTCTATACAGCTATTACAACGACCAAAGAAAACCCTCCATTAATCGAAATTCGAAGCCAATAGATGAAGATTCAGACAAACTACTGATAATCTCCACAAAGACTTCACTATATAAATCATATAATCAAACAGCTCACTACAAATGTCAACACAAATTCAACCTCCATTCTTGAAATATCAACATGCTGAGGCTTCATTCATAACAAGTTACTAATAATTCCACAAAACCAATCCCAAAATAGTAAGGTTCCAAAACTGCCATTAGCACCAAC,Novogene,,,,,,,,
,,,,,,,,,,,,,,,,,,,
Mentha x piperita,653 vs 111,,down,12.7,-3.2,-,mRNA_8458,NA,NA,ATGGCAATCTTCCCCGTCACACCAGACCAGAACACAAACGAAGAACCCGTTGACCGCACCCTTCCCGATTACACCGGCCCCGAACTCAGTGAGAAGACCTTTGAGCTTCAAGTCGTCTCAGGATCCGCGCCACCGCCGCCGGCACAGCAACAGCAACAGCAACAGACAGCCTCCGCCCCACGTTCGGTCCCGCGCTCTGTCCCTACCACCGGCTCCTATCTCGTCCAGCCGCCCCCGTACTATCCGGCAAACGGCAAGCCCACCAAAGGCTTTCACCCATCTCCTTCAGTCCCCCAACCGAAGCCGCTCCGCCTCGTTCGCCTCTCGCGCAAACGAAAGCCGCCCGTTCTCTACGAGTCCTCAACAAGGACCTTCATCCAGTCTCTGACGACCCTCACCTTCTCCCAACCCAAGACTCCGCGCTCTCCTCCGCCCTCCTACCACGACGACGCAGACCGCGGCAACGTTCAAGTCCATCACCCGACGCTCCGCAAACGCCCAGCCCCAAACATGGCCTCCGTCAACCCCACCATGCCCAAGGTATCCACCTCCTCGCCCCCCCTGCCCCCCTCCGGCCTCTTCCAAGCCGGCGCGGGCGGCGGAAGCCGTCCCGCGGCCTCCTCCAAGGAGGACCTCCTCGCTGACCTCCGCCGGCAGCTCGACGACTCGCGCGGTCGCCGCCGCCGCCGCTCGCGCAACAACAACAAGGCCCTCGCCGCCAAGGGGCAGGCCGGCCTCGAGGGCCCGGGCATCCTGCCGCGCCTGGCCGAGACGAAGCCCGTCAGGCTGCAGCTGGGGCTGAACTTGGATGTCGAGCTGGAGCTGAAGGCGAGGTTGCAGGGAGATGTCAGCCTGACGCTTCTGTGA,Novogene,Verticillium dahliae,,,,,,,
,,,,,,,,,,,,,,,,,,,
,,,,,,,,,,,,,,,,,,,
,,,,,,,,,,,,,,,,,,,
,,,,,,,,,,,,,,,,,,,
,,,,,,,,,,,,,,,,,,,
,,,,,,,,,,,,,,,,,,,
,,,,,,,,,,,,,,,,,,,
,,,,,,,,,,,,,,,,,,,
,,,,,,,,,,,,,,,,,,,
,,,,,,,,,,,,,,,,,,,
,,,,,,,,,,,,,,,,,,,
,,,,,,,,,,,,,,,,,,,
,,,,,,,,,,,,,,,,,,,
,,,,,,,,,,,,,,,,,,,
,,,,,,,,,,,,,,,,,,,
,,,,,,,,,,,,,,,,,,,
,,,,,,,,,,,,,,,,,,,
,,,,,,,,,,,,,,,,,,,
,,,,,,,,,,,,,,,,,,,
,,,,,,,,,,,,,,,,,,,
,,,,,,,,,,,,,,,,,,,
,,,,,,,,,,,,,,,,,,,
,,,,,,,,,,,,,,,,,,,
,,,,,,,,,,,,,,,,,,,
,,,,,,,,,,,,,,,,,,,
,,,,,,,,,,,,,,,,,,,
,,,,,,,,,,,,,,,,,,,
,,,,,,,,,,,,,,,,,,,
,,,,,,,,,,,,,,,,,,,
,,,,,,,,,,,,,,,,,,,
,,,,,,,,,,,,,,,,,,,
,,,,,,,,,,,,,,,,,,,
,,,,,,,,,,,,,,,,,,,
,,,,,,,,,,,,,,,,,,,
,,,,,,,,,,,,,,,,,,,
,,,,,,,,,,,,,,,,,,,
,,,,,,,,,,,,,,,,,,,
,,,,,,,,,,,,,,,,,,,
,,,,,,,,,,,,,,,,,,,
,,,,,,,,,,,,,,,,,,,
,,,,,,,,,,,,,,,,,,,
,,,,,,,,,,,,,,,,,,,
,,,,,,,,,,,,,,,,,,,
,,,,,,,,,,,,,,,,,,,
,,,,,,,,,,,,,,,,,,,
,,,,,,,,,,,,,,,,,,,
,,,,,,,,,,,,,,,,,,,
,,,,,,,,,,,,,,,,,,,
,,,,,,,,,,,,,,,,,,,
,,,,,,,,,,,,,,,,,,,
,,,,,,,,,,,,,,,,,,,
,,,,,,,,,,,,,,,,,,,
,,,,,,,,,,,,,,,,,,,
,,,,,,,,,,,,,,,,,,,
,,,,,,,,,,,,,,,,,,,
,,,,,,,,,,,,,,,,,,,
,,,,,,,,,,,,,,,,,,,
,,,,,,,,,,,,,,,,,,,
,,,,,,,,,,,,,,,,,,,
,,,,,,,,,,,,,,,,,,,
,,,,,,,,,,,,,,,,,,,
,,,,,,,,,,,,,,,,,,,
,,,,,,,,,,,,,,,,,,,
,,,,,,,,,,,,,,,,,,,
,,,,,,,,,,,,,,,,,,,
,,,,,,,,,,,,,,,,,,,
,,,,,,,,,,,,,,,,,,,
,,,,,,,,,,,,,,,,,,,
,,,,,,,,,,,,,,,,,,,
,,,,,,,,,,,,,,,,,,,
,,,,,,,,,,,,,,,,,,,
,,,,,,,,,,,,,,,,,,,
,,,,,,,,,,,,,,,,,,,
,,,,,,,,,,,,,,,,,,,
,,,,,,,,,,,,,,,,,,,
,,,,,,,,,,,,,,,,,,,
,,,,,,,,,,,,,,,,,,,
,,,,,,,,,,,,,,,,,,,
,,,,,,,,,,,,,,,,,,,
,,,,,,,,,,,,,,,,,,,
,,,,,,,,,,,,,,,,,,,
,,,,,,,,,,,,,,,,,,,
,,,,,,,,,,,,,,,,,,,
,,,,,,,,,,,,,,,,,,,
,,,,,,,,,,,,,,,,,,,
,,,,,,,,,,,,,,,,,,,
,,,,,,,,,,,,,,,,,,,
,,,,,,,,,,,,,,,,,,,
,,,,,,,,,,,,,,,,,,,
,,,,,,,,,,,,,,,,,,,
,,,,,,,,,,,,,,,,,,,
,,,,,,,,,,,,,,,,,,,
,,,,,,,,,,,,,,,,,,,
,,,,,,,,,,,,,,,,,,,
,,,,,,,,,,,,,,,,,,,
,,,,,,,,,,,,,,,,,,,
,,,,,,,,,,,,,,,,,,,
,,,,,,,,,,,,,,,,,,,
,,,,,,,,,,,,,,,,,,,
,,,,,,,,,,,,,,,,,,,
,,,,,,,,,,,,,,,,,,,
,,,,,,,,,,,,,,,,,,,
,,,,,,,,,,,,,,,,,,,
,,,,,,,,,,,,,,,,,,,
,,,,,,,,,,,,,,,,,,,
,,,,,,,,,,,,,,,,,,,
,,,,,,,,,,,,,,,,,,,
,,,,,,,,,,,,,,,,,,,
,,,,,,,,,,,,,,,,,,,
,,,,,,,,,,,,,,,,,,,
,,,,,,,,,,,,,,,,,,,
,,,,,,,,,,,,,,,,,,,
,,,,,,,,,,,,,,,,,,,
,,,,,,,,,,,,,,,,,,,
