Host,Isolate,Regulation,Base mean,Log2 fold change,Gene name,Gene ID,Function,Source,Sequence,Validated by
Mentha x piperita vs Solanum tuberosum,653,up,31.9,5.2,TERA_ASPTN,mRNA_190,"catalytic activity//transferase activity, transferring acyl groups//hydrolase activity, acting on ester bonds//transferase activity, transferring acyl groups other than amino-acyl groups//transferase activity//molecular_function//hydrolase activity",GO,ATGGTCGGCACCATGTCTTTTCTCCTCTTTGGAGACCAGTCGCTCAACACGCATGCCTTCTTGGCCGAGTTCTATCGTCTAGGGGCCCCGAGCATCCTTGCCAAGACCTTTCTCGAACAGGCCGGCCAGGCTTTGAGGGAGGAGATTGATGGTTTGGGCAAGCTGGATCGCGCCCAGCTACCCATCTTTCGCACTCTCCAACAGCTTAACGAGAGATACCACGCCCAGTCTCGCAAGCACTCCGGTGTTGACAGCGCCTTACTCTGTGTCGCTCAACTAGCTCACTATATCGATCGAGCTGAAAAGGAGCCTCAAGATGTAGTGGCCCATGAGGACACCTACATTCTCGGGCTTTGCACTGGTCTGTTCGCTGCTGCAGCCGTGGCGTCGACCGGTTCTGTATCTACCCTGATACCCCTTGCCGTACAGACTGTCCTGATGGCATTCCGAATTGGCTCACATGTCGCTTCACTGGCGGAGAGGCTGTGCCCTGCCACTGATCGGTCTGATCCTTGGACGCACGTCCTGGTCGATGTCACCGAGGCAGATGTCAACAAGGCGCTCCAAAGCTTCCACTCCTCCCATTCCGTACCTCCTCCTAGCCAGGCCTACATTAGTGCTGTGTCTACCCACCGTCTAGCCGTCTCTGGCCCTCCAACCACTCTCAAGGCGTTGGTGGAAAGCAATTTATTGGGTGCACAGTCGACATCGATCCCTGTCTACGGGCCGTATCACTCTGCCCACCTGCACTCTGGTGTCGACATTGACAAACTGCTGGGGCTTGACGACGTGAACGTTACTCGTCTCCTCGAGCAGACCAGGCCGCGTTCGGCGGTCATGTCTGGAGCTCGAGGCACCTGGATCGCCAGCCTCGACACGAAGGATCTTATTCGTGCTGTCACTCGAGAGTGCTTGACGGAGCTACTACAATTTCACAAGGGCCTAGAACTCTGTGTTGAGACAGCGCAAGCTTTCGACGGTACCAGCTGCTTGGTCATCCCCTTCGGCCCAACAACAAACGCCGAGAGTCTCTCCAGTCTCATCAGGCAAAAGACAAAGCTCACCGTCATCACCTGTCAACCACCAAAAGTCACAAACAACAGTGACGCTCGTATTGGCAATCATGGATCCAGTGGAAAGTGCAAGCTAGCCATTGTGGGCATGGCTGGTCGCTTTCCAGATGCTGCAAGCCACGAAAAGCTGTGGGAGCTTCTGTCGCAGGGCTTGGACGTCCACCGTGTCGTACCAGCTGACCGATTCAACATCGACACACACTATGATATCACAGGCAAAGCTATCAACACTAGTCATACCCAGTATGGCTGCTGGATTGAGAACCCTGGACTCTTCGACCCTAGGTTCTTCAACATGTCGCCGCGCGAAGCCTACCAGACCGACCCCATGCAACGCATGGCCCTGACCACGGCTTATGAAGCCTTGGAAATGTCTGGGTATGTCCCGAATAGGACAGCCTCTACCAGGCTTGACCGGATTGGTACATTTTACGGTCAGACCTCCGATGATTGGCGAGAGATCAATGCCGCACAGGAAGTCGACACATACTTCATCACCGGGGGAGTACGCGCCTTTGGCCCTGGCAGAATCAACTACCACTTCGGTTTCAGTGGACCTAGTCTGAACATCGATACAGCCTGTTCTTCCAGTGCCGCAGCTCTGCAAATCGCATGCACCTCGCTCTGGGCCAAGGACTGTGACACGGCAGTCGTTGGCGGCTTGTCTTGCATGACCAACCCCGATATTTTCTCAGGACTCAGCCGTGGCCAGTTCTTGTCCAAGACTGGTCCCTGTGCTACGTTTGACAATGGAGCTGATGGTTACTGCCGAGCTGATGGCTGCGCCTCCGTCATTGTGAAGCGTCTGGATGATGCCATTGCCGACAAGGACAATGTCCTGGCGGTCATCCTGGGCACGGCTACCAACCATTCTGCCGACGCCATATCGATTACCCATCCTCATGGACCTACGCAGTCGATCCTATCATCAGCCATTCTCGATGAGGCTGGCGTCGATCCTCTCGATGTTGACTACGTCGAGATGCACGGCACTGGTACTCAGGCCGGTGATGGCACGGAGATGGTCTCCGTCACAGACGTTTTCGCACCTGCCAACCGCAAGCGCCCGGCAGACAGACCTCTGTATCTCGGCGCTGTGAAATCTAACATCGGCCACGGTGAGGCTGCTTCAGGTGTGACAGCTCTCTGCAAGGTTCTCATGATGATGCAAAAAAACGCCATCCCTCCTCACGTCGGCATAAAGAAGGATATCAACAAGACCTTTCCAAAGGATCTTGCGGAGCGAAACGTCAACATCGCTTTCCACATGACACCTCTCAAAAGGCATGATGGGAAACCCAGGAGAATCTTCATAAACAACTTCAGCGCCGCCGGCGGTAATACTGGTCTCCTTCTTGAGGATGGTCCTAGCCAGACGCCCACACAGGCGGACCCTCGCAGTGTTCAAGTCATTACTATCACGGCCAAATCCAAGACGGCCATGATTAAGAATGCTGAGCAATTGGTTACGTGGATGGAGAAGAATCCCGAAACCCCGCTTGCTGATGTTGCTTACACCACAACGGCCCGTCGCATGCAACACTACTGGCGCCTGAACGTCGCCGCCTCCACCTTGTCTGAAGCCATGTCGGCCATCAAAGAGAGGCTCACTCAAAACTTTGTGCCCATCTCGACTGAGCAGCCAAAGGTGGCCTTCCTGTTCACAGGTCAAGGCTCTCATTATGCTGGTCTTGGCAAGGACCTCTACGCCCACTACTCTGTCTTCAGAGACAGCATCAATGAGTTCAATCATATCGCCGAAGTCCATGGCTTCCCGTCTTTTGTGCCATTGATTGATGGCAGCGAGCCTGATGTCTCCAAGCTATCACCCGTGGTTGTGCAGCTTGGCCTTTGCTGCTTCGAGATGGCTCTGGCAAGGCTGTGGGCTGCATGGGGTATCAGGCCTGCTGTGGTTCTGGGGCACTCTCTCGGAGAATATGCTGCTCTGAACGTCGCCGGCGTACTGTCCGCAAGCGACACCATATATCTTGTCGGCAGTCGCGCTCAGCTTCTCGTTGACAGGTGCACTGCTGGTACCCATGCCATGCTTGCTGTGCAAGGCCCGGTTGGGACTGTCAACGAGGCTCTCGGTTCCGAATTCGCCTCAGTCAACATCGCCTGCATCAACGGGCCTCGTGAGACCGTTCTCAGTGGTGAAGCTGACCACATGATGAAGATTGCCACGCAATTGGGCGCGTCTGGATTCAAGTGCACCGAGCTGAAGGTCCCCTATGCTTTCCACTCGGCCCAAGTCGAGCCAATTCTTGACGAATTTGAGCATCTTGCCCGTTTCACTCGCTTCATGCCTGCTCAGGTGCCTATTATCTCACCTCTTCTCGGTAAACTCGTCGAGCATGAGCTTATTGACCCTTCATATCTTCGCAAACATGCCCGTCAGCCTGTGGACTTCCTCGGGGGCATCATCTCGGCACAACAATCAGGAGCAATCAACGAGAAGACCGTCTGGCTGGAAATCGGCCCTCATCCTGTGTGCGCCAACATGGTCAAGGCTGCTTTTGGAGTGGCCACCATTGCGGTACCCACGCTTCGACGCAATGAGTCAACCTACAAGACCTTGAGCAACGGGTTGTGCACTTTGCACACCGCAGGCCTGAACCTTGACTGGAATGAGTACCATCGGGATTTCAGCGAGTCTACTCGTCTACTCAATCTGCCCAGCTATTCCTTCGACGAGAAGAACTACTGGCTGCAGTATAGTGGTGATTGGTGTCTCACCAAGAACCGGGGCTCGGCTCCGGCCAAGGCGCCTGCTCTTCTGGAAGCGCCAAAGCCCAAGCTCTCGACAACTTCAGTGCATGCCGTCACCAAGGAGGAAATCAACGGGGACATTGTCATCATTGAGACCGAGACCAACCTTTCCCGCGAGGATACAAGAAACATTCTTGAGGGACACTTGTGCAACGGGACCCCTCTCTGCCCTTCGACGCTGTACGCGGATATGGCAATGACCATCTGTGACTACGCTTACAAGCTGGTACGACCCGAAGCTGAAAAGACTGGACTCGATGTTTCCGATGTGGAAGTTCCCAAGACATTGATCTTCGATGATAAGGTCGAATCTCACATGCTGCGCTGTAAAGCAACTGCCAATATTGTTCTTGGTCACGCTGATCTTGTTTTCCACACTGGCGAAGGCCCAAAGAGGACTGAGCACGCGAAATGCAGGGTCAACTTTGGCAACACCGAACAGTGGGCTGACGAGTTCGAGCGTGTCAAATATCTCATCAGCGGTCGCATTGATGCCCTCGTTGAGGCCGAGAAAGTTGGGAAGGCTTCAAAGATCGGCAGAGGCCTGGCCTACAAGCTTTTCACTGCCCTTGTGGACTACAACCCTCGTTTCCAGGGGATGGAAGAAGTTATTCTCGACAGCCGAACATGCGAAGCCACCGCCAAGGTCTCCTTCCAGACGAGCGAGAAAGATGGAAACTTTTTCTTCAGTCCGTACTGGATTGATAGCTGCTGCCACATATCCGGCTTCATCATCAATGGTACAGATGCGGTGGACTCGCGCGAGCAAATCTTCATATCCCATGGTTGGGGCTCCCTCAAGTTCATCGAAAAGCTCGATGCCTCCAAGACGTACCGCTCCTACATCCGCATGCAGCCGGTCAAGGACACCAAGGTCATGTCTGGCGATGCTTATGTTTTCGATGGCGACCGCATCGTAGGAGTCTGTGGTGACGTTAGGTTCCAGTCGATACCTCGCAAGGTCATGAACATGGTTCTGCCGCCCCGCGGGCGCGCGGCAGCCGGCATGATCACCGGTGCTGCGCCCAAGGGTGTCTCCAAGCCCACAGTCGTGTCACCACCCAAGGCGTCTGCTCCCAAGACGAAAACCTCGAAGCCGCTGACTTCCTCGAATATTCACACCGTCAATGCAAAGCTTGCCAAGCCCACGTCAGTTGTGGCCGAGGTCATGGATATTATTGCTAAGGAAGTCGGCGTGTCTCATGACGAGCTTGCTGATAACATTGCCTTCACAGACCTTGGGTGCGACTCACTCATGGCACTCACCGTGGCTGGACGTATGCGAGAGGAGCTTGATCTGGATATCGATTCTCATGCTTTCGTTGACCACGCAACGGTCGGCGCTTTCAAGAAGTTCCTGGCCCAGCTCAAAGTTCCTGATGATGCCGGTCTTGCCCAAAAGACTCACAGCCGCTCTGGGAGCTATGGGGCCCAAGACTCTGGTGTCTCATGCGTCTCCGACTCAGAATCAGACCTGACATCTTCTGATTCTGTTGTCACAACACCCCCAAACGAAAGTGACGAGACGTCGCTGAAGGATGGTGAAAGTCACGACAGCCTACAAGCCATTGTACGGTCTACCATTGCTGCAGAAATGGGCGTTGATATTGACGAAATTATCGCCGCTCCGGACTTGGCCGCACTTGGTATGGATTCGCTGATGAGCCTCTCCATTTTGGGCACACTGCGAGAGCAGTCAGGTTTGGATATTCCTGGCGACCTTTTCGTCCTTAACCCCTCCCTGTCCCAAGTTGAGAAGGCCCTTGGATGTGGACCAAAGCCGAAGGTAGCACCAGTAGCACCTAAAGTGCCCAGCATTGCTCGCCCAGCCTCGCCGCCGGTTGCCCCTACACGGGTCATCAACACCCATCCCGGCAACACCACGGCGAGCATCACCAAGCCCCCACCACCTAAGGAGATCGTTGATCACTACCCCCACCGCAAGGCTTCATCGACTCTTTTGCAGGGTAGTACGCGGACTGCTACCAAAAAGCTCTTCCTGATTCCCGATGGTGGCGGTTGCGCGACCTCTTACACCGAGATTAGCCAAATCTCTCCTGACTGGGCCGTTTGGGGACTCTTCTCGCCCTTCATGAAAACCCCCGAGGAATTCAATTGCGGCGTGTATGGGATGGCTGTCAAGTTTATTGAGGAGATGAAACGTCGCCAGCCGCAGGGGCCCTACCATATTGGGGGTTGGTCGGCTGGTGGTGTCATCTGTTTCGAGATTGTCAATCAGCTCACAAAGGTTGGCGAGCGCGTCGATAACTTGATCCTTATCGACTCCCCTTGCCCCGTCATTATCGAGCCGCTCCCTCGATCTCTGCACGCCTGGTTTGCTTCCATCGGGCTCCTTGGGGATCGCGAAGATGCGTCGAGCAAAAAGATTCCCGACTGGCTGCTCCCTCATTTCGCGGCTTCTGTCAATGCCCTCAGCAATTACACGGCGGAGCCCATCCCCGCCGACAAATGCCCTAACGTCATGGCCATTTGGTGCGAGGACGGCGTGTGCCACCTCCCAACCGACCCTCGTCCTGATCCGTATCCCACGGGTCACGCTCTTTTCCTCTTGGATAACCGGACCGACTTTGGTCCCAATCGCTGGGACGAATATCTCGACATTGCCAAATTCCGCACCAGGTCCATGCCAGGAAACCACTTTTCCATGATGCATGGTGACTACGCCAAAATGATGGGTACCTTTATCCGCGAAGCCCTGTGTCAGTAA,Novogene
Mentha x piperita vs Solanum tuberosum,653,up,13.4,4.8,AYG1_ASPFU,mRNA_10198,"peptidase activity//protein binding//serine hydrolase activity//catalytic activity//peptidase activity, acting on L-amino acid peptides//hydrolase activity//binding//molecular_function//serine-type peptidase activity",GO,ATGTTGGAGGACATAGCCAGGTCGCTCGCTCGACTGCGCATCGCTTCTCTCAAATCCCAGGTCATCAGCGACAGCCACCAGCCGCACATTGCTCGACGCCGCCGTAGCAACAGGGTGACCGTTGTGCAGCGAAGGCTTCTCAGTATGCCGTACGGAACCGCCAAAGAGCCCGAGCCCGAGGGCAGGGCGTGGCTCATGGGGAAGGAAGCGTTCGAGACGAGAATGCCACATCACGAAGGCATCAAAGCCCTGTGGGAGACCAAATGGAGATTTCCATGCACCAAAAGTGTGTACCCTTTCCATGACGGCCAGTATGAAGACTTTGTGGATGTCTTTGAGCACCTCATAAGCTACAATATAAACGATGGCACTTCGAGGGCGTATACTGAAGCTTTCTTTCCCAACGCTGCCCGTCTCATTGCCAGGGGTGACAAGGCCGCATCGGCTGGCGACCCGAAGCAGGCAAGCCAGCTTTACCTTCGCGCTTGTGCTCTTTACCGCATCGCTCGTTTTCCCTACATTACAGCCTTCCCAGATATCAGCTGCCCCATCAAGTGGAAGGCGTGGCAGTGGCAGAAGGAGACGTATCTCAAAGCTGCCAGCGCGTGGGAGTGCCCCGTGGAAGAGGTTGAGATCCCGCACATGCACAAGCAGGGGCGCGACAGGGCGAACATACCGGTATATGTCCGCCTGCCCAGATCTTTGAGTTCTCGGCGCCAGCCCTGTCCCGTCGTCTTGCTCATGACTGGTCTGGATGGCTACAGGCCCGACAATACGCTGCGTTGCGACGAGTTCTTGTCACGAGGATGGGGCAGTGTCGTTGTCGAGATCCCGGGCACAGCAGACTGCCCTGCTGATTCGGCTGACCCAGACAGCCCTGATCGGTTGTGGAGCAGTGTGCTCGACTGGATGGCAGCGGACGGCCGGTTCGATATGGGCAAGGTGATGGTCTGGGGGCTCAGTTCGGGTGGCTACTATGCTGTTCGCATCGCGCACACGCACAAGGAGCGGCTCATCGGTTCGATTGCGCAGGGAGCCGGGTGCCATTACTCTTTCGATGAAGAGTGGTTGGACAAGGCCGATGGGCACGAGTATCCGTTTCGATTGACGCCGGCTATGGCTATGAAGCACGGTTACGAGACTGTGGCGGAGTACAAGACGGGGGTGCAAAAGAAGTTCTCGCTTCTTGACACAGGAATCATACAGCAGCCTTCAACCAGGCTCCTTTTGATCAACGGTACGCAAGACGGCTTGATGCCAATCGAGGATTCCATCATGCTGTTTGAGTACGGAACGCCAAAAGAGGCTAGGTTCTTCCCGGGAGCGTTGCACATGGGATACCCGATGGCCAATGGGTCTGTATACCCTTGGATGGAGAAGGTCATGGCTTTCAAAGCTTGA,Novogene
Mentha x piperita vs Solanum tuberosum,653,up,35.5,4.5,-,mRNA_6472,molecular_function//binding//extracellular matrix binding,GO,TGAGCGCCGCTGCAACCACAATTACGGCACTTGTTTATTCTACATCTAAAACGACCGACGGAAACGGGCGAGAACCAACTTTGCCAACATGAGAGCAGTCCTCCTGTCCGCCATGCTGGCCTCCGCAGCTACGGGTATCCGTGCTTCTCCTGATTCACCCTGGCCCTGGGACAACGACGACGACAAGGACGGATGGAATTGGGGACGGAGAGATGGATGGAACGGCCCAGGGCCTCGATGCGCCTCGTCCTGTCTCTCGTCTTACTGGCAATCTGCGGTTCTCACGCCAGAAGCCATCTGCACCGAGGCCACAGGTCTCGAATCGTGCCTCGCCTCCGCCTGCTCGACCGATGCTGCCGCCTACAGCAGCTACACCTCGCGCTCCGCATCCGAATGCTCGCGCTGGTCCACCTGCTCGACCACGGGCACCTACACGTACTCGTACGACTCTGAGTGGTGGGACTGGGCAACCCCCACGGCGACGGTCGTGACGGTGACGGGGTGCCCTTGGAACGGCAAGGGCTGGGGCTGGGGCCCCTGGGGTGACGGCGATGGCGATGGTTGGGGGAACCGGGGCCCGGGCTGGAGGTACGAAACCGACACGGTGACTGTGACGGTGACGGACGGGGGCTCGGCGAGCGGGACTCCCGTTCTGTCGACCATTGTTGTTGCTGCAGCCGTCAGTGGAGACGAAACTGTCCGCACGACCTTTGGCTTGGCTGCGGCGACAGGGACCGATGGTAATGACGTCAACGACGACAATAACAGCGCGGCCCCCGGTGGTGACGACCTCAGAGGCGTCAAGGCTGCTCTGGTTTGCCTTGCGGCTGTCGTGGTCGGAGTTGGCCTTCTGTGA,Novogene
Mentha x piperita vs Solanum tuberosum,653,up,39.1,4.1,THR1_COLOR,mRNA_8909,"binding//heterocyclic compound binding//NAD binding//purine ribonucleoside binding//transmembrane transporter activity//nucleoside binding//ion binding//small molecule binding//hydrolase activity//cofactor binding//methylenetetrahydrofolate dehydrogenase (NADP+) activity//ATPase activity, coupled//ATPase activity//anion binding//ATPase activity, coupled to movement of substances//oxidoreductase activity, acting on the CH-NH group of donors//purine ribonucleoside triphosphate binding//pyrophosphatase activity//adenyl nucleotide binding//hydrolase activity, acting on acid anhydrides, in phosphorus-containing anhydrides//hydrolase activity, acting on acid anhydrides, catalyzing transmembrane movement of substances//coenzyme binding//molecular_function//purine ribonucleotide binding//ribonucleoside binding//primary active transmembrane transporter activity//ATPase activity, coupled to transmembrane movement of substances//adenyl ribonucleotide binding//nucleotide binding//active transmembrane transporter activity//ribonucleotide binding//purine nucleoside binding//P-P-bond-hydrolysis-driven transmembrane transporter activity//transporter activity//catalytic activity//oxidoreductase activity, acting on the CH-NH group of donors, NAD or NADP as acceptor//ATP binding//nucleoside-triphosphatase activity//purine nucleotide binding//oxidoreductase activity//organic cyclic compound binding//hydrolase activity, acting on acid anhydrides//nucleoside phosphate binding//carbohydrate derivative binding",GO,CCTTGACGCATCAGCACCACCATTGCAGGACTTCACCACACGCAACTCTACGACAATACCCCTTTTACCGTAAAGATGCCTGGCGCCACCTCTGCCGTCGAGCCCGGTTTCTACAACCGCATCCCAGGACCCCTGGGACTGGCCTCCGCCTCGCTGGAGGGCAAGGTCGCCCTAGTCACTGGTGCCGGTCGTGGAATAGGGCGCGAAATGGCAATGGAGCTCGGTCGTCGCGGCGCCAAAGTCATCGTGAACTACGCCAACTCCTCAGAGTCAGCCGAGGAGGTCGTACAAGCCATCAAGAAGTCAGGCTCCGATGCCGTCGCGATCAAGGCCAACGTCTCTGTTGTGGATGAGATCGTCTCCCTTTTCGAGCAAGGTGTGAAGACCTGGGGTAAGCTCGACATTGTCTGCTCAAACAGCGGCGTCGTCTCTTTCGGGCACGTCAAGGACGTCACGCCTGAGGAATTCGACCGCGTCTTCAACATCAACACGCGAGGCCAGTTCTTCGTTGCCCGCGAGGCGTACAAGCACCTCGAAGAGGGTGGGCGCCTCATTCTCATGGGCTCCATCACCGGCCAGGCCAAGGCCGTGCCGAAACACGCCGTCTACTCGGGCTCCAAGGGTACTATCGAGACATTTGTCCGCTGCATGGCCATCGATTTTGGCGACAAGAAGATCACCGTCAACGCCGTCGCGCCTGGTGGCATCAAGACAGACATGTACCACGCCGTCTGTCGTGAATACATCCCCGGCGGAGCCACCCTTTCCGATGACGAAGTCGACGAATACGCCGCCGGCTGGTCCCCAGTTCACCGTGTCGGTCTGCCCATCGACATCGCTCGCGTTGTTTGCTTCCTCGCTTCGCAGGACGGCGCCTGGATCAACGGCAAGGTCCTCGGCATTGACGGTGCCGCTTGCATGTAA,Novogene
Mentha x piperita vs Solanum tuberosum,653,up,114.2,3.4,YL54_SCHPO,mRNA_621,molecular_function//lyase activity//catalytic activity//sirohydrochlorin cobaltochelatase activity,GO,ATGCGCTACTCCCTTACTCTCATCGCCTTCGCCGTCACGGCCCTCGCCCTCCCCACCGCCAAGCCCGCCGACGATGGTTCATGGGCTCCAGGTAAATACGAGGGCCCCGGCACCCCCTACGATGACGGCAAGTGGTACCCTGGCAAATATCCCGGCGCCAAGGACAAGCGCGCCGATGACGGATCCTGGGCGCCCGGCAAGTACGAGGGCGCTGGTACACCTTACGACGATGGCAAGTGGGCTCCGGGCAAGTACGAGGGTGCCGGTACCCCCTACGACGACGGCAAGTGGTACCCCGGAAAGTATCCCGGTGCCAAGGCAAAGCGTGCCGACGATGGCAAGTGGGCTCCGGGCAAGTACGAAGGCGCTGGTACTCCTTACGATGACGGCAAGTGGTACCCTGGAAAGTACCCCGGTGCTAAGGAGAAGAGGGAGGATGATGGCAGCTGGTACCCTGGCAAGTACGAGGGCGCCGGCACCCCCTACGACGATGGCAAGTGGCACGAGGGCAAGTACGAGGGCCCTGGCACTCCCTACGACGATGGCAAGTGGTACCCTGGCAAGTACCCCGGTGCTAAGGAGAAGAGGGAGGATGATGGCAGCTGGTACCCTGGCAAGTACGAGGGCGCCGGCACCCCCTACGACGATGGCAAGTGGCACGAGGGCAAGTACGAGGGCAAGGGAACCCCCTATGATGATGGCAAGTGGCACCCTGAGCAGTGA,Novogene
Mentha x piperita vs Solanum tuberosum,653,down,17.1,-2.1,-,mRNA_7744,--,GO,ATGAAGTACGCCGCCGCTGCCGCTCTCCTCGTCGCCCTGGCTCGCGCCCAGGATGTCACCAGCATCATCAGCCAGATCCCCTCTTGCGCCCTGAACTGCCTGTCCCAGGGCATCAGCAGCGCCGACTGCTCCATCAGCGACTTCACCTGCATCTGCTCCCAGTTCGACAGCATCCAGGCCTCGGTCCAGCCCTGCCTTGCCAGCTCCCAGTGCTCCGAGACCCAGGTTGCCGACACCCTCCGCCTCGCCACTGGCCTCTGCAGCAACGCTGGCGGTGCCTCCGGCTCTGCTGCCGCCACCACCGCCACTGTCTCTGCCTCCAACATCGAGACCATTCCCGTCGCTTCTGATTCGGCCTCTGCCTCTGCTTCCGCCACCGAGACCGTGACCAGCACCGTCGCTTCCCAGACCGTCATTGTCTCCGGCTCGTCCACCTCCACTGTTGGCTCCAACAGCACCGCCTCCGCCCCCACTGGCTCCCGCACCACCACTGGCTCTGCCGATGCCACCAGCTCCGGTGCTGCTACCGAGACCACTGCTGCCGGTGGTGACTCTGCTGCCGGCCGCGTCCAGGCCGCCGGCTGGGCTATTGCCGGTGTCATCGCCGCCGCCGTTGCCCTGTAA,NA
Mentha x piperita vs Solanum tuberosum,653,down,16.5,-2.4,MEP3_YEAST,mRNA_8402,monovalent inorganic cation transmembrane transporter activity//cation transmembrane transporter activity//transmembrane transporter activity//ammonium transmembrane transporter activity//ion transmembrane transporter activity//molecular_function//inorganic cation transmembrane transporter activity//substrate-specific transmembrane transporter activity//substrate-specific transporter activity//transporter activity,GO,GGGTCTTACTATCTCTGGGTCTTCTCTATCTTTTCCCCAGACCCGCGCTGCCAATAGGTCCCTCCCCCTACCACCGCATCTGGTTCATATATATCTCTTGCATCCATCCCTCCTCGCTGTTCCGTCTCGAAAGGTTTCTCGCTCTTCAGTCTCGACTCCATCCGTCTCTGGTGATACCCACTTCCACCCATAGAGGTCTCTTGTCTCTACACCCGACAAAAGACTTACACACCCTTCCGACAGTCGAACGAACTCTCGACTACCTTTTTTTCCTTCGTCGACACACCTCGTCCCTCGACGTCTCTCACACACGACACAGCCCATCATGTCGTACAGTTGGGTGGGAGCTCCCACGGAGTTCAATGGCACGAATCCCGACACTGGCGGTGATTCCGTCACCGAGAACCTCAACCAGTGGTACCAGAGCGGCGACCAGGCCTATATCCTCGTCTCCGCTTGCATGGTTCTCATGATGATTCCCGGTATCGCTTTCCTTTACTCGGGTCTCGCCCGTCGCAAGTCGGCTCTCTCGCAGCTCTGGGTCGCCATGATGACCTTCTCCGTCTGTGTTTTCCAATGGTACTTCTGGGGCTACACCCTCGCCTTCAGCGAAACCGCCACCAACGGCTTCATCGGTAACTTGCGCCACTTCGGACTCAAGAACACCCTCGGACAGCCCTCGCCCGGCTCGCCTCTGGTCCCCGCGCTTCTCTACTCTTTCTACCAGATGATGTTCCTCGCCGTCACCGCCGCCCTGACCGCCGGTGCCACTGCCGAGCGCGGTCGCGTCATTCCCTGCATGGTCTTCATCTTCTTCTGGGCCACCCTCGTCTACTGCCCCCTAGCCTGCTGGGTCTGGAACGTCAACGGCTGGGCCTTCAACTACGGCGTTCTCGACTACGCCGGTGGTGGCCCCGTCGAGATTGGCTCCGGCATGTCCGCTCTCGCCTACTCCTGGGTCCTCGGCCGCCGCAACGAGAAGATGATGCTGAACTTCCGCCCTCACAACATCTCGCTCATCACCCTCGGCACCGTCTTCCTGTGGTTCGGCTGGCTCGGCTTCAACGGTGGTTCCGCCTTTGGCGCCAACCTCCGTGCCGTCATGGCTTCGTGGAACTCGTGCCTGACTGCCATGTTCGCCGCCATGGCTTGGTGCCTGCTTGATTACCGCCTCGCCAAGAAGTGGTCCCTCGTCGGCTGGTGCTCTGGCACCATCTCCGGTCTCGTCGCCGCCACTCCCTGCTCCGGCTTCATCCCTCCCTGGGCTTCCATCATCCTCGGTGTTGTTGCCGGTGTCGCCTGCAACTTTGGCACCAAGGTCAAGTTCATCCTCAAGATTGACGACTCGCTCGATGTCTTCGCTGAGCACGGCATCGGTGGTATCGTCGGCCTCATCTTCAACGCCTTCTTCGCCACCGAGTACATCATCGGCCTCGACGGTGTCAACAACGGCATCCAGGGTGGCTGGATCGACGGCAACTGGAAGCAGATGTACATCCAGATTGCTTTCATCGTCGCCGCCTCTGCTTACTCGTTCGTCGTCTCGGCCCTCATCGCCAAGGCCATCGACATGGTCCCTGGTCTCAAGCTCCGCGCCTCGGAGGAGGCGGAGCTCCTCGGCATGGATGACGACCAGCACGGCGAGTTCTCGTACGACTATGTCGAGGTCCGCCGTGACTTCCTTGCCTGGACCCCCCACCAGACCGAGCCCGCCGGCGAGGGTGTTCGCTTCGTGCCCCAGCACGGCATCGAGGAGCACCAGGTCATGGCCGACCGCAACTCGAACCCCAGCTCGCCAGAACCCGAGGTCAAGGCTGCGCCTGCTGACTCGGAGGCTGAGACCAAGAGCGAGAAGACGGCTGCCGTCTAA,NA
Mentha x piperita vs Solanum tuberosum,653,down,11.3,-2.8,GLNA_NEUCR,mRNA_1402,"ammonia ligase activity//molecular_function//ligase activity//catalytic activity//ligase activity, forming carbon-nitrogen bonds//acid-ammonia (or amide) ligase activity//glutamate-ammonia ligase activity",GO,ATGGCGACTCCCTCCTCCAACATTTCCAGGACCGACACTTTGTCGAAGTACCTGAAGCTCGACCAGAAGGGCAGCATCATGGCCGAGTACATCTGGATCGATGCCGCTGGCGAGACTCGTTCCAAGTCCCGCACGCTGAAGGAGAAGGGGTACACGCCTGATGACCTTCCCACCTGGAACTTCGACGGTTCCTCCACCGAGCAGGCTCCCGGTGACAACTCTGACGTCTACCTCAAGCCCGTTGCCGTCTTTCCCGATCCTTTCCGTGGCACTCCTAACATCCTCGTCCTCGCCGAGTGCTGGGATGCCGACGGCTCGCCTAACAAGTACAACTACCGTTACGAGTGCGCCAAGACCATGCAGGCTCACGCTGCGCTCGAGCCGTGGTTCGGCCTTGAGCAGGAGTACACCCTGCTCGACCTCAGCAACCGTCCTTTTGGCTGGCCCTCGAACGGTTTCCCCGCCCCCCAAGGCCCCTACTACTGCGGTGTCGGCGCTGGTAAGGTCGTCCAGCGCGACATTGTTGAGGCGCACTACAAGGCCTGCCTGTACTCCGGTGTCAAGATCTCTGGCACCAACGCCGAGGTCATGCCTGCCCAGTGGGAGTTCCAGGTCGGCCCCTGCGTCGGTATTGAGATGGGTGACCACCTCTGGCTCGCCCGTTTCCTCCTTGCGCGCATCTCTGAGGAGTTTGGTGCCAAGGTGTCCCTGCACCCTAAGCCCATTCCCGGTGACTGGAACGGCGCCGGTCTGCACACCAACTTTTCCACCAAGGACATGAGGGTAGAGGGTGGCATGAAGCACATCGAGGACGCGATCAAGAAGCTTGAGGGCCGCCACAAGGAGCACATTGCCGTCTACGGCGAGGACAACGACCAGCGCCTGACGGGCCGCCACGAGACGGGCGCCATCGATCAGTTCAGCTGGGGCGTCGCCAACCGTGGCGCCTCCATCCGCATCCCCCGCGAGGTCGGCGCCAAGGGCTACGGATACTTCGAGGACCGCCGCCCCGCCAGCAACTCGGACCCTTACAGGATCACCCACATTATGATGGAGACGTGCTTCGGCGCTTCGGACTAA,NA
Brassica juncea vs Solanum tuberosum,653,up,40.6,5.2,-,mRNA_1341,NA,NA,ATGTCTCAGCAGATCAAGAACGTTGTCATTGCCGGTGTGAGTCCCAGCCTCTCACGGCCGCCCAGGCTGTCCGCATCTGACTTGTTTCCGTTTAGGCGACTGGCAGCGCCGGCTCTCACGTCCTGCAGGCCCTTGTCAAGTCTGGCAAAGTTCAACGTCACCGCAGCGGTCCGCAAGGCCAACGACAAGCTGCCATCCTCCGTCAACGTCAACGACGCCGTCATCGACACGACCATGAGCCCAGACTCGGCCATGCCCCTGCGCATGGTCGAGGCAGCCGTCGCCGCCGGCGTCTCCCGCTTCATCCCCTCCGAGTTCTCCATTGACCCCAGGAACTCCAAGGGTCGCTCCGTACCCATTTACGCGCCCAAGAACGAGGTCCTCGCCAAGCTCGAGGAGCTCGCGGCCGCGGGCAAGCTCACGTGGACGAGCATCTCCAACGGTGCCTTTCTCGACTGGAACCTGCGCACGGGCTTCTTCAAGATTCACCTCAAGACCAAGAAGGCCGAGCTGCTCGACGGTGGCGAGGTTGTCACGGCGTGGACGCTGCTTGACCACGTCGGCCAGGCGGTGGTCGGTGTGCTCCTCCACCCCGAGGAGACCAAGAACCGCCCCGTCTACATCTCTACGATCCAGATGAGCCAGAAGTCAATGGTTGAGCTCGCCCAGCAGGCCCTTGGACGGGACGGTTGGGACATCAGCTCGCTGGACATGGAGCCGGTGTATCAGCAGTCGCTTGGTGAGCTCTTCGCAGGCAGGGTCACGTTTGAGGTCATTCGCAACCTGATTCTGTACTGCAACTCGAGAGAGGACTACTCCGGACCATTCGTCAAGACCGACAATGCTCTCCTGGGAGTCGAGCAGTGGAGCGACGAGCAGGTGAAGCAGCTGATTGTGTCGATCGCTTCCGAGTAG,Novogene
Brassica juncea vs Solanum tuberosum,653,up,67.6,3.8,YDDQ_BACSU,mRNA_10347,catalytic activity//molecular_function,GO,ATGTCCTCATTCCGCTCCATGCTCGGCGTGCCGCCGTCCACGGCCTCCACCCAGGACAGTGTCCTCGTCATCATCGACGCCCAGGGCGAATACGCCGAGGGCAAGCTCAAGATTTCCAACATTGAGGCGTCGCGCCCCAACATCTCTTCCCTGCTGGAGAAGTACCGCGCCGCCAACGCGCCCATCGTCCACGTCGTCCACGAGACGCCCGCCGGCGCCCCTCTCTTCACGCAGGGCACGAAGCTCGCTGAGATCTTCGACGAGCTCACGCCCAAGGAAGGCGAGGCTGTCGTGACGAAGCACCACCCCGGTTCATTCGCCGACACCAACCTTCAGGAGATCCTGGAGAAGTCCGGCAAGAAGAAGATTGTGCTCGTCGGGTACATGGCTCACGTCTGCGTCTCGACGACGGCCAGGCAGGGCGCGCAGAGGGGCTGGGATGTCATCGTTGCCGAGGACGCTGTCGGTGACAGGGACATTCCCGGCGTGGATGCTGCGCAGCTTGTGAAGGTTGCTCTGGCTGAGATTGCTGATGTCTTTGGCACTCTTGTCTCGAGCAAGGATATCAACTAG,Novogene
Solanum tuberosum vs Mentha x piperita,111,up,14.6,2.4,-,mRNA_9290,NA,NA,ATGAAGAACACCGCCGTTCTCAGCGCTGCTGTCATCCTCGTCCTCAGCGGCGTCCAAGCCCAGGACCTCCCCGCGTGCGGCCAAACGTGCGTCACTAACATGCTCGGACTTGCGGCTGAACTCGGATGTGGCGACGTCCAAGGTTCTGAGCGGGAAGCCTGCCTGTGCCGTAACCCCAACTTCCTGTACGGTATCAACGACTGCTCTACTGCCGTCTGCGCCGAGGACACCGAGGCCGCCGCCGCCGCCGTCCGTTACGGCCTTTCCTACTGCGCTGACCGTGGTGTCACTGTTGAGCCCGTCCCCGCTGGTACTGTCACCGAGGCCACCAACACTGAGACTGTCACTGCCACTGCCACTGGTGGCGGCGCCAACGGCGGAGCTGTTCCCATTGTTACGACCATCGTTTCCGATGGCACTACCCTAGTCTCCACCATTGGTACCGGCACCGTCACGGGCACCGCCGGCGGTGGAGCCGTTGTTCCCATTGTCACGACCATCGTTTCGGACGGTACTACCTTCACCTCTACTGTTGGTACTAGCACCATCACAGGCACTGCCGCCAACGGAGACGACGACAGCAACACTGCTGTCGTCTCCACCTTCACCACTGTTATCACCAGCGGTGATGACACTATCACTTCGACCGGCGTGACCACTATTGGAATCAACGGCGTCTCTGGTGCCTCGCAGCTCCCTGTGACTACTGTCGCCGTCCCCGTCGTGACCACCATCACCAGCGGTGACGACCTTATCACCTCTACGATTGGCACTACCTCGGTTGTCTCCACCCTCACCGGCTCTGCTCTGACTTCGGCTCTTGAGAGCCAGGCTTCCGATGCCGCCAGCACTGGTGGCGATGACAGCAACACTGCTTCGGGCTCCGCTACTACCACCGACAGTGGTTCTTCCTCCGAGACCCAGACTGGTGATGCTGCCGCTTCCTCCACCACTGGCGGCGGTAACGACTCGGCCGGCATGTCCCTCACCGCTCCTGCCTTTGGCCTCTTGGCCGCCATGGGTGTCGCTGCCATCCTCTTCTAAGAGCACCAACCCGGAGTAAGAGTCGGTGATTCCATCAGCACATTCGATATTTAAAATACCCCCCTGCGTCAAATCCTCGGTTTTCGACCTCACGCCTTCGATCGATTCCATGTCATGATCTTGACAGGACTACAGCCAAAAAAAAAATGGACGTCGGTCAGAATCGAAGGCACCACGAATCGCAATTGAGGTGAACGGTAACGGAACTACCGAGGCACTGCAGGCTTTCTTTCTTTCCTTTTCAGGCCCCAAGGAGATGAAATGGTTCATCTTGTTCTTTTTTAATGGATTGCTTGGTGTTGGACTTGAGCGTAATGGAATGGCGTGTTGATGATGGTTATTGGCAGACCTTTAAGGGGCATGTGCTGAGGCTCGAGACCAGTGAAAAGGGGTGGGACCGAAGGTTGGTTGACCTCTTGCCTTTGTTGTCGAAATTCGGACGAAACCATGATAAATGAATGTATGTACAAATGTAGAAACATTGCAACGCCGCAGA,NA
Solanum tuberosum vs Mentha x piperita,111,up,14.3,2.1,RCF2_SCHPO,mRNA_1922,NA,NA,ATGAAGGTCCTCAGCCAGGAAGAAGAGAGGGCGCACTACAACGTCGTGCTCAAGGGCGGCGCCATAGGCGGCACCCTCGGCCTCGTCGGCGGCCTCGCAGGCACCATGTTCGCCTCGCGACGCTACCCCGCGTTCCGCGCCCTGACGCTCCCGTTCCGCACCTTCCTCGTCACGTCGACGGCGACCTTTGGCGCCATTGTCAACGCCGACCGCGAGTCGATCAAGTTCGCCCACGCCAAGGACCCCATGTACGGCTACCAGGACGCGTCGCAGCGCGCGCGCGAGCTGGCGCACCAGAACGAGAGCGCCCAGGACGCCTTTATGCGCTGGGGGCGCACGAACCGCTACGGCATCGTCTTCGGCTCGTGGATCGCCTCCATGGCCGCCGCCATGGCCATTGTCAACCGCCAAAAGTACCTCACGGGCGCCCAGCGCCTCGTCCAGGCCCGCGTCTACGCCCAGGCCCTCACCGTCGCCGTCCTCGTCGTCACGGCCGTGTTTGAGATGAACGACGCCAAGAGGGGCGAGGGCCGCTGGGAGACGGTCATGGTCCTCGACCCCGACGACCCCGAGCACAAGCACCTCATTGAGAAGAAGGTCCACAAGGAGGAGTATGAGGGCCAGGACCTGTGGAAGGACATGGTCGCTGCCGAGGAGAAGAGGATCAAGGACCGCGAGAGCACAAAGGTCCCGCAGAAGCAGTGAGCGTGCCGTCTTTTTGCGGAGCGATCGATCGAAATGCAGCGAGGACCTTGTCTGGAGGCGTTGGGCTGGGATCGGGGAGATAGAGGCATGATTGATGCCCATTTTTTATTCCTTGTTTTATAATGGCGTTTGGAGTGCTCTACAGATTACAGAGCGTGTACGAGTTGCGTGGTGATGGAAGCGAAAAAAAAAGGTCAAAGTCATCATGGGTCAAAATCATAATGGAACTCATCATACCTCCCGCTA,NA
Solanum tuberosum vs Mentha x piperita,111,up,19.8,1.8,-,mRNA_1128,"organic cyclic compound binding//heterocyclic compound binding//binding//nucleic acid binding//DNA binding//nucleic acid binding transcription factor activity//sequence-specific DNA binding//transcription factor activity, sequence-specific DNA binding//molecular_function",GO,ATGACACGATCCTCTTCCGCAGAGCCCGCCAAGGGTACCAAGAGAAAGGGCACGAGGAGCGTCTCGACATTGAACCCCGCCCAGTTGGCGCGCAAGAGAGCCAACGACCGAGAGGCCCAGCGAGCCATTCGCGCGCGCACCAAGGAACACATCGAGAGGCTGGAGCAACAGCTCGCCGATCTGCAAAGCGAGCGAGGCGGAGACCAGTCGCAGACTATTCAAGAACTCACCCGGAGGAATAGAGCCCTCGAGGAGGAGATCTACCGCCTCAGGGAGGCCGCAGGACAGCCCACCGGCCACTCGTACCCCAACTCGGGTATGCTCCCCATGAACCTACAACACGCCCACATGGCGCAGCCCCAGCCCAGCGATCAACTCGCTAACACGATGATGATGATGCCCAGTCTACGACGACAACTGAGCTCTGTCAGCGGGGCCATACCGAGCCCGCGATCATCCCCGTTCCCGGCGTCAGGTGGCTATAGCGGCATGCCCGAGCTGGGACCCTCTTACGTGCCTCTCCCTGATGCCTCGGAGTCGTGGGGTCCTGGCGTCTCGGTGCCCTCCAACGTCTCGAGCCCGTCGTCCTCCGCCAATACTGACGAGTACGGCGGCGCCTACATCCCAACGAGCATCCCGGCACCGATGATGGAAGCGAGGAGCGTCCCCGCCAAGATGGATTATGACGATGTAGACTCTGGTAAGCAACGCACGCCAACGGCACGCTGGCTACCCTCTCTCGCATCATCGCAGCCAGGTGGGCGCCAACGGCTACCTGCCTCACGAGCCATGGAATATGTACCCGGCCCTGTACTACCAGCAGCAGCCGTCAGCCCACTGATTCGGCAGCCGGGCACGTCTTTTTGGGAAATGCCGTCCCTTGTCCTAGCGCCTACCTGCGCTGCCGACCAGTGGATCATCAGTTTCACACACGACTGCCGCCGGCTCGCGCAAACGAAAAACATTGACGCGCTTCTCCGACCTCCGCGTGTCAACTTGAAGACACTCCTCGAGTATAATCCGCCTTCGCCAACGCACCCAGCACCGCGAATCCACATTGCCGACCTCGAACGTGCCCTCGACGTGAACAGTGCCGGTTCAGGCGCCGCGCCGCACCCTCTGGCCGAGCTGATAACGGCACTCGTCGATAAGGCCGGCATGGCCAATGTGGTGGAGCGTCTCGCCCTGTTCCTCCCCGTCCAGCGTGTCGTGGCTTGGTTGGCACAGCCCACCCGCGAGTCCTACAACGCCCTCGTCCTCAACTACGCCCCCCGACCCAGCCAGCTCACGGTCCCTCACCCACAATGGGTGGACTTTGTGCTGCAAGGTCCTCTGCGCGACGCCATTATTGAGCGACAGGATGTATACGCCACAGAAGAGTTTCAGAACATCTACGCTAATAGCCTTCGTCTCCTCAATTGGCCAGGTCGCCCGGTGGACGCGATCAACATGGACCCGACGACGGGCGAGTATACCTAA,NA
Solanum tuberosum vs Mentha x piperita,111,down,31.9,-3.7,TERA_ASPTN,mRNA_190,"catalytic activity//transferase activity, transferring acyl groups//hydrolase activity, acting on ester bonds//transferase activity, transferring acyl groups other than amino-acyl groups//transferase activity//molecular_function//hydrolase activity",GO,ATGGTCGGCACCATGTCTTTTCTCCTCTTTGGAGACCAGTCGCTCAACACGCATGCCTTCTTGGCCGAGTTCTATCGTCTAGGGGCCCCGAGCATCCTTGCCAAGACCTTTCTCGAACAGGCCGGCCAGGCTTTGAGGGAGGAGATTGATGGTTTGGGCAAGCTGGATCGCGCCCAGCTACCCATCTTTCGCACTCTCCAACAGCTTAACGAGAGATACCACGCCCAGTCTCGCAAGCACTCCGGTGTTGACAGCGCCTTACTCTGTGTCGCTCAACTAGCTCACTATATCGATCGAGCTGAAAAGGAGCCTCAAGATGTAGTGGCCCATGAGGACACCTACATTCTCGGGCTTTGCACTGGTCTGTTCGCTGCTGCAGCCGTGGCGTCGACCGGTTCTGTATCTACCCTGATACCCCTTGCCGTACAGACTGTCCTGATGGCATTCCGAATTGGCTCACATGTCGCTTCACTGGCGGAGAGGCTGTGCCCTGCCACTGATCGGTCTGATCCTTGGACGCACGTCCTGGTCGATGTCACCGAGGCAGATGTCAACAAGGCGCTCCAAAGCTTCCACTCCTCCCATTCCGTACCTCCTCCTAGCCAGGCCTACATTAGTGCTGTGTCTACCCACCGTCTAGCCGTCTCTGGCCCTCCAACCACTCTCAAGGCGTTGGTGGAAAGCAATTTATTGGGTGCACAGTCGACATCGATCCCTGTCTACGGGCCGTATCACTCTGCCCACCTGCACTCTGGTGTCGACATTGACAAACTGCTGGGGCTTGACGACGTGAACGTTACTCGTCTCCTCGAGCAGACCAGGCCGCGTTCGGCGGTCATGTCTGGAGCTCGAGGCACCTGGATCGCCAGCCTCGACACGAAGGATCTTATTCGTGCTGTCACTCGAGAGTGCTTGACGGAGCTACTACAATTTCACAAGGGCCTAGAACTCTGTGTTGAGACAGCGCAAGCTTTCGACGGTACCAGCTGCTTGGTCATCCCCTTCGGCCCAACAACAAACGCCGAGAGTCTCTCCAGTCTCATCAGGCAAAAGACAAAGCTCACCGTCATCACCTGTCAACCACCAAAAGTCACAAACAACAGTGACGCTCGTATTGGCAATCATGGATCCAGTGGAAAGTGCAAGCTAGCCATTGTGGGCATGGCTGGTCGCTTTCCAGATGCTGCAAGCCACGAAAAGCTGTGGGAGCTTCTGTCGCAGGGCTTGGACGTCCACCGTGTCGTACCAGCTGACCGATTCAACATCGACACACACTATGATATCACAGGCAAAGCTATCAACACTAGTCATACCCAGTATGGCTGCTGGATTGAGAACCCTGGACTCTTCGACCCTAGGTTCTTCAACATGTCGCCGCGCGAAGCCTACCAGACCGACCCCATGCAACGCATGGCCCTGACCACGGCTTATGAAGCCTTGGAAATGTCTGGGTATGTCCCGAATAGGACAGCCTCTACCAGGCTTGACCGGATTGGTACATTTTACGGTCAGACCTCCGATGATTGGCGAGAGATCAATGCCGCACAGGAAGTCGACACATACTTCATCACCGGGGGAGTACGCGCCTTTGGCCCTGGCAGAATCAACTACCACTTCGGTTTCAGTGGACCTAGTCTGAACATCGATACAGCCTGTTCTTCCAGTGCCGCAGCTCTGCAAATCGCATGCACCTCGCTCTGGGCCAAGGACTGTGACACGGCAGTCGTTGGCGGCTTGTCTTGCATGACCAACCCCGATATTTTCTCAGGACTCAGCCGTGGCCAGTTCTTGTCCAAGACTGGTCCCTGTGCTACGTTTGACAATGGAGCTGATGGTTACTGCCGAGCTGATGGCTGCGCCTCCGTCATTGTGAAGCGTCTGGATGATGCCATTGCCGACAAGGACAATGTCCTGGCGGTCATCCTGGGCACGGCTACCAACCATTCTGCCGACGCCATATCGATTACCCATCCTCATGGACCTACGCAGTCGATCCTATCATCAGCCATTCTCGATGAGGCTGGCGTCGATCCTCTCGATGTTGACTACGTCGAGATGCACGGCACTGGTACTCAGGCCGGTGATGGCACGGAGATGGTCTCCGTCACAGACGTTTTCGCACCTGCCAACCGCAAGCGCCCGGCAGACAGACCTCTGTATCTCGGCGCTGTGAAATCTAACATCGGCCACGGTGAGGCTGCTTCAGGTGTGACAGCTCTCTGCAAGGTTCTCATGATGATGCAAAAAAACGCCATCCCTCCTCACGTCGGCATAAAGAAGGATATCAACAAGACCTTTCCAAAGGATCTTGCGGAGCGAAACGTCAACATCGCTTTCCACATGACACCTCTCAAAAGGCATGATGGGAAACCCAGGAGAATCTTCATAAACAACTTCAGCGCCGCCGGCGGTAATACTGGTCTCCTTCTTGAGGATGGTCCTAGCCAGACGCCCACACAGGCGGACCCTCGCAGTGTTCAAGTCATTACTATCACGGCCAAATCCAAGACGGCCATGATTAAGAATGCTGAGCAATTGGTTACGTGGATGGAGAAGAATCCCGAAACCCCGCTTGCTGATGTTGCTTACACCACAACGGCCCGTCGCATGCAACACTACTGGCGCCTGAACGTCGCCGCCTCCACCTTGTCTGAAGCCATGTCGGCCATCAAAGAGAGGCTCACTCAAAACTTTGTGCCCATCTCGACTGAGCAGCCAAAGGTGGCCTTCCTGTTCACAGGTCAAGGCTCTCATTATGCTGGTCTTGGCAAGGACCTCTACGCCCACTACTCTGTCTTCAGAGACAGCATCAATGAGTTCAATCATATCGCCGAAGTCCATGGCTTCCCGTCTTTTGTGCCATTGATTGATGGCAGCGAGCCTGATGTCTCCAAGCTATCACCCGTGGTTGTGCAGCTTGGCCTTTGCTGCTTCGAGATGGCTCTGGCAAGGCTGTGGGCTGCATGGGGTATCAGGCCTGCTGTGGTTCTGGGGCACTCTCTCGGAGAATATGCTGCTCTGAACGTCGCCGGCGTACTGTCCGCAAGCGACACCATATATCTTGTCGGCAGTCGCGCTCAGCTTCTCGTTGACAGGTGCACTGCTGGTACCCATGCCATGCTTGCTGTGCAAGGCCCGGTTGGGACTGTCAACGAGGCTCTCGGTTCCGAATTCGCCTCAGTCAACATCGCCTGCATCAACGGGCCTCGTGAGACCGTTCTCAGTGGTGAAGCTGACCACATGATGAAGATTGCCACGCAATTGGGCGCGTCTGGATTCAAGTGCACCGAGCTGAAGGTCCCCTATGCTTTCCACTCGGCCCAAGTCGAGCCAATTCTTGACGAATTTGAGCATCTTGCCCGTTTCACTCGCTTCATGCCTGCTCAGGTGCCTATTATCTCACCTCTTCTCGGTAAACTCGTCGAGCATGAGCTTATTGACCCTTCATATCTTCGCAAACATGCCCGTCAGCCTGTGGACTTCCTCGGGGGCATCATCTCGGCACAACAATCAGGAGCAATCAACGAGAAGACCGTCTGGCTGGAAATCGGCCCTCATCCTGTGTGCGCCAACATGGTCAAGGCTGCTTTTGGAGTGGCCACCATTGCGGTACCCACGCTTCGACGCAATGAGTCAACCTACAAGACCTTGAGCAACGGGTTGTGCACTTTGCACACCGCAGGCCTGAACCTTGACTGGAATGAGTACCATCGGGATTTCAGCGAGTCTACTCGTCTACTCAATCTGCCCAGCTATTCCTTCGACGAGAAGAACTACTGGCTGCAGTATAGTGGTGATTGGTGTCTCACCAAGAACCGGGGCTCGGCTCCGGCCAAGGCGCCTGCTCTTCTGGAAGCGCCAAAGCCCAAGCTCTCGACAACTTCAGTGCATGCCGTCACCAAGGAGGAAATCAACGGGGACATTGTCATCATTGAGACCGAGACCAACCTTTCCCGCGAGGATACAAGAAACATTCTTGAGGGACACTTGTGCAACGGGACCCCTCTCTGCCCTTCGACGCTGTACGCGGATATGGCAATGACCATCTGTGACTACGCTTACAAGCTGGTACGACCCGAAGCTGAAAAGACTGGACTCGATGTTTCCGATGTGGAAGTTCCCAAGACATTGATCTTCGATGATAAGGTCGAATCTCACATGCTGCGCTGTAAAGCAACTGCCAATATTGTTCTTGGTCACGCTGATCTTGTTTTCCACACTGGCGAAGGCCCAAAGAGGACTGAGCACGCGAAATGCAGGGTCAACTTTGGCAACACCGAACAGTGGGCTGACGAGTTCGAGCGTGTCAAATATCTCATCAGCGGTCGCATTGATGCCCTCGTTGAGGCCGAGAAAGTTGGGAAGGCTTCAAAGATCGGCAGAGGCCTGGCCTACAAGCTTTTCACTGCCCTTGTGGACTACAACCCTCGTTTCCAGGGGATGGAAGAAGTTATTCTCGACAGCCGAACATGCGAAGCCACCGCCAAGGTCTCCTTCCAGACGAGCGAGAAAGATGGAAACTTTTTCTTCAGTCCGTACTGGATTGATAGCTGCTGCCACATATCCGGCTTCATCATCAATGGTACAGATGCGGTGGACTCGCGCGAGCAAATCTTCATATCCCATGGTTGGGGCTCCCTCAAGTTCATCGAAAAGCTCGATGCCTCCAAGACGTACCGCTCCTACATCCGCATGCAGCCGGTCAAGGACACCAAGGTCATGTCTGGCGATGCTTATGTTTTCGATGGCGACCGCATCGTAGGAGTCTGTGGTGACGTTAGGTTCCAGTCGATACCTCGCAAGGTCATGAACATGGTTCTGCCGCCCCGCGGGCGCGCGGCAGCCGGCATGATCACCGGTGCTGCGCCCAAGGGTGTCTCCAAGCCCACAGTCGTGTCACCACCCAAGGCGTCTGCTCCCAAGACGAAAACCTCGAAGCCGCTGACTTCCTCGAATATTCACACCGTCAATGCAAAGCTTGCCAAGCCCACGTCAGTTGTGGCCGAGGTCATGGATATTATTGCTAAGGAAGTCGGCGTGTCTCATGACGAGCTTGCTGATAACATTGCCTTCACAGACCTTGGGTGCGACTCACTCATGGCACTCACCGTGGCTGGACGTATGCGAGAGGAGCTTGATCTGGATATCGATTCTCATGCTTTCGTTGACCACGCAACGGTCGGCGCTTTCAAGAAGTTCCTGGCCCAGCTCAAAGTTCCTGATGATGCCGGTCTTGCCCAAAAGACTCACAGCCGCTCTGGGAGCTATGGGGCCCAAGACTCTGGTGTCTCATGCGTCTCCGACTCAGAATCAGACCTGACATCTTCTGATTCTGTTGTCACAACACCCCCAAACGAAAGTGACGAGACGTCGCTGAAGGATGGTGAAAGTCACGACAGCCTACAAGCCATTGTACGGTCTACCATTGCTGCAGAAATGGGCGTTGATATTGACGAAATTATCGCCGCTCCGGACTTGGCCGCACTTGGTATGGATTCGCTGATGAGCCTCTCCATTTTGGGCACACTGCGAGAGCAGTCAGGTTTGGATATTCCTGGCGACCTTTTCGTCCTTAACCCCTCCCTGTCCCAAGTTGAGAAGGCCCTTGGATGTGGACCAAAGCCGAAGGTAGCACCAGTAGCACCTAAAGTGCCCAGCATTGCTCGCCCAGCCTCGCCGCCGGTTGCCCCTACACGGGTCATCAACACCCATCCCGGCAACACCACGGCGAGCATCACCAAGCCCCCACCACCTAAGGAGATCGTTGATCACTACCCCCACCGCAAGGCTTCATCGACTCTTTTGCAGGGTAGTACGCGGACTGCTACCAAAAAGCTCTTCCTGATTCCCGATGGTGGCGGTTGCGCGACCTCTTACACCGAGATTAGCCAAATCTCTCCTGACTGGGCCGTTTGGGGACTCTTCTCGCCCTTCATGAAAACCCCCGAGGAATTCAATTGCGGCGTGTATGGGATGGCTGTCAAGTTTATTGAGGAGATGAAACGTCGCCAGCCGCAGGGGCCCTACCATATTGGGGGTTGGTCGGCTGGTGGTGTCATCTGTTTCGAGATTGTCAATCAGCTCACAAAGGTTGGCGAGCGCGTCGATAACTTGATCCTTATCGACTCCCCTTGCCCCGTCATTATCGAGCCGCTCCCTCGATCTCTGCACGCCTGGTTTGCTTCCATCGGGCTCCTTGGGGATCGCGAAGATGCGTCGAGCAAAAAGATTCCCGACTGGCTGCTCCCTCATTTCGCGGCTTCTGTCAATGCCCTCAGCAATTACACGGCGGAGCCCATCCCCGCCGACAAATGCCCTAACGTCATGGCCATTTGGTGCGAGGACGGCGTGTGCCACCTCCCAACCGACCCTCGTCCTGATCCGTATCCCACGGGTCACGCTCTTTTCCTCTTGGATAACCGGACCGACTTTGGTCCCAATCGCTGGGACGAATATCTCGACATTGCCAAATTCCGCACCAGGTCCATGCCAGGAAACCACTTTTCCATGATGCATGGTGACTACGCCAAAATGATGGGTACCTTTATCCGCGAAGCCCTGTGTCAGTAA,Novogene
Solanum tuberosum vs Mentha x piperita,111,down,7.2,-4.1,SCYD_COLOR,mRNA_8635,lyase activity//hydro-lyase activity//carbon-oxygen lyase activity//catalytic activity//molecular_function//scytalone dehydratase activity,GO,GGAAAATGCACGAATACCTCTTTGAAGCTCAGATTTCCAACTTTCTGCAGCTGCAAGAACTCGACACCAGCGCCACCGCCCAGACCCAGCTTCAGCGTCCACCATGGCAGCAGCACCCAACCCCGCCAACATCACCTTCGACGACTACCTCGGCCTCACAACGGCCTGCTTCGAGTGGGCCGACAGCTATGACTCAAAAGACTGGGACCGCCTGTCCCGGTGCATCGCCCCAGAGCTCCGCATCGACTACCGCTCGTTCCTAGACAAGATCTGGGAGGCCATGCCCGCTTCCGAGTTCCTCGCCATGATCTCCTCCCCGAGTGTCCTCGGCGATCCCCTCCTCAAGACGCAGCACTTCATCGGCGGCACCCGCTGGGAGCGCGTCTCGGACACGGAGGTCGTGGGCCACCACCAGCTGCGCGTGCCGCACCAGAAATACCGCGACGCGAGCATGTCGGAGGTTCTCGTCAAGGGGCATGCGCACAGCTATAACAAACACTGGTATCGCAAGATTGACGGCGTGTGGAAGTTTGCCGGCCTGTGCCCCGAGATTCGTTGGAGCGAGTACGATTTCGAAAAGGTGTTTGAGAGCGGACGGGATGATTTCGGTGCGAGGGAGGAGGTTCCGGCCGTGGAGTCGGACAAAGAGCCGGGGCTGGCTGTTGTGGAGAGGGAGATGGCGATTGCGGCGGCCAGTTGA,NA
Solanum tuberosum vs Mentha x piperita,111,down,8,-4.5,ARP2_ASPFU,mRNA_183,molecular_function//catalytic activity//oxidoreductase activity,GO,ACGAATCTCGCCTTCTCCGACTTCTTTATTGCTCTCAGATAACAACACAACATCCACGATGGCCCCTGTTGCTGCAGAGGATATTGTGCCGGACGCTGCTGAGCGACAGCAAACCCCTGACCCCTTCGACGCCGCCCGCCCATTCCTTGGCAAGGTCGCTCTCGTCACCGGATCCGGTCGTGGAATTGGCAAAGGCATCGCTCTTGAGCTTGGCAAGCGCGGCGCCAAAGTTGTCGTCAACTACGGCTCCTCCGCTGCGGCAGCCGAGCGGGTGGTTTCGGAACTTGCAGATGTCGGCACAAAGGCCATTGCCCTCCAAGCCAACATTAGCAAGCCTGCGGAGGTCATCGATCTCTTCGATCGTGCTATTGCTCACTTTGGCCGCATCGACTTCGTCATCTCCAACTCGGGCAAGGAGGTTTGGTGCCCGGAGACCGAGGTCACCCAGGAGCTGTTCAATGACATTTTCGACCTCAACTGCCGTGGCCAGTTTTTTGTCGCCCAGCAGGGTCTCAAACACTGCGCGCCCGGTGGCCGTATCATACTGACGTCGTCAGTTGCTGCTTCCATGGGCGGCATTCACAACCATGCCCTGTATGCCGGCTCCAAGGCTGCTGTCGAAGGGTTCACGCGCGCCTTTGCCGTCGACTGCGGCGAGAAGGGTGTGACTGTCAATGCCATCGCCCCCGGCGGCGTGAAGACAGACATGTATGATGAAAATGCTTGGCACTATGTCCCTGGCGGCTTTAAAGGCATGCCCATCGAGACTATCGACCAAGGCCTTGCCAACATGAACCCCCTGAAGAGAGTTGGTGTGCCCGCCGACATTGGTAGAGCCGTCTCTGCCCTGTGCAGTGAAGACTGCGAGTGGATCAACGGTCAAGTTATCAAGGTCACCGGCGGTGGCACCTGA,Novogene
Solanum tuberosum vs Mentha x piperita,111,down,13.4,-4.7,AYG1_ASPFU,mRNA_10198,"peptidase activity//protein binding//serine hydrolase activity//catalytic activity//peptidase activity, acting on L-amino acid peptides//hydrolase activity//binding//molecular_function//serine-type peptidase activity",GO,ATGTTGGAGGACATAGCCAGGTCGCTCGCTCGACTGCGCATCGCTTCTCTCAAATCCCAGGTCATCAGCGACAGCCACCAGCCGCACATTGCTCGACGCCGCCGTAGCAACAGGGTGACCGTTGTGCAGCGAAGGCTTCTCAGTATGCCGTACGGAACCGCCAAAGAGCCCGAGCCCGAGGGCAGGGCGTGGCTCATGGGGAAGGAAGCGTTCGAGACGAGAATGCCACATCACGAAGGCATCAAAGCCCTGTGGGAGACCAAATGGAGATTTCCATGCACCAAAAGTGTGTACCCTTTCCATGACGGCCAGTATGAAGACTTTGTGGATGTCTTTGAGCACCTCATAAGCTACAATATAAACGATGGCACTTCGAGGGCGTATACTGAAGCTTTCTTTCCCAACGCTGCCCGTCTCATTGCCAGGGGTGACAAGGCCGCATCGGCTGGCGACCCGAAGCAGGCAAGCCAGCTTTACCTTCGCGCTTGTGCTCTTTACCGCATCGCTCGTTTTCCCTACATTACAGCCTTCCCAGATATCAGCTGCCCCATCAAGTGGAAGGCGTGGCAGTGGCAGAAGGAGACGTATCTCAAAGCTGCCAGCGCGTGGGAGTGCCCCGTGGAAGAGGTTGAGATCCCGCACATGCACAAGCAGGGGCGCGACAGGGCGAACATACCGGTATATGTCCGCCTGCCCAGATCTTTGAGTTCTCGGCGCCAGCCCTGTCCCGTCGTCTTGCTCATGACTGGTCTGGATGGCTACAGGCCCGACAATACGCTGCGTTGCGACGAGTTCTTGTCACGAGGATGGGGCAGTGTCGTTGTCGAGATCCCGGGCACAGCAGACTGCCCTGCTGATTCGGCTGACCCAGACAGCCCTGATCGGTTGTGGAGCAGTGTGCTCGACTGGATGGCAGCGGACGGCCGGTTCGATATGGGCAAGGTGATGGTCTGGGGGCTCAGTTCGGGTGGCTACTATGCTGTTCGCATCGCGCACACGCACAAGGAGCGGCTCATCGGTTCGATTGCGCAGGGAGCCGGGTGCCATTACTCTTTCGATGAAGAGTGGTTGGACAAGGCCGATGGGCACGAGTATCCGTTTCGATTGACGCCGGCTATGGCTATGAAGCACGGTTACGAGACTGTGGCGGAGTACAAGACGGGGGTGCAAAAGAAGTTCTCGCTTCTTGACACAGGAATCATACAGCAGCCTTCAACCAGGCTCCTTTTGATCAACGGTACGCAAGACGGCTTGATGCCAATCGAGGATTCCATCATGCTGTTTGAGTACGGAACGCCAAAAGAGGCTAGGTTCTTCCCGGGAGCGTTGCACATGGGATACCCGATGGCCAATGGGTCTGTATACCCTTGGATGGAGAAGGTCATGGCTTTCAAAGCTTGA,Novogene
Solanum tuberosum vs Mentha x piperita,111,down,35.5,-5.1,-,mRNA_6472,molecular_function//binding//extracellular matrix binding,GO,TGAGCGCCGCTGCAACCACAATTACGGCACTTGTTTATTCTACATCTAAAACGACCGACGGAAACGGGCGAGAACCAACTTTGCCAACATGAGAGCAGTCCTCCTGTCCGCCATGCTGGCCTCCGCAGCTACGGGTATCCGTGCTTCTCCTGATTCACCCTGGCCCTGGGACAACGACGACGACAAGGACGGATGGAATTGGGGACGGAGAGATGGATGGAACGGCCCAGGGCCTCGATGCGCCTCGTCCTGTCTCTCGTCTTACTGGCAATCTGCGGTTCTCACGCCAGAAGCCATCTGCACCGAGGCCACAGGTCTCGAATCGTGCCTCGCCTCCGCCTGCTCGACCGATGCTGCCGCCTACAGCAGCTACACCTCGCGCTCCGCATCCGAATGCTCGCGCTGGTCCACCTGCTCGACCACGGGCACCTACACGTACTCGTACGACTCTGAGTGGTGGGACTGGGCAACCCCCACGGCGACGGTCGTGACGGTGACGGGGTGCCCTTGGAACGGCAAGGGCTGGGGCTGGGGCCCCTGGGGTGACGGCGATGGCGATGGTTGGGGGAACCGGGGCCCGGGCTGGAGGTACGAAACCGACACGGTGACTGTGACGGTGACGGACGGGGGCTCGGCGAGCGGGACTCCCGTTCTGTCGACCATTGTTGTTGCTGCAGCCGTCAGTGGAGACGAAACTGTCCGCACGACCTTTGGCTTGGCTGCGGCGACAGGGACCGATGGTAATGACGTCAACGACGACAATAACAGCGCGGCCCCCGGTGGTGACGACCTCAGAGGCGTCAAGGCTGCTCTGGTTTGCCTTGCGGCTGTCGTGGTCGGAGTTGGCCTTCTGTGA,Novogene
Brassica juncea vs Mentha x piperita,111,up,12.7,5.5,-,mRNA_1342,NA,NA,ATGGCCACCACGACCCCGAGAAAGTCGCTCCGCATCGGGGTCATGATGGAAGCCGTCCAGCTGGCAGACATCACCGGCATCGATATCCTCGGCAACCTCTCGAGAAGCCATTACGAAGGAGGGCTCGCCATTGACGCGGAATTTGCCAAGTTTGAACAGGACGCCGTCGACATGACCTTCTACTACATCGGCAACACCCTCGAACCCACGGGCACGAGCCCCAGCCTCATGTATCTCCCCAACGTCACCTACGACACGTGCCCCCGCGACCTGGACATCATCATCATCGGCGGACCGCTGCCGAGCCACCGACCTGCCCCGGCAGACCGCTTCATGAAGGAGGCCTGGCTCACGACCCGCGTCTGGCTAACTACCTGCATCGGCTCCATGTGGCTCGCCAGCACCGGCCTGCTGGATGGCAAAAAGGCCACGACCAACCGCAGCCTTTTGGGCGCTGCGAAGCAGGCGCGCCCCGGCGTTGAGTGGCTTGATCAGAAGTGGGTCATCACGGACAAGCCGTACGCGGGGCCGAACGGCAAGGGCGAGCTCTGGACGGCGGGCGGTGCGGCCGTTGGAACCGAGATGATCGCAAAGTACTGTCTGCAAAACTTCAACCCGGAGTACGTCCAGTACGTGGCTCTGCATTCTCTGGCTCTCGATGAGTATAAGCTCGAGCCGTTCTACCGCAAGTAG,Novogene
Brassica juncea vs Mentha x piperita,111,up,40.6,5.4,-,mRNA_1341,NA,NA,ATGTCTCAGCAGATCAAGAACGTTGTCATTGCCGGTGTGAGTCCCAGCCTCTCACGGCCGCCCAGGCTGTCCGCATCTGACTTGTTTCCGTTTAGGCGACTGGCAGCGCCGGCTCTCACGTCCTGCAGGCCCTTGTCAAGTCTGGCAAAGTTCAACGTCACCGCAGCGGTCCGCAAGGCCAACGACAAGCTGCCATCCTCCGTCAACGTCAACGACGCCGTCATCGACACGACCATGAGCCCAGACTCGGCCATGCCCCTGCGCATGGTCGAGGCAGCCGTCGCCGCCGGCGTCTCCCGCTTCATCCCCTCCGAGTTCTCCATTGACCCCAGGAACTCCAAGGGTCGCTCCGTACCCATTTACGCGCCCAAGAACGAGGTCCTCGCCAAGCTCGAGGAGCTCGCGGCCGCGGGCAAGCTCACGTGGACGAGCATCTCCAACGGTGCCTTTCTCGACTGGAACCTGCGCACGGGCTTCTTCAAGATTCACCTCAAGACCAAGAAGGCCGAGCTGCTCGACGGTGGCGAGGTTGTCACGGCGTGGACGCTGCTTGACCACGTCGGCCAGGCGGTGGTCGGTGTGCTCCTCCACCCCGAGGAGACCAAGAACCGCCCCGTCTACATCTCTACGATCCAGATGAGCCAGAAGTCAATGGTTGAGCTCGCCCAGCAGGCCCTTGGACGGGACGGTTGGGACATCAGCTCGCTGGACATGGAGCCGGTGTATCAGCAGTCGCTTGGTGAGCTCTTCGCAGGCAGGGTCACGTTTGAGGTCATTCGCAACCTGATTCTGTACTGCAACTCGAGAGAGGACTACTCCGGACCATTCGTCAAGACCGACAATGCTCTCCTGGGAGTCGAGCAGTGGAGCGACGAGCAGGTGAAGCAGCTGATTGTGTCGATCGCTTCCGAGTAG,Novogene
Brassica juncea vs Mentha x piperita,111,up,7.5,3.4,BFR1_SCHPO,mRNA_3553,"carbohydrate derivative binding//RNA helicase activity//nucleoside phosphate binding//organic cyclic compound binding//hydrolase activity, acting on acid anhydrides//ligase activity, forming carbon-nitrogen bonds//nucleoside-triphosphatase activity//purine nucleotide binding//ATP binding//pantoate-beta-alanine ligase activity//GTP binding//helicase activity//catalytic activity//transporter activity//P-P-bond-hydrolysis-driven transmembrane transporter activity//purine nucleoside binding//ribonucleotide binding//guanyl ribonucleotide binding//active transmembrane transporter activity//nucleotide binding//adenyl ribonucleotide binding//ATPase activity, coupled to transmembrane movement of substances//primary active transmembrane transporter activity//ribonucleoside binding//purine ribonucleotide binding//hydrolase activity, acting on acid anhydrides, catalyzing transmembrane movement of substances//molecular_function//hydrolase activity, acting on acid anhydrides, in phosphorus-containing anhydrides//RNA binding//pyrophosphatase activity//adenyl nucleotide binding//ATPase activity, coupled to movement of substances//purine ribonucleoside triphosphate binding//guanyl nucleotide binding//anion binding//ATPase activity//ATPase activity, coupled//ligase activity//nucleic acid binding//DNA binding//hydrolase activity//ion binding//small molecule binding//GTPase activity//nucleoside binding//transmembrane transporter activity//purine ribonucleoside binding//binding//acid-amino acid ligase activity//heterocyclic compound binding",GO,ATGGAGGCGCGTGCGACACCACTCGATACTGACGTCCCGGGCGGCTTCCCTGAGACTCCGGCCTCCAATGGGGCTCCTACGCCACAAAGCCTACAGAATCGCAACTCTGCCAGCAGGGTTGTCAACTACAGCGCTGGATCCTACATACCCACCTCGAACCAAAGTGCTGGGAAAACCTCGAATGATGGTCTTGCTGGAAATGCTTCCTACTTCGGTTCTATGAACGGCGGTCGAGACGCCCGTGCCGAGCCCTCACCCACCTACGGCGCCTCCTCCGAAGCCAGTACCCTGCATGGCGATCGGGCGTCGCACGATCGTGATGCCGCTCCTCTAGCCGCTGCCGCTTTTGCGTCGCAGGACTCGAAAATCCTCGACGAAAAGGAGCAAGTTTCGCCAGCTGCCAGCACACCGTCCGATGACGATGAGCCCCAACTCGCGCCATTAAAACCCGCCCCTAGTTCGACGGAGAAGTCGCACCTTCACCGTCAGAGGAGCGCCCGAAACGAGGATGAACTCTTCCAGATGCTATCGAGGCGCCGGACCGGTGCATCCTCGACGGCCGAGGAGCAAGAAGAAGAAAGCGAGATCAACATGCTCATGGCTCGTATGTTCGGAAAGACGCGTCAGGAGAATTCAGAGGAGGAACAGACCCGCCACAGTGGTGTTGTCTTCCGCGACCTGACTGTCAAGGGCGTCGGTCTCGGTGCCAGCCTCCAGCCTACCGTGGGCGATATCTTCATGGGGCTCCCGAGAACCCTGAAAAACCTCCTTACCAAAGGCCCCAAGGCTGCCCTGGCCAAGCCGCCCGTTCGCGAGCTCATCAGCCACTTCGACGGCTGTGTGCGACCTGGCGAGCTCCTCCTTGTCCTGGGCCGTCCTGGCTCCGGCTGTACGACCTTTCTCAAGGCCTTTTGCAACCAACGCTCTGGCTTCGAAGCCGTCGAGGGCGACGTCACATATGGCGGCACTGACGCGCAGGAGATGTCTAAGAAATACCGTGGCGAGGTCATCTACAACCCCGAAGATGACCTCCACTACGCTACATTGTCAGTGAAGAGGACGCTCAAGTTTGCGTTGCAGACCCGAACGCCGGGCAAGCACTCTCGACTCGAAGGCGAGAGTCGTCAGGACTACATCGCCGAGTTCATGAGGGTGGTCACCAAACTGTTCTGGATCGAGCATACCCTCGGTACCAAAGTCGGCAACGAGTTCATCCGTGGCGTATCTGGAGGCGAGCGCAAGCGTGTCAGTATCGCTGAAGCCATGATCACCAGAGCCTCCGTTCAGGGCTGGGATAACTCCAGCAAGGGTCTCGACGCGAGCACTGCCCTGGAGTATGTGCGCTCCATTCGTGCCATGACCAACATGGCCGACGTCTCCACTGCCGTATCACTCTATCAGGCCGGAGAGTCTCTCTACGATCTTGCAGACAAAGTTCTGCTCATCGACGGCGGCAAATGTTTATACTACGGACCTTCCGACGACGCCAAGCAGTACTTCATGGATCTTGGGTTTGATTGCCCCGACCGCTGGACCACTGCCGACTTCCTCACCTCAGTCAGTGACCCTCATGAGCGCAGCGTCCGCAAGGGCTGGGAGAACCGTATCCCTAGAAGCCCCGAGGAGTTCTACGAAGCCTATAAGAAGAGCGACGCGTACAGGAAGAATCTGGCCGATGTTGAGGACTTTGAGTCGTCGCTCGTCGAGCAACGCCAACAGCGCGAAGCTGCCTCGTCAGAGATTAAAAAGAAGAACTACACCCTCCCTTTCCATCAGCAAGTCATCGCATGCACCAAGCGCCAGTTCTTGGTCATGACCGGAGATCGCGCATCTCTACTCGGCAAATGGGGAGGCCTCGTATTCCAGGGCCTCATTGTCGGCAGCCTGTTCTTCAATCTCGCTCCCACAGCCGTCGGCGTATTCCCTCGCGGCGGTACTCTCTTCTTACTACTTCTCTTTAACGCTCTTCTCGCTCTCGCTGAACAGACTGCTGCCTTCGAGTCCAAGCCCATTCTGCTCAAACACAAGTCCTTCTCGTTCTACCGACCGGCGGCATATGCTATTGCACAAACCGTGGTTGACGTGCCGCTTGTGTTCATCCAGGTGTTCCTCTTCAATGTCATCATCTACTTCATGGCAAACCTCGGACGAACGGCATCGCAATTCTTCATTGCCACCCTCTTCTTGTGGCTTGCGACCATGGTGACGTACGCCTTCTTCCGAGCCATTTCGGCGTGGTGCAAGACCATGGATGAGGCCACTCGCTTCACGGGCATTTCAATCCAAATCTTGGTCGTATACACTGGCTACTTCATTCCACCTAGCTCCATGCCTCCATGGTTCGGCTGGCTGAGATGGATCAATTGGATTCAATACAGCTTCGAGGCCCTGATGGCAAATGAGTTTTCCAGCTTGGATCTGCAGTGTGAGGCGCCATTCCTAGTGCCTCAGGGTCCAAATGCTTCGCCTCAATACCAGTCATGCACTCTTAAGGGCAGTGAACCCGGCAGTACTATCGTCACCGGTGCGGCGTACATCCGGGAGGCGTTCTCCTACACTCGGTCTCACCTATGGCGCAACTTTGGCTTCCTCTGGGCCTTTTTCTTCTTCTTCGTCTTCCTGACCGCCCTCGGCATGGAGCTGATGAAGCCCAATGCTGGCGGTGGCGCTGTTACCGTCTTCAAGAGGGGTCAAGTCCCCAAGAAGGTGGAGGAGTCAATCGAGACCGGCGGCCACGAGAAGAAGAAGGACGAGGAAGCTGGCCCTAGCGGACACTTTTCGCAGGCCATGCCCGACACGAGCAACACAGGCGAGACAAGCGGCGACGCCGCAAACCAGGTCGCAAAGAACGAAACCGTCTTCACTTTCCGCAACATCAACTACACTATCCCGTACGAGAAAGGAGAAAGAAAGCTTCTTCGGGATGTTCAAGGCTACGTCCGCCCCGGAAAACTCACTGCTCTCATGGGAGCTTCAGGTGCTGGCAAGACGACCCTTCTCAATGCTCTAGCCCAACGTCTCAACTTTGGCACAATCACTGGTGATTTCCTCGTCGATGGTCGACCCCTTCCCAAGTCCTTCCAACGTGCCACTGGCTTCGCGGAGCAAATGGACGTTCACGAGCCCACATCTACAGTTCGTGAGGCCCTTCAGTTTTCGGCTCTGTTGCGTCAGCCCCGCGAGACACCGAAACAGGAGAAGCTTGATTACTGCGAGACCATCATCGACCTCTTGGAAATGCGCGATATCGCCGGCGCGACTATTGGCAGAATCGGCGAGGGATTGAACCAGGAGCAGCGTAAGCGTTTGACAATTGGCGTCGAGCTTGCTTCAAAGCCCGAGCTACTGATGTTCCTCGATGAGCCCACATCTGGCCTTGATTCTGGCGCCGCTTTCAACATTGTCCGCTTCCTTCGTAAGCTGACCGACGCCGGCCAGGCTGTGCTCTGCACCATCCACCAGCCCTCAGCCGTTTTGTTTGAATACTTTGACGAGTTGCTTCTTCTCAAGTCCGGTGGTCGTGTGGTCTACCACGGCCCTCTGGGACACGACAGCAGCGAGCTGATCGGCTATCTTGAGTCAAACGGCGCAGACAAATGCCCGCCCAACGCCAACCCTGCCGAATACATGCTCGAAGCTATCGGTGCTGGTGATCCAAACTACAAAGGCCAAGACTGGGGTGATGTGTGGGCTGATTCCTCTCATCGCGAGGCCCGTTCGCGCGAAATTGATGATTTAATTGCCGAGCGCCAAAACGTCGAGCCGACTGCCAGCCTGAAGGATGATCGCGAATACGCTGCATCCCTCGGTACACAGACGATGCAGGTGGTGAAGCGTGCCTTTGTCTCCTATTGGCGGTCACCCAATTACATCGTCGGCAAGTTCATGTTGCATATACTCACTGGCCTTTTCAACACCTTCACCTTCTTCAAGATCGGCTTCTCTTCGACCGATTTCCAGAACCGCCTGTTCTCCATCTTCATGACGCTCGTCATCTCACCACCTCTTATCCAGCAACTGCAGCCTGTCTTCCTCAACAGCCGCAACGTTTTCCAGTCTCGAGAGAACAATGCCAAGATTTATTCCTGGTTTGCGTGGACCACGGGCGCTGTACTTGCCGAGATTCCCTATGCCATCGTCGCTGGTGCCGTTTACTTCAACTGTTGGTGGTGGGGGATTTTCGGCCTCGATGTCTCCGCCTTTGTGTCGGGCTTCGGTTTCCTCCTCGTCATCCTATTTGAGCTCTACTTCATCAGCTTTGGTCAAGCCATCGCTGCATTCGCCCCCAACGAACTGCTCGCCTCCCTGCTTGTTCCGCTCTTCTTCCTTTTCGTCGTCAGTTTCTGCGGTGTCGTTGTCCCGCCCATGCAGCTCCCCACCTTCTGGCGCGAGTGGATGTACTGGCTGTCGCCCTTCCACTACCTCTTGGAAGCTTTCCTCGCAGCTGTCATTCACGACCAGCCCGTCCAGTGTGCTTCTGAAGAGTTTGCTCGCTTTGAGGCACCGAACGGTCTTAGCTGCGATGAGTACGTTCAGCCATTCATCGCCGAAGCGGGCGGCTACGTGCAGACAGCCTCTGATGGGCTGTGTGAGTTCTGCCAGTATGCCACCGGTGACGAGTTTGGTGTCGGCTTCAGCGTGTACTACAGGAATATCTGGAGGGATTTCGGGATCTTCTGCGGCTTCATTGCATTCAATTACGCCGTTGTCTATCTTGCCACGTGGTTGCGGTTCAAGGGGAAGAACCCCCTGAAGGGTTTTATGGCCAAGAGGAAGAATTAG,Novogene
Brassica juncea vs Mentha x piperita,111,up,7.7,3.2,DUS4_SCHPO,mRNA_9681,"tRNA dihydrouridine synthase activity//molecular_function//coenzyme binding//anion binding//small molecule binding//ion binding//cofactor binding//flavin adenine dinucleotide binding//heterocyclic compound binding//binding//organic cyclic compound binding//nucleoside phosphate binding//catalytic activity//oxidoreductase activity//nucleotide binding//oxidoreductase activity, acting on the CH-CH group of donors",GO,ATGCCGGCTTCCGAAGAACTCGAGGCGACCTGCCCGAGCATACACGATGCAAGCCTGTGGCTGACTTGTCAAGATCTCACCGTGTCGTCTCGCGGAGTTCAGCCACCGACAGTATTGCAATGGGGCGCCAATAAACCAGAGGAGATCGCGCGCTCATCACTCCTGGCGGCGCCCTATGTCAACGGCTTCGACCTCAATTGCGGCTGCCCTCAGTCATGGGCCTGCGCCGAGACTTTGGGAGCCGCGCTCATGGAGAAGCGTGAACTGGTGAGGGATATGGTCATCGAGACTCGCCAAGCCTTAGAAAGGGACGGATGGGGTGTGGCCAAGGAGAAGGACATTGAGAACCCCCAGGGCCGCAGCGTGAGCGTCAAAATTCGAGTACACAAGGACCTGCGAAAAACAATGGACTTTATCGAAACGGTCATAGGCGACCAGCACAACCGCCACGTCGACTGGCTCACTATCCATCCCCGAACCCGAAGCACGCCCTCTAGTACCCCCATTTTCGGCGACTCCCTCGCCATACTCATCGAGAAGTACGGCACCCGGCTCCCCGTGCTCCTCTCCGGCGATGTCTTCTCCCTCTCCTCCCTTCCGCTGTCGCCTCTCCTCGCCCCTCAGCCGACCATCACAACGAATGGAGAGTCGGAGCCGGCCCTCCCCCGCTTCCGCCCAAGCACCACAAAGCTCGCAGGCCTCATGTCCGCCCGCGGTATCCTCGCCAACCCTGCGCTCTACGCCGGCCACGAGTCCTGCCCTTGGGAGGCCGTCGAGGCCTTCCTCCGTCATCTCGCGCGCGCTCCACTGCACCTCAAGCTGGTGCTGCACCACCTCGGCGAGATGTGCGGGCCCGGCATGGGGCCTGATAAGAATGCCCTGTTGAACAAAGGGGAGCGGGTGCAACTGAACGCGATGACGAACATGTGCGACGTGATAGATTTCATGGACGAGGTCGTCGAGCGGAAGACGGGGCGTAAAGGAGGCGTTGACCGTCTGGGCGATATTGCGGACGGTGTAGACCGAATGAAACTTAGTTCTGCTTAA,Novogene
Brassica juncea vs Mentha x piperita,111,up,67.6,2.6,YDDQ_BACSU,mRNA_10347,catalytic activity//molecular_function,GO,ATGTCCTCATTCCGCTCCATGCTCGGCGTGCCGCCGTCCACGGCCTCCACCCAGGACAGTGTCCTCGTCATCATCGACGCCCAGGGCGAATACGCCGAGGGCAAGCTCAAGATTTCCAACATTGAGGCGTCGCGCCCCAACATCTCTTCCCTGCTGGAGAAGTACCGCGCCGCCAACGCGCCCATCGTCCACGTCGTCCACGAGACGCCCGCCGGCGCCCCTCTCTTCACGCAGGGCACGAAGCTCGCTGAGATCTTCGACGAGCTCACGCCCAAGGAAGGCGAGGCTGTCGTGACGAAGCACCACCCCGGTTCATTCGCCGACACCAACCTTCAGGAGATCCTGGAGAAGTCCGGCAAGAAGAAGATTGTGCTCGTCGGGTACATGGCTCACGTCTGCGTCTCGACGACGGCCAGGCAGGGCGCGCAGAGGGGCTGGGATGTCATCGTTGCCGAGGACGCTGTCGGTGACAGGGACATTCCCGGCGTGGATGCTGCGCAGCTTGTGAAGGTTGCTCTGGCTGAGATTGCTGATGTCTTTGGCACTCTTGTCTCGAGCAAGGATATCAACTAG,Novogene
Brassica juncea vs Mentha x piperita,111,down,7.2,-3.5,YUC7_ARATH,mRNA_2656,"oxidoreductase activity, acting on paired donors, with incorporation or reduction of molecular oxygen//anion binding//molecular_function//coenzyme binding//FAD binding//monooxygenase activity//heterocyclic compound binding//binding//flavin adenine dinucleotide binding//cofactor binding//ion binding//small molecule binding//oxidoreductase activity//catalytic activity//NADP binding//oxidoreductase activity, acting on paired donors, with incorporation or reduction of molecular oxygen, NAD(P)H as one donor, and incorporation of one atom of oxygen//nucleoside phosphate binding//N,N-dimethylaniline monooxygenase activity//organic cyclic compound binding//nucleotide binding",GO,GCACTTGAGAACCTTCTCTGGGCCACACAAGATCACAGAGACCCTCTCTTCCCTATCCCGAGCTCGTGAGATGGAGTCTTTGGTTGTGGTGCCTGAGTCCGCCCAGGTTGTGTCAACAGTAGCAAATCTGACATGGCTCGATTGCAACTTTACTTTCAGAACAAAACACCCGCCGGCCAGCTGCCTTGGGAAGCTGATGATGCTCCCTGAGAAAGTATCGGATGGCCAGCTGCATTGGAAGATTTGGACAATGGCTACACTGCTCACTGCCTTCGACGACTTTCCCGAAGACGTGAGGCTATTGAAAGAGCCCTCAACAGCCATTGGCTCCGGTACAGTTCTGTCTACCGACGTGGTCATCGTTGGCGGAGGCAATGCGGGATTGATTCAGGCTGCTCGTCTTAAAGCACTCAACGTAGACTTTGTCGTCATCGAGAAGAACCCGCAAACTGGAGACAACTGGGCGAAACGATACGACTACATGCGATTTCACATCGGCAAGAACTACTGCCAGATGCCATATCTCCCCTATCCGGAGGAGGCAGAGTACGAGCTACCTCGAGACGAACTTGAGCGACATATTCAGCGTTTCGCGCGAGAGTTTGACCTAGGACCGCGAGTGCTCAACAACTCCAAGGTCAAAGCAACAAGTTTTGACGAGAATGCCCAAGTTTGGAAGCTCGACTTGATTGTCGAGGGGGCTCAGAAGTCGATCACTTGCAGAGCACTGATCATTGCCACAGGGTCAGGGTTCAGCACGCCATTCATCCCCGATGTTGCCGATCGAGGAGCGTTCAAGGGGCCGAGTCTGCACTCCTCGTCCTTTCGGAGCGGCAAGGAGCTCTTACAACACGGAGCCAAGTCCGTCATCATCATTGGGTCCGCCAACTCGGCCTTTGACGTGTTGGAGGATTGCCACAACGCTGGCTTGACGGTCCAGATGATCCAGCGATCTCCAACATACGTCATTCCAATGAGATACTACGCCCATCCCCAGGGGTTAGGGATTTTCGACGTGGTATCAACTGAGGTTGCGGATGCCACGATCAACATGGGCCCAGTTGCCATCGGTGGTCAGCTGCCAGGGCTGGTCCACGCCGCGCTGGCGGCCGAAGAGCCCGAGCTGAATGACGCCGGATTCAAAGCGGTAGACTCCACGAAGGCGGACCTCATCGACCATCTGCACAGCCGCGCAGGTGGCTTCGTTGTCGATATGGGCACAGGTGGCGTTGATCTTATCGTATCCGGGACGGCCAAGGTTCGATCTGGAGTCACGCCTGTGTCCTATACATCAAGCGGACTGCGGCTCAGTGATGGGACCCTGATGGAAGGTGACTCGCTAGTTTGGTGCACGGGATTCGAGACTGATACGCGCAAAGAGCTCGGGGCGGTTCTGGGCGAAGGAGCTGATGCAGTGGCAAGCAAGATGGATGCCATGCTAGGCGTTGATGGTGAAGGTGAGCTAAGAGGGTTGTGGAAACGACACGGCGGGGTTGACGGACTTTGGGTTCTGTCAGGGGGCGCTGGTCAACACCGCTGGTACTCAAACGTGGTTGGCTTGCAGGTGAAGGGGTGGCTTGAGGGTATCTTGCCTGATGCCTATCGCGACACGCTTGAGAGATCATATCAGGCAAACAAGCCGAACATGTGA,NA
Brassica juncea vs Mentha x piperita,111,down,19.9,-3.6,-,mRNA_299,NA,NA,ACCAGCAACAGCTTCAGCTTCGACTCGAAACCAACAAACCAGCCTCTCCATTCAACCATTGTGTCTTGTTTTGACGACATCTCCACTCACAGTCAACTTTGAAGACCCCAAGTGTACACATCTTTGAGACCAACTCTCCTCACAAACACACAACTCCACCACACAAACATCACCACCAAACATCACCATGTCTGCCTTTGTCGCCCGCTCTGCCCTCCGCGCCACGCAGCGCAGGCAATTCTCCCTCCTCACCAACATGCGCAACATGGCCCGCACCTTTGAGCCTCATCCCTTCCAGAGGATGACGACCGCTCAAGCGGCGAAGCCAGACTACTCCAAGATGTTCAAGAACCGCGTCTTCAACGCTACCATCTATGTTCCCATGATGTGCGCCATGCTCGGCTGGCCCTACGCTGCCGCCATGATCGTGGACGGCCGCGTCTGAGCTGCTCTGTCGCGACAGTTTCGCATTGTCAAAGACGCCGGGAAGAGGAGAATAATACATTCATCTTCTTGCGATGGCCTGGGACAGCCAGGAACATGGCTGTTCATTTTTCTTTTTTTGTTGACACATGCAAAGCTACCGCTGAATACCACATTTGTACATACAGCAAACATTCTGCATAGAAGAAGGCGTTTAGGGATGGGAGCAGTCGCTCGATTTGGGATTCCGGATCAATCAATTTCCTTTAAAAA,Novogene
Brassica juncea vs Mentha x piperita,111,down,13.4,-3.6,AYG1_ASPFU,mRNA_10198,"peptidase activity//protein binding//serine hydrolase activity//catalytic activity//peptidase activity, acting on L-amino acid peptides//hydrolase activity//binding//molecular_function//serine-type peptidase activity",GO,ATGTTGGAGGACATAGCCAGGTCGCTCGCTCGACTGCGCATCGCTTCTCTCAAATCCCAGGTCATCAGCGACAGCCACCAGCCGCACATTGCTCGACGCCGCCGTAGCAACAGGGTGACCGTTGTGCAGCGAAGGCTTCTCAGTATGCCGTACGGAACCGCCAAAGAGCCCGAGCCCGAGGGCAGGGCGTGGCTCATGGGGAAGGAAGCGTTCGAGACGAGAATGCCACATCACGAAGGCATCAAAGCCCTGTGGGAGACCAAATGGAGATTTCCATGCACCAAAAGTGTGTACCCTTTCCATGACGGCCAGTATGAAGACTTTGTGGATGTCTTTGAGCACCTCATAAGCTACAATATAAACGATGGCACTTCGAGGGCGTATACTGAAGCTTTCTTTCCCAACGCTGCCCGTCTCATTGCCAGGGGTGACAAGGCCGCATCGGCTGGCGACCCGAAGCAGGCAAGCCAGCTTTACCTTCGCGCTTGTGCTCTTTACCGCATCGCTCGTTTTCCCTACATTACAGCCTTCCCAGATATCAGCTGCCCCATCAAGTGGAAGGCGTGGCAGTGGCAGAAGGAGACGTATCTCAAAGCTGCCAGCGCGTGGGAGTGCCCCGTGGAAGAGGTTGAGATCCCGCACATGCACAAGCAGGGGCGCGACAGGGCGAACATACCGGTATATGTCCGCCTGCCCAGATCTTTGAGTTCTCGGCGCCAGCCCTGTCCCGTCGTCTTGCTCATGACTGGTCTGGATGGCTACAGGCCCGACAATACGCTGCGTTGCGACGAGTTCTTGTCACGAGGATGGGGCAGTGTCGTTGTCGAGATCCCGGGCACAGCAGACTGCCCTGCTGATTCGGCTGACCCAGACAGCCCTGATCGGTTGTGGAGCAGTGTGCTCGACTGGATGGCAGCGGACGGCCGGTTCGATATGGGCAAGGTGATGGTCTGGGGGCTCAGTTCGGGTGGCTACTATGCTGTTCGCATCGCGCACACGCACAAGGAGCGGCTCATCGGTTCGATTGCGCAGGGAGCCGGGTGCCATTACTCTTTCGATGAAGAGTGGTTGGACAAGGCCGATGGGCACGAGTATCCGTTTCGATTGACGCCGGCTATGGCTATGAAGCACGGTTACGAGACTGTGGCGGAGTACAAGACGGGGGTGCAAAAGAAGTTCTCGCTTCTTGACACAGGAATCATACAGCAGCCTTCAACCAGGCTCCTTTTGATCAACGGTACGCAAGACGGCTTGATGCCAATCGAGGATTCCATCATGCTGTTTGAGTACGGAACGCCAAAAGAGGCTAGGTTCTTCCCGGGAGCGTTGCACATGGGATACCCGATGGCCAATGGGTCTGTATACCCTTGGATGGAGAAGGTCATGGCTTTCAAAGCTTGA,Novogene
Brassica juncea vs Mentha x piperita,111,down,7.7,-3.7,PLYF_ASPFC,mRNA_2785,"pectate lyase activity//lyase activity//carbon-oxygen lyase activity//catalytic activity//carbon-oxygen lyase activity, acting on polysaccharides//molecular_function",GO,ATGAAGTTCTCGGCCATTTTTGGGCTTACGCCACTTATCGCCTCAACGGCTCTCGCCTGCAACGGTTACACTGGTGGTGTGCCCGTGGCCACCAACACTGTCTCTAAATCTACCTACATCGAGGTCAAGGCCGGCGAGGTCTACGACGGCCAATGGCAGCGTTTCGACCGCGGCAGCGGTGCTTGCGGTGGCGATAACGAAGGCGACTACAAAGATGCCGTCTTCTACCTTCGCGCCGGTGCTACCCTGAAGAACGCAATCATCGGCAAGAACCAGGCAGAGGGTGTTCACTGCGATGGCCACTGCACCCTTGAGTTTGTCTGGTTCGAAGACGTCTGCGAGGACGCCATTTCCATCAAGAACGACAAGGCTGGTGCTCACTCCTGGATCATTGGCGGAGGCGCTTACAAGGCCTCGGATAAGGTCGTGCAGCATAACGGATGCGGGACCGTCAACATCATCAACTTCTTCGTCCAGGACTACGGGAAGTTATACCGTTCGTGCGGCAACTGCAAGCGTAACGTCTACATTGAGGGTGTAACGGCCAGGAACGGTGGAGAACTTGCGGGCATCAACAAGAACTTTGGTGATACTGCTACACTGAAGAATGTGTGCACTGATGCCAAGACTCCCTGCCAGTTCTACCAGGGATGCGCTGGTGGCTGTGAGCCTAAGAAGGACGGCGCTTGCTCCGGTTGA,NA
Brassica juncea vs Mentha x piperita,111,down,12.7,-5.8,-,mRNA_8458,NA,NA,ATGGCAATCTTCCCCGTCACACCAGACCAGAACACAAACGAAGAACCCGTTGACCGCACCCTTCCCGATTACACCGGCCCCGAACTCAGTGAGAAGACCTTTGAGCTTCAAGTCGTCTCAGGATCCGCGCCACCGCCGCCGGCACAGCAACAGCAACAGCAACAGACAGCCTCCGCCCCACGTTCGGTCCCGCGCTCTGTCCCTACCACCGGCTCCTATCTCGTCCAGCCGCCCCCGTACTATCCGGCAAACGGCAAGCCCACCAAAGGCTTTCACCCATCTCCTTCAGTCCCCCAACCGAAGCCGCTCCGCCTCGTTCGCCTCTCGCGCAAACGAAAGCCGCCCGTTCTCTACGAGTCCTCAACAAGGACCTTCATCCAGTCTCTGACGACCCTCACCTTCTCCCAACCCAAGACTCCGCGCTCTCCTCCGCCCTCCTACCACGACGACGCAGACCGCGGCAACGTTCAAGTCCATCACCCGACGCTCCGCAAACGCCCAGCCCCAAACATGGCCTCCGTCAACCCCACCATGCCCAAGGTATCCACCTCCTCGCCCCCCCTGCCCCCCTCCGGCCTCTTCCAAGCCGGCGCGGGCGGCGGAAGCCGTCCCGCGGCCTCCTCCAAGGAGGACCTCCTCGCTGACCTCCGCCGGCAGCTCGACGACTCGCGCGGTCGCCGCCGCCGCCGCTCGCGCAACAACAACAAGGCCCTCGCCGCCAAGGGGCAGGCCGGCCTCGAGGGCCCGGGCATCCTGCCGCGCCTGGCCGAGACGAAGCCCGTCAGGCTGCAGCTGGGGCTGAACTTGGATGTCGAGCTGGAGCTGAAGGCGAGGTTGCAGGGAGATGTCAGCCTGACGCTTCTGTGA,Novogene
Solanum tuberosum,111 vs 653,up,20.3,3,AOX_PODAS,mRNA_8451,"oxidoreductase activity//catalytic activity//oxidoreductase activity, acting on diphenols and related substances as donors//alternative oxidase activity//molecular_function//oxidoreductase activity, acting on diphenols and related substances as donors, oxygen as acceptor",GO,ATGCTCTCAGCAAGAACATCCACCAAGCTCTGTGCCCCTCGGCAAGCGGCCCAACTCGCAAGAGTTGTAGCCTTGTCCAGCAGCGGCCATATCTCCATCCTCGGCCACCCAGCAACCCTGCGAACGACGACTCTCTACCGCCCGTCCTCCCAGCGCAACTTTTCGAGCACCCCAGCCTCCCGCCTCCGTGACTTCTTCCCAGCCAAGGAGACGGAACAGATCCGCAAGACGGCGCCGGCATGGCCGCACGAGGGTTACTCCGAGGCCGACATGCTCGCCGTCGTGCCGGGCCACCGCGTCCCCGAGACCTGGGGCGACTGGGCTGCGTGGAAGTTTGTGCGCGTCGCCAGGTGGACGATGGACCGCGCAACGGGCTTGAAGCCTGAGCAGCAGGTTGACAAGAAGAATCCCACCACCGCCGTGGTGGCCAATGAGCCCTTGACAGAGGCACAGTGGCTCGTACGCTTCATCTTCCTGGAGAGCATAGCAGGAGTCCCAGGCATGGTCGCTGGCATGCTCCGCCATCTCGGCAGCCTTCGTCGCATGAAGCGCGACAACGGCTGGATCGAGACGCTGCTCGAGGAGTCTTACAATGAGCGCATGCATCTGCTGACCTTTATGAAGATGTCGGAGCCGGGCTGGTTCATGAAGGTCATGCTCATCGGTGCTCAGGGCGTCTTCTTCAACGGCATGTTCTTGTCGTATCTCGTCTCGCCCAAAATCACGCATCGCTTCGTCGGCTACCTCGAGGAGGAGGCCGTGCACACGTACTCGCGCTGCATCCGCGAGATCGAGGAAGGCCAACTGCCCAAGTGGTCGGATCCCAACTTTAACATTCCCGACCTGGCAGTGCAGTATTGGAACATTCCGGAGGGGAAGAGAACGATGCGTGATCTCATACTATACATCAGAGCTGATGAGGCTGTTCACCGCGGCGTCAACCACACGTTGAGTAACCTCAACCAGAATGAGGACCCAAATCCCTTCACCAGCGAGTACAAAGACGGTCACAAGCCGGCAGCAGCTCTCAAGCCGGCTGGGTACGAGAGGGCTGAGGTCATCTAG,NA
Mentha x piperita,653 vs 111,down,12.7,-3.2,-,mRNA_8458,NA,NA,ATGGCAATCTTCCCCGTCACACCAGACCAGAACACAAACGAAGAACCCGTTGACCGCACCCTTCCCGATTACACCGGCCCCGAACTCAGTGAGAAGACCTTTGAGCTTCAAGTCGTCTCAGGATCCGCGCCACCGCCGCCGGCACAGCAACAGCAACAGCAACAGACAGCCTCCGCCCCACGTTCGGTCCCGCGCTCTGTCCCTACCACCGGCTCCTATCTCGTCCAGCCGCCCCCGTACTATCCGGCAAACGGCAAGCCCACCAAAGGCTTTCACCCATCTCCTTCAGTCCCCCAACCGAAGCCGCTCCGCCTCGTTCGCCTCTCGCGCAAACGAAAGCCGCCCGTTCTCTACGAGTCCTCAACAAGGACCTTCATCCAGTCTCTGACGACCCTCACCTTCTCCCAACCCAAGACTCCGCGCTCTCCTCCGCCCTCCTACCACGACGACGCAGACCGCGGCAACGTTCAAGTCCATCACCCGACGCTCCGCAAACGCCCAGCCCCAAACATGGCCTCCGTCAACCCCACCATGCCCAAGGTATCCACCTCCTCGCCCCCCCTGCCCCCCTCCGGCCTCTTCCAAGCCGGCGCGGGCGGCGGAAGCCGTCCCGCGGCCTCCTCCAAGGAGGACCTCCTCGCTGACCTCCGCCGGCAGCTCGACGACTCGCGCGGTCGCCGCCGCCGCCGCTCGCGCAACAACAACAAGGCCCTCGCCGCCAAGGGGCAGGCCGGCCTCGAGGGCCCGGGCATCCTGCCGCGCCTGGCCGAGACGAAGCCCGTCAGGCTGCAGCTGGGGCTGAACTTGGATGTCGAGCTGGAGCTGAAGGCGAGGTTGCAGGGAGATGTCAGCCTGACGCTTCTGTGA,Novogene